arrival_lag_seconds,attempt_index,block_id,cache_counters_reported,cache_creation_tokens,cache_read_tokens,cache_state,campaign_plan_sha256,capability_design_role,capability_dimension,capability_probe_id,capability_state,capability_status,cell_id,choice_count,concurrency_ceiling,context_window_anchor_source,cost_attributed,coverage_classification,coverage_conclusive,coverage_tags,documentation_contract_sha256,documentation_status,ended_at,endpoint_id,epoch_id,error_type,estimated_cost_usd,estimated_target_input_tokens,finish_reason,functional_valid,generation_seconds,goodput_success,http_response_start_seconds,http_status,input_tokens,legacy_sse_chunk_span_output_tokens_per_second_proxy,legacy_sse_span_headline_eligible,malformed_validation_probe,mean_inter_token_seconds_proxy,model_contract_sha256,multi_choice,offered_rps,orphan_reason,output_tokens,output_tokens_per_second,output_tokens_per_second_metric_kind,phase,planning_absolute_error_tokens,planning_error_tokens,planning_tolerance_tokens,planning_within_tolerance,post_ttft_output_tokens_per_second_proxy,post_ttft_seconds,prefill_headline_eligible,prefill_proxy_tokens_per_second,provider_send_attempted,quality_score,quality_scored,rate_limited,raw_first_response_event_seconds,reconciliation_status,rendered_payload_sha256,repeat_index,request_hash,request_id,request_identity_sha256,request_payload_sha256,request_seconds,requested_input_tokens,requested_output_target,requested_output_unit,response_hash,retrieval_correct,run_id,schema_version,scientific_success,score_kind,scorer_contract_sha256,semantic_coverage_attempt,semantic_final_request_id,semantic_id,server_error,server_reported_input_tokens,shape,source_id,source_kind,source_request_id,started_at,status,stream_event_count,stream_first_event_kind,stream_mode,stream_seconds,supersedes_request_id,task_family,task_id,timeout,timing_metric_audit_classification,timing_metric_invalidity_reasons,transport_success,ttft_seconds,workload,workload_provenance
,0,,False,,,not_reported_unknown,9b3a59a06d74602751ccf15e6d05877bb0120a14075b65a4e9a8e2288d6febd7,,,cap-pairwise-08,,,do-close-cell-ec92ed96be883402f2f497a876ccd85c379ac6e8af5358189894f7349198be90,1,,,True,,,"[""parameter_interactions""]",,,2026-08-24T22:32:30.465569+00:00,gemma-4-31B-it,,ProviderHTTPError,0.000142,,,False,,False,,403,,,False,False,,,False,,request_payload_sha256_mismatch,,,,control_before,,,,,,,False,,True,0.0,True,False,,orphaned,c1034994e3c5048707db4258e7bf6ea232aac66a2558194ccdfffabbadcab5d0,,3df5cafb1b77960167623e45b709648e7969dbb01dbcbe51e2d36a67f2c52312,do-close-request-3dc203943d768cf80b3005c6a6dd,ec92ed96be883402f2f497a876ccd85c379ac6e8af5358189894f7349198be90,3df5cafb1b77960167623e45b709648e7969dbb01dbcbe51e2d36a67f2c52312,5.091123027988942,,32,tokens,,,do-matched-closure-20260824-r1,digitalocean_public_request_v2,False,transport,,False,do-close-request-cf1fb51630492d6be3e5753eb9ff,do-close-cell-ec92ed96be883402f2f497a876ccd85c379ac6e8af5358189894f7349198be90,False,,matched_control_closure,do-matched-closure-20260824-r1,direct_completion,,2026-08-24T22:32:25.374399+00:00,client_rejection,,,unknown,,,,cap-pairwise-08,False,invalid_or_censored,"[""not_streamed_ttft_unobservable""]",False,,parameter_interactions,request_declared
,0,,False,,,not_reported_unknown,9b3a59a06d74602751ccf15e6d05877bb0120a14075b65a4e9a8e2288d6febd7,,,extended-parameters-1,,,do-close-cell-787253fd65b79b5ac45a6b4bd8a4d3240cd29729ee12835c943f60c9774a66a0,1,,,True,,,"[""parameter_interactions""]",,,2026-08-24T22:32:30.476153+00:00,kimi-k3,,ProviderHTTPError,0.002451,,,False,,False,,403,,,False,False,,,False,,request_payload_sha256_mismatch,,,,control_before,,,,,,,False,,True,0.0,True,False,,orphaned,ddb7ecb443c8fe68fe617e5fcc92dc5c62c53eab2e4437f32f6d6186c95a20ec,,656d58d3c9dc7ea83a34841cb6c075dcbc03552ffe12a04c9baa0f895bcbc61f,do-close-request-796cfe67f0e4c0891ae07bd2126f,787253fd65b79b5ac45a6b4bd8a4d3240cd29729ee12835c943f60c9774a66a0,656d58d3c9dc7ea83a34841cb6c075dcbc03552ffe12a04c9baa0f895bcbc61f,5.104024042986566,,32,tokens,,,do-matched-closure-20260824-r1,digitalocean_public_request_v2,False,transport,,False,do-close-request-c2fbbca3de368c21f0cfb54a5b0c,do-close-cell-787253fd65b79b5ac45a6b4bd8a4d3240cd29729ee12835c943f60c9774a66a0,False,,matched_control_closure,do-matched-closure-20260824-r1,direct_completion,,2026-08-24T22:32:25.372082+00:00,client_rejection,,,unknown,,,,cap-extended-1,False,invalid_or_censored,"[""not_streamed_ttft_unobservable""]",False,,parameter_interactions,request_declared
,0,,False,,,not_reported_unknown,9b3a59a06d74602751ccf15e6d05877bb0120a14075b65a4e9a8e2288d6febd7,,,cap-pairwise-15,,,do-close-cell-9955d53b04a53d5b10db579c7675821344976e0e73adb1791aacce30c360bc9d,1,,,True,,,"[""parameter_interactions""]",,,2026-08-24T22:32:30.483879+00:00,qwen3.8-max,,ProviderHTTPError,0.001592,,,False,,False,,403,,,False,False,,,False,,request_payload_sha256_mismatch,,,,control_before,,,,,,,False,,True,0.0,True,False,,orphaned,070afddae65dc113acc2cae145b8b141c348c60e7a23da8df2da343712de9eda,,cf2ec9a4c8966784de27532359e9f4d31b6110adae30193f1e0f4c2005a4eb5b,do-close-request-f64496774b504d2a0bfe28cd8cac,9955d53b04a53d5b10db579c7675821344976e0e73adb1791aacce30c360bc9d,cf2ec9a4c8966784de27532359e9f4d31b6110adae30193f1e0f4c2005a4eb5b,5.10706013199524,,32,tokens,,,do-matched-closure-20260824-r1,digitalocean_public_request_v2,False,transport,,False,do-close-request-f9a3461624f8f5a0074b0fbf4742,do-close-cell-9955d53b04a53d5b10db579c7675821344976e0e73adb1791aacce30c360bc9d,False,,matched_control_closure,do-matched-closure-20260824-r1,direct_completion,,2026-08-24T22:32:25.376726+00:00,client_rejection,,,unknown,,,,cap-pairwise-15,False,invalid_or_censored,"[""not_streamed_ttft_unobservable""]",False,,parameter_interactions,request_declared
,0,,False,,,not_reported_unknown,9b3a59a06d74602751ccf15e6d05877bb0120a14075b65a4e9a8e2288d6febd7,,,cap-pairwise-06,,,do-close-cell-2516e38fede9bfa79a2029ae58311772d6508d66f532a0a07a20f9dbadcc5133,1,,,True,,,"[""parameter_interactions""]",,,2026-08-24T22:32:30.488179+00:00,qwen3.5-397b-a17b,,ProviderHTTPError,0.000497,,,False,,False,,403,,,False,False,,,False,,request_payload_sha256_mismatch,,,,control_before,,,,,,,False,,True,0.0,True,False,,orphaned,4353d876ba6920d0b8a280ca1498623ed77d1c02199c5790760be6b5f0147a30,,2682551c043fce0b9c060c09e5cc9722580a2b92ce32c08a4ea12d0651f60d32,do-close-request-bacaa3f02ce65017e3e49b48ea8b,2516e38fede9bfa79a2029ae58311772d6508d66f532a0a07a20f9dbadcc5133,2682551c043fce0b9c060c09e5cc9722580a2b92ce32c08a4ea12d0651f60d32,5.108961032005027,,32,tokens,,,do-matched-closure-20260824-r1,digitalocean_public_request_v2,False,transport,,False,do-close-request-e3402f6b9365c43db86e7f78641e,do-close-cell-2516e38fede9bfa79a2029ae58311772d6508d66f532a0a07a20f9dbadcc5133,False,,matched_control_closure,do-matched-closure-20260824-r1,direct_completion,,2026-08-24T22:32:25.379162+00:00,client_rejection,,,unknown,,,,cap-pairwise-06,False,invalid_or_censored,"[""not_streamed_ttft_unobservable""]",False,,parameter_interactions,request_declared
,0,,False,,,not_reported_unknown,9b3a59a06d74602751ccf15e6d05877bb0120a14075b65a4e9a8e2288d6febd7,,,cap-pairwise-08,,inconclusive,do-close-cell-ec92ed96be883402f2f497a876ccd85c379ac6e8af5358189894f7349198be90,1,,,True,matched_control_inconclusive,False,"[""parameter_interactions""]",,,2026-08-24T22:32:35.501172+00:00,gemma-4-31B-it,,ProviderHTTPError,0.0001976,,,False,,False,,403,,,False,False,,,False,,request_payload_sha256_mismatch,,,,probe,,,,,,,False,,True,0.0,True,False,,orphaned,c1034994e3c5048707db4258e7bf6ea232aac66a2558194ccdfffabbadcab5d0,,f3df05514d03408922f505ee1c2ceab1eb3d8fddd1ff5f15c495193ece56843b,do-close-request-cf1fb51630492d6be3e5753eb9ff,ec92ed96be883402f2f497a876ccd85c379ac6e8af5358189894f7349198be90,f3df05514d03408922f505ee1c2ceab1eb3d8fddd1ff5f15c495193ece56843b,5.030582620005589,,64,tokens,,,do-matched-closure-20260824-r1,digitalocean_public_request_v2,False,transport,,True,do-close-request-cf1fb51630492d6be3e5753eb9ff,do-close-cell-ec92ed96be883402f2f497a876ccd85c379ac6e8af5358189894f7349198be90,False,,matched_control_closure,do-matched-closure-20260824-r1,direct_completion,,2026-08-24T22:32:30.470550+00:00,client_rejection,,,unknown,,,,cap-pairwise-08,False,invalid_or_censored,"[""not_streamed_ttft_unobservable""]",False,,parameter_interactions,request_declared
,0,,False,,,not_reported_unknown,9b3a59a06d74602751ccf15e6d05877bb0120a14075b65a4e9a8e2288d6febd7,,,extended-parameters-1,,inconclusive,do-close-cell-787253fd65b79b5ac45a6b4bd8a4d3240cd29729ee12835c943f60c9774a66a0,1,,,True,matched_control_inconclusive,False,"[""parameter_interactions""]",,,2026-08-24T22:32:35.511208+00:00,kimi-k3,,ProviderHTTPError,0.00319485,,,False,,False,,403,,,False,False,,,False,,request_payload_sha256_mismatch,,,,probe,,,,,,,False,,True,0.0,True,False,,orphaned,ddb7ecb443c8fe68fe617e5fcc92dc5c62c53eab2e4437f32f6d6186c95a20ec,,1cb63a7d3329672ce4bab83b59d974d1dae680258dde64bd81752167e334538c,do-close-request-c2fbbca3de368c21f0cfb54a5b0c,787253fd65b79b5ac45a6b4bd8a4d3240cd29729ee12835c943f60c9774a66a0,1cb63a7d3329672ce4bab83b59d974d1dae680258dde64bd81752167e334538c,5.0302646690106485,,64,tokens,,,do-matched-closure-20260824-r1,digitalocean_public_request_v2,False,transport,,True,do-close-request-c2fbbca3de368c21f0cfb54a5b0c,do-close-cell-787253fd65b79b5ac45a6b4bd8a4d3240cd29729ee12835c943f60c9774a66a0,False,,matched_control_closure,do-matched-closure-20260824-r1,direct_completion,,2026-08-24T22:32:30.480901+00:00,client_rejection,,,unknown,,,,cap-extended-1,False,invalid_or_censored,"[""not_streamed_ttft_unobservable""]",False,,parameter_interactions,request_declared
,0,,False,,,not_reported_unknown,9b3a59a06d74602751ccf15e6d05877bb0120a14075b65a4e9a8e2288d6febd7,,,cap-pairwise-06,,inconclusive,do-close-cell-2516e38fede9bfa79a2029ae58311772d6508d66f532a0a07a20f9dbadcc5133,1,,,True,matched_control_inconclusive,False,"[""parameter_interactions""]",,,2026-08-24T22:32:35.519680+00:00,qwen3.5-397b-a17b,,ProviderHTTPError,0.0007014000000000001,,,False,,False,,403,,,False,False,,,False,,request_payload_sha256_mismatch,,,,probe,,,,,,,False,,True,0.0,True,False,,orphaned,4353d876ba6920d0b8a280ca1498623ed77d1c02199c5790760be6b5f0147a30,,02d1132f323fd56863442e3d1bcb2cd00ddaa4d12e9042f5478164fd3ff3c080,do-close-request-e3402f6b9365c43db86e7f78641e,2516e38fede9bfa79a2029ae58311772d6508d66f532a0a07a20f9dbadcc5133,02d1132f323fd56863442e3d1bcb2cd00ddaa4d12e9042f5478164fd3ff3c080,5.027268067991827,,64,tokens,,,do-matched-closure-20260824-r1,digitalocean_public_request_v2,False,transport,,True,do-close-request-e3402f6b9365c43db86e7f78641e,do-close-cell-2516e38fede9bfa79a2029ae58311772d6508d66f532a0a07a20f9dbadcc5133,False,,matched_control_closure,do-matched-closure-20260824-r1,direct_completion,,2026-08-24T22:32:30.492368+00:00,client_rejection,,,unknown,,,,cap-pairwise-06,False,invalid_or_censored,"[""not_streamed_ttft_unobservable""]",False,,parameter_interactions,request_declared
,0,,False,,,not_reported_unknown,9b3a59a06d74602751ccf15e6d05877bb0120a14075b65a4e9a8e2288d6febd7,,,cap-pairwise-15,,inconclusive,do-close-cell-9955d53b04a53d5b10db579c7675821344976e0e73adb1791aacce30c360bc9d,1,,,True,matched_control_inconclusive,False,"[""parameter_interactions""]",,,2026-08-24T22:32:35.525254+00:00,qwen3.8-max,,ProviderHTTPError,0.027126,,,False,,False,,403,,,False,False,,,False,,request_payload_sha256_mismatch,,,,probe,,,,,,,False,,True,0.0,True,False,,orphaned,070afddae65dc113acc2cae145b8b141c348c60e7a23da8df2da343712de9eda,,c05ee8b43a7b898d364101d42dcbd96a8269bb6a3e188f11bbd6c1037200f73d,do-close-request-f9a3461624f8f5a0074b0fbf4742,9955d53b04a53d5b10db579c7675821344976e0e73adb1791aacce30c360bc9d,c05ee8b43a7b898d364101d42dcbd96a8269bb6a3e188f11bbd6c1037200f73d,5.037182150001172,,4096,tokens,,,do-matched-closure-20260824-r1,digitalocean_public_request_v2,False,transport,,True,do-close-request-f9a3461624f8f5a0074b0fbf4742,do-close-cell-9955d53b04a53d5b10db579c7675821344976e0e73adb1791aacce30c360bc9d,False,,matched_control_closure,do-matched-closure-20260824-r1,direct_completion,,2026-08-24T22:32:30.488037+00:00,client_rejection,,,unknown,,,,cap-pairwise-15,False,invalid_or_censored,"[""not_streamed_ttft_unobservable""]",False,,parameter_interactions,request_declared
,0,,False,,,not_reported_unknown,9b3a59a06d74602751ccf15e6d05877bb0120a14075b65a4e9a8e2288d6febd7,,,cap-pairwise-08,,,do-close-cell-ec92ed96be883402f2f497a876ccd85c379ac6e8af5358189894f7349198be90,1,,,True,,,"[""parameter_interactions""]",,,2026-08-24T22:32:40.524510+00:00,gemma-4-31B-it,,ProviderHTTPError,0.000142,,,False,,False,,403,,,False,False,,,False,,request_payload_sha256_mismatch,,,,control_after,,,,,,,False,,True,0.0,True,False,,orphaned,c1034994e3c5048707db4258e7bf6ea232aac66a2558194ccdfffabbadcab5d0,,f899f82c40ef67e4278d36cfb4cb4cda82153a3f1552cf54eb60fc8e3639562b,do-close-request-2b20a675f9d0b3e8907034923e5a,ec92ed96be883402f2f497a876ccd85c379ac6e8af5358189894f7349198be90,f899f82c40ef67e4278d36cfb4cb4cda82153a3f1552cf54eb60fc8e3639562b,5.018584540026495,,32,tokens,,,do-matched-closure-20260824-r1,digitalocean_public_request_v2,False,transport,,False,do-close-request-cf1fb51630492d6be3e5753eb9ff,do-close-cell-ec92ed96be883402f2f497a876ccd85c379ac6e8af5358189894f7349198be90,False,,matched_control_closure,do-matched-closure-20260824-r1,direct_completion,,2026-08-24T22:32:35.505885+00:00,client_rejection,,,unknown,,,,cap-pairwise-08,False,invalid_or_censored,"[""not_streamed_ttft_unobservable""]",False,,parameter_interactions,request_declared
,0,,False,,,not_reported_unknown,9b3a59a06d74602751ccf15e6d05877bb0120a14075b65a4e9a8e2288d6febd7,,,extended-parameters-1,,,do-close-cell-787253fd65b79b5ac45a6b4bd8a4d3240cd29729ee12835c943f60c9774a66a0,1,,,True,,,"[""parameter_interactions""]",,,2026-08-24T22:32:40.535514+00:00,kimi-k3,,ProviderHTTPError,0.002451,,,False,,False,,403,,,False,False,,,False,,request_payload_sha256_mismatch,,,,control_after,,,,,,,False,,True,0.0,True,False,,orphaned,ddb7ecb443c8fe68fe617e5fcc92dc5c62c53eab2e4437f32f6d6186c95a20ec,,9c0a08b8ac583f5f385cae9a0cf7f7d2124102212327865945dbf999d4d1e5a6,do-close-request-9714a1e7f374df6431f33141ac33,787253fd65b79b5ac45a6b4bd8a4d3240cd29729ee12835c943f60c9774a66a0,9c0a08b8ac583f5f385cae9a0cf7f7d2124102212327865945dbf999d4d1e5a6,5.019977856980404,,32,tokens,,,do-matched-closure-20260824-r1,digitalocean_public_request_v2,False,transport,,False,do-close-request-c2fbbca3de368c21f0cfb54a5b0c,do-close-cell-787253fd65b79b5ac45a6b4bd8a4d3240cd29729ee12835c943f60c9774a66a0,False,,matched_control_closure,do-matched-closure-20260824-r1,direct_completion,,2026-08-24T22:32:35.515499+00:00,client_rejection,,,unknown,,,,cap-extended-1,False,invalid_or_censored,"[""not_streamed_ttft_unobservable""]",False,,parameter_interactions,request_declared
,0,,False,,,not_reported_unknown,9b3a59a06d74602751ccf15e6d05877bb0120a14075b65a4e9a8e2288d6febd7,,,cap-pairwise-06,,,do-close-cell-2516e38fede9bfa79a2029ae58311772d6508d66f532a0a07a20f9dbadcc5133,1,,,True,,,"[""parameter_interactions""]",,,2026-08-24T22:32:40.546337+00:00,qwen3.5-397b-a17b,,ProviderHTTPError,0.000497,,,False,,False,,403,,,False,False,,,False,,request_payload_sha256_mismatch,,,,control_after,,,,,,,False,,True,0.0,True,False,,orphaned,4353d876ba6920d0b8a280ca1498623ed77d1c02199c5790760be6b5f0147a30,,f0c01e309aaae59a6592fd50faf58272f384ced8f50d2a234d457e1fb4b73280,do-close-request-bf051a849c4fff0ee0d3db2c66bc,2516e38fede9bfa79a2029ae58311772d6508d66f532a0a07a20f9dbadcc5133,f0c01e309aaae59a6592fd50faf58272f384ced8f50d2a234d457e1fb4b73280,5.022690883022733,,32,tokens,,,do-matched-closure-20260824-r1,digitalocean_public_request_v2,False,transport,,False,do-close-request-e3402f6b9365c43db86e7f78641e,do-close-cell-2516e38fede9bfa79a2029ae58311772d6508d66f532a0a07a20f9dbadcc5133,False,,matched_control_closure,do-matched-closure-20260824-r1,direct_completion,,2026-08-24T22:32:35.523611+00:00,client_rejection,,,unknown,,,,cap-pairwise-06,False,invalid_or_censored,"[""not_streamed_ttft_unobservable""]",False,,parameter_interactions,request_declared
,0,,False,,,not_reported_unknown,9b3a59a06d74602751ccf15e6d05877bb0120a14075b65a4e9a8e2288d6febd7,,,cap-pairwise-15,,,do-close-cell-9955d53b04a53d5b10db579c7675821344976e0e73adb1791aacce30c360bc9d,1,,,True,,,"[""parameter_interactions""]",,,2026-08-24T22:32:40.556942+00:00,qwen3.8-max,,ProviderHTTPError,0.001592,,,False,,False,,403,,,False,False,,,False,,request_payload_sha256_mismatch,,,,control_after,,,,,,,False,,True,0.0,True,False,,orphaned,070afddae65dc113acc2cae145b8b141c348c60e7a23da8df2da343712de9eda,,b041f1198e19f20066efa147f85beb015e42e68db4156d26cd7e2dd972512bb8,do-close-request-41f9ed50ae872bfd1fa0f2e4118c,9955d53b04a53d5b10db579c7675821344976e0e73adb1791aacce30c360bc9d,b041f1198e19f20066efa147f85beb015e42e68db4156d26cd7e2dd972512bb8,5.028110874001868,,32,tokens,,,do-matched-closure-20260824-r1,digitalocean_public_request_v2,False,transport,,False,do-close-request-f9a3461624f8f5a0074b0fbf4742,do-close-cell-9955d53b04a53d5b10db579c7675821344976e0e73adb1791aacce30c360bc9d,False,,matched_control_closure,do-matched-closure-20260824-r1,direct_completion,,2026-08-24T22:32:35.528796+00:00,client_rejection,,,unknown,,,,cap-pairwise-15,False,invalid_or_censored,"[""not_streamed_ttft_unobservable""]",False,,parameter_interactions,request_declared
,0,,False,,,not_reported_unknown,9b3a59a06d74602751ccf15e6d05877bb0120a14075b65a4e9a8e2288d6febd7,,,cap-pairwise-15,,,do-close-cell-3454890f5d53f2b62ea55f8f3b54a532b8b074a31e6f36ca19eb49eeff0a7577,1,,,True,,,"[""parameter_interactions""]",,,2026-08-24T22:32:45.549046+00:00,gemma-4-31B-it,,ProviderHTTPError,0.000142,,,False,,False,,403,,,False,False,,,False,,request_payload_sha256_mismatch,,,,control_before,,,,,,,False,,True,0.0,True,False,,orphaned,493fb73d5ebd6f7874f78c412b44354f19e6a31e937e1daa758e958c87fb1397,,2f838c35161518c23ec3ee8c44e221105641fa57dd237ca431476a434b3dd3eb,do-close-request-b8557bde752b8e85bd69d9e54b0c,3454890f5d53f2b62ea55f8f3b54a532b8b074a31e6f36ca19eb49eeff0a7577,2f838c35161518c23ec3ee8c44e221105641fa57dd237ca431476a434b3dd3eb,5.017019764025463,,32,tokens,,,do-matched-closure-20260824-r1,digitalocean_public_request_v2,False,transport,,False,do-close-request-6d68f9085de5616030299993eaba,do-close-cell-3454890f5d53f2b62ea55f8f3b54a532b8b074a31e6f36ca19eb49eeff0a7577,False,,matched_control_closure,do-matched-closure-20260824-r1,direct_completion,,2026-08-24T22:32:40.531983+00:00,client_rejection,,,unknown,,,,cap-pairwise-15,False,invalid_or_censored,"[""not_streamed_ttft_unobservable""]",False,,parameter_interactions,request_declared
,0,,False,,,not_reported_unknown,9b3a59a06d74602751ccf15e6d05877bb0120a14075b65a4e9a8e2288d6febd7,,,extended-parameters-2,,,do-close-cell-aae816e03336c7fe228dd19530460f011bf501b3683930e693f30014b6a5b5f8,1,,,True,,,"[""parameter_interactions""]",,,2026-08-24T22:32:45.557561+00:00,kimi-k3,,ProviderHTTPError,0.002451,,,False,,False,,403,,,False,False,,,False,,request_payload_sha256_mismatch,,,,control_before,,,,,,,False,,True,0.0,True,False,,orphaned,c910a15c5865e1fa756092bb2a96873acfa49973d7516e5913e00c7ace6c0ad5,,975adc4f1b4ef3e2d5bbd9af1bef0de44821e3726ba1b3f127278814fd6e0f8f,do-close-request-d823983e037f0a0deebfb2dc053e,aae816e03336c7fe228dd19530460f011bf501b3683930e693f30014b6a5b5f8,975adc4f1b4ef3e2d5bbd9af1bef0de44821e3726ba1b3f127278814fd6e0f8f,5.01549829801661,,32,tokens,,,do-matched-closure-20260824-r1,digitalocean_public_request_v2,False,transport,,False,do-close-request-12b46f01d783957bdbe82a963d50,do-close-cell-aae816e03336c7fe228dd19530460f011bf501b3683930e693f30014b6a5b5f8,False,,matched_control_closure,do-matched-closure-20260824-r1,direct_completion,,2026-08-24T22:32:40.542022+00:00,client_rejection,,,unknown,,,,cap-extended-2,False,invalid_or_censored,"[""not_streamed_ttft_unobservable""]",False,,parameter_interactions,request_declared
,0,,False,,,not_reported_unknown,9b3a59a06d74602751ccf15e6d05877bb0120a14075b65a4e9a8e2288d6febd7,,,cap-pairwise-15,,,do-close-cell-c0c08238921716fc413088852b70e8244236ae84150952ffdb4739ada7bc0020,1,,,True,,,"[""parameter_interactions""]",,,2026-08-24T22:32:45.572350+00:00,qwen3.5-397b-a17b,,ProviderHTTPError,0.000497,,,False,,False,,403,,,False,False,,,False,,request_payload_sha256_mismatch,,,,control_before,,,,,,,False,,True,0.0,True,False,,orphaned,98b28c7877994e867d7da081ffde953765796225de0cdea6aac49db2cb922f3d,,92bd19aba5f51a86c6657fd7cb64c7b97e65a5380f8ec616308e75b0311a6d80,do-close-request-9864b14abe08aa9e06d8c477338e,c0c08238921716fc413088852b70e8244236ae84150952ffdb4739ada7bc0020,92bd19aba5f51a86c6657fd7cb64c7b97e65a5380f8ec616308e75b0311a6d80,5.019005998008652,,32,tokens,,,do-matched-closure-20260824-r1,digitalocean_public_request_v2,False,transport,,False,do-close-request-7163a1792ec7e5ac56910daadcb3,do-close-cell-c0c08238921716fc413088852b70e8244236ae84150952ffdb4739ada7bc0020,False,,matched_control_closure,do-matched-closure-20260824-r1,direct_completion,,2026-08-24T22:32:40.553304+00:00,client_rejection,,,unknown,,,,cap-pairwise-15,False,invalid_or_censored,"[""not_streamed_ttft_unobservable""]",False,,parameter_interactions,request_declared
,0,,False,,,not_reported_unknown,9b3a59a06d74602751ccf15e6d05877bb0120a14075b65a4e9a8e2288d6febd7,,,cap-pairwise-32,,,do-close-cell-6e67fc4cad65a5642fe4903025a4cfe465b58f1f2349b631fc09977f2d7cb146,1,,,True,,,"[""parameter_interactions""]",,,2026-08-24T22:32:45.585229+00:00,qwen3.8-max,,ProviderHTTPError,0.001592,,,False,,False,,403,,,False,False,,,False,,request_payload_sha256_mismatch,,,,control_before,,,,,,,False,,True,0.0,True,False,,orphaned,bcda6f750fbce44c0d61b17e940b4dd080c258629d6c0a485dbaa5a31c045249,,42636077ad6285f978054810095e20aa6f572eabb12a712e75f3bd116a71a253,do-close-request-969e0c69daf5fee04a8c35d5aa6d,6e67fc4cad65a5642fe4903025a4cfe465b58f1f2349b631fc09977f2d7cb146,42636077ad6285f978054810095e20aa6f572eabb12a712e75f3bd116a71a253,5.021856725012185,,32,tokens,,,do-matched-closure-20260824-r1,digitalocean_public_request_v2,False,transport,,False,do-close-request-3e5f68ae8c3dd2c3967b8a1f933d,do-close-cell-6e67fc4cad65a5642fe4903025a4cfe465b58f1f2349b631fc09977f2d7cb146,False,,matched_control_closure,do-matched-closure-20260824-r1,direct_completion,,2026-08-24T22:32:40.563333+00:00,client_rejection,,,unknown,,,,cap-pairwise-32,False,invalid_or_censored,"[""not_streamed_ttft_unobservable""]",False,,parameter_interactions,request_declared
,0,,False,,,not_reported_unknown,9b3a59a06d74602751ccf15e6d05877bb0120a14075b65a4e9a8e2288d6febd7,,,cap-pairwise-15,,inconclusive,do-close-cell-3454890f5d53f2b62ea55f8f3b54a532b8b074a31e6f36ca19eb49eeff0a7577,1,,,True,matched_control_inconclusive,False,"[""parameter_interactions""]",,,2026-08-24T22:32:50.572263+00:00,gemma-4-31B-it,,ProviderHTTPError,0.0022775,,,False,,False,,403,,,False,False,,,False,,request_payload_sha256_mismatch,,,,probe,,,,,,,False,,True,0.0,True,False,,orphaned,493fb73d5ebd6f7874f78c412b44354f19e6a31e937e1daa758e958c87fb1397,,9a5cd8347665826e0bfe2f03f77b466442baad8f88a84611df008859649f17dd,do-close-request-6d68f9085de5616030299993eaba,3454890f5d53f2b62ea55f8f3b54a532b8b074a31e6f36ca19eb49eeff0a7577,9a5cd8347665826e0bfe2f03f77b466442baad8f88a84611df008859649f17dd,5.018293799017556,,4096,tokens,,,do-matched-closure-20260824-r1,digitalocean_public_request_v2,False,transport,,True,do-close-request-6d68f9085de5616030299993eaba,do-close-cell-3454890f5d53f2b62ea55f8f3b54a532b8b074a31e6f36ca19eb49eeff0a7577,False,,matched_control_closure,do-matched-closure-20260824-r1,direct_completion,,2026-08-24T22:32:45.553927+00:00,client_rejection,,,unknown,,,,cap-pairwise-15,False,invalid_or_censored,"[""not_streamed_ttft_unobservable""]",False,,parameter_interactions,request_declared
,0,,False,,,not_reported_unknown,9b3a59a06d74602751ccf15e6d05877bb0120a14075b65a4e9a8e2288d6febd7,,,extended-parameters-2,,inconclusive,do-close-cell-aae816e03336c7fe228dd19530460f011bf501b3683930e693f30014b6a5b5f8,1,,,True,matched_control_inconclusive,False,"[""parameter_interactions""]",,,2026-08-24T22:32:50.581030+00:00,kimi-k3,,ProviderHTTPError,0.00314355,,,False,,False,,403,,,False,False,,,False,,request_payload_sha256_mismatch,,,,probe,,,,,,,False,,True,0.0,True,False,,orphaned,c910a15c5865e1fa756092bb2a96873acfa49973d7516e5913e00c7ace6c0ad5,,8c25780532f7b48f10984535c078de8615265bd0660cda14b1c132090391b5f2,do-close-request-12b46f01d783957bdbe82a963d50,aae816e03336c7fe228dd19530460f011bf501b3683930e693f30014b6a5b5f8,8c25780532f7b48f10984535c078de8615265bd0660cda14b1c132090391b5f2,5.019100831006654,,64,tokens,,,do-matched-closure-20260824-r1,digitalocean_public_request_v2,False,transport,,True,do-close-request-12b46f01d783957bdbe82a963d50,do-close-cell-aae816e03336c7fe228dd19530460f011bf501b3683930e693f30014b6a5b5f8,False,,matched_control_closure,do-matched-closure-20260824-r1,direct_completion,,2026-08-24T22:32:45.561891+00:00,client_rejection,,,unknown,,,,cap-extended-2,False,invalid_or_censored,"[""not_streamed_ttft_unobservable""]",False,,parameter_interactions,request_declared
,0,,False,,,not_reported_unknown,9b3a59a06d74602751ccf15e6d05877bb0120a14075b65a4e9a8e2288d6febd7,,,cap-pairwise-15,,inconclusive,do-close-cell-c0c08238921716fc413088852b70e8244236ae84150952ffdb4739ada7bc0020,1,,,True,matched_control_inconclusive,False,"[""parameter_interactions""]",,,2026-08-24T22:32:50.595580+00:00,qwen3.5-397b-a17b,,ProviderHTTPError,0.01503725,,,False,,False,,403,,,False,False,,,False,,request_payload_sha256_mismatch,,,,probe,,,,,,,False,,True,0.0,True,False,,orphaned,98b28c7877994e867d7da081ffde953765796225de0cdea6aac49db2cb922f3d,,a4fe2ac85885e9ee6ab38338100e8e901ab58b1d9fd5deefa55e5b8577421d25,do-close-request-7163a1792ec7e5ac56910daadcb3,c0c08238921716fc413088852b70e8244236ae84150952ffdb4739ada7bc0020,a4fe2ac85885e9ee6ab38338100e8e901ab58b1d9fd5deefa55e5b8577421d25,5.018468971014954,,4096,tokens,,,do-matched-closure-20260824-r1,digitalocean_public_request_v2,False,transport,,True,do-close-request-7163a1792ec7e5ac56910daadcb3,do-close-cell-c0c08238921716fc413088852b70e8244236ae84150952ffdb4739ada7bc0020,False,,matched_control_closure,do-matched-closure-20260824-r1,direct_completion,,2026-08-24T22:32:45.577070+00:00,client_rejection,,,unknown,,,,cap-pairwise-15,False,invalid_or_censored,"[""not_streamed_ttft_unobservable""]",False,,parameter_interactions,request_declared
,0,,False,,,not_reported_unknown,9b3a59a06d74602751ccf15e6d05877bb0120a14075b65a4e9a8e2288d6febd7,,,cap-pairwise-32,,inconclusive,do-close-cell-6e67fc4cad65a5642fe4903025a4cfe465b58f1f2349b631fc09977f2d7cb146,1,,,True,matched_control_inconclusive,False,"[""parameter_interactions""]",,,2026-08-24T22:32:50.609210+00:00,qwen3.8-max,,ProviderHTTPError,0.002222,,,False,,False,,403,,,False,False,,,False,,request_payload_sha256_mismatch,,,,probe,,,,,,,False,,True,0.0,True,False,,orphaned,bcda6f750fbce44c0d61b17e940b4dd080c258629d6c0a485dbaa5a31c045249,,1e227bdc145fd6d83760a5825f6843ba45cf75e1f7874efc76da4f8ac329fea1,do-close-request-3e5f68ae8c3dd2c3967b8a1f933d,6e67fc4cad65a5642fe4903025a4cfe465b58f1f2349b631fc09977f2d7cb146,1e227bdc145fd6d83760a5825f6843ba45cf75e1f7874efc76da4f8ac329fea1,5.019227626005886,,64,tokens,,,do-matched-closure-20260824-r1,digitalocean_public_request_v2,False,transport,,True,do-close-request-3e5f68ae8c3dd2c3967b8a1f933d,do-close-cell-6e67fc4cad65a5642fe4903025a4cfe465b58f1f2349b631fc09977f2d7cb146,False,,matched_control_closure,do-matched-closure-20260824-r1,direct_completion,,2026-08-24T22:32:45.589940+00:00,client_rejection,,,unknown,,,,cap-pairwise-32,False,invalid_or_censored,"[""not_streamed_ttft_unobservable""]",False,,parameter_interactions,request_declared
,0,,False,,,not_reported_unknown,9b3a59a06d74602751ccf15e6d05877bb0120a14075b65a4e9a8e2288d6febd7,,,cap-pairwise-15,,,do-close-cell-3454890f5d53f2b62ea55f8f3b54a532b8b074a31e6f36ca19eb49eeff0a7577,1,,,True,,,"[""parameter_interactions""]",,,2026-08-24T22:32:55.596673+00:00,gemma-4-31B-it,,ProviderHTTPError,0.000142,,,False,,False,,403,,,False,False,,,False,,request_payload_sha256_mismatch,,,,control_after,,,,,,,False,,True,0.0,True,False,,orphaned,493fb73d5ebd6f7874f78c412b44354f19e6a31e937e1daa758e958c87fb1397,,36d0f2a9048f49a96cc222fc08ade83696174351a414544c3f8fc38699a68071,do-close-request-8061b146dbb7c2bcdded640ea12b,3454890f5d53f2b62ea55f8f3b54a532b8b074a31e6f36ca19eb49eeff0a7577,36d0f2a9048f49a96cc222fc08ade83696174351a414544c3f8fc38699a68071,5.019262699002866,,32,tokens,,,do-matched-closure-20260824-r1,digitalocean_public_request_v2,False,transport,,False,do-close-request-6d68f9085de5616030299993eaba,do-close-cell-3454890f5d53f2b62ea55f8f3b54a532b8b074a31e6f36ca19eb49eeff0a7577,False,,matched_control_closure,do-matched-closure-20260824-r1,direct_completion,,2026-08-24T22:32:50.577368+00:00,client_rejection,,,unknown,,,,cap-pairwise-15,False,invalid_or_censored,"[""not_streamed_ttft_unobservable""]",False,,parameter_interactions,request_declared
,0,,False,,,not_reported_unknown,9b3a59a06d74602751ccf15e6d05877bb0120a14075b65a4e9a8e2288d6febd7,,,extended-parameters-2,,,do-close-cell-aae816e03336c7fe228dd19530460f011bf501b3683930e693f30014b6a5b5f8,1,,,True,,,"[""parameter_interactions""]",,,2026-08-24T22:32:55.607194+00:00,kimi-k3,,ProviderHTTPError,0.002451,,,False,,False,,403,,,False,False,,,False,,request_payload_sha256_mismatch,,,,control_after,,,,,,,False,,True,0.0,True,False,,orphaned,c910a15c5865e1fa756092bb2a96873acfa49973d7516e5913e00c7ace6c0ad5,,f9811829389007b91676caffa8ce61adecc94b3eaffd25b18295692a6e2fe9fd,do-close-request-0c97a9d6b9d79fb8bfd55f5cc3b9,aae816e03336c7fe228dd19530460f011bf501b3683930e693f30014b6a5b5f8,f9811829389007b91676caffa8ce61adecc94b3eaffd25b18295692a6e2fe9fd,5.021118970995303,,32,tokens,,,do-matched-closure-20260824-r1,digitalocean_public_request_v2,False,transport,,False,do-close-request-12b46f01d783957bdbe82a963d50,do-close-cell-aae816e03336c7fe228dd19530460f011bf501b3683930e693f30014b6a5b5f8,False,,matched_control_closure,do-matched-closure-20260824-r1,direct_completion,,2026-08-24T22:32:50.586036+00:00,client_rejection,,,unknown,,,,cap-extended-2,False,invalid_or_censored,"[""not_streamed_ttft_unobservable""]",False,,parameter_interactions,request_declared
,0,,False,,,not_reported_unknown,9b3a59a06d74602751ccf15e6d05877bb0120a14075b65a4e9a8e2288d6febd7,,,cap-pairwise-15,,,do-close-cell-c0c08238921716fc413088852b70e8244236ae84150952ffdb4739ada7bc0020,1,,,True,,,"[""parameter_interactions""]",,,2026-08-24T22:32:55.617130+00:00,qwen3.5-397b-a17b,,ProviderHTTPError,0.000497,,,False,,False,,403,,,False,False,,,False,,request_payload_sha256_mismatch,,,,control_after,,,,,,,False,,True,0.0,True,False,,orphaned,98b28c7877994e867d7da081ffde953765796225de0cdea6aac49db2cb922f3d,,584da8f3c2a1b40fa391828c64861f63f3813184976c5fc51fbb7dce2fb18550,do-close-request-f8bdfaba276393a0f22989521cd8,c0c08238921716fc413088852b70e8244236ae84150952ffdb4739ada7bc0020,584da8f3c2a1b40fa391828c64861f63f3813184976c5fc51fbb7dce2fb18550,5.016769423004007,,32,tokens,,,do-matched-closure-20260824-r1,digitalocean_public_request_v2,False,transport,,False,do-close-request-7163a1792ec7e5ac56910daadcb3,do-close-cell-c0c08238921716fc413088852b70e8244236ae84150952ffdb4739ada7bc0020,False,,matched_control_closure,do-matched-closure-20260824-r1,direct_completion,,2026-08-24T22:32:50.600322+00:00,client_rejection,,,unknown,,,,cap-pairwise-15,False,invalid_or_censored,"[""not_streamed_ttft_unobservable""]",False,,parameter_interactions,request_declared
,0,,False,,,not_reported_unknown,9b3a59a06d74602751ccf15e6d05877bb0120a14075b65a4e9a8e2288d6febd7,,,cap-pairwise-32,,,do-close-cell-6e67fc4cad65a5642fe4903025a4cfe465b58f1f2349b631fc09977f2d7cb146,1,,,True,,,"[""parameter_interactions""]",,,2026-08-24T22:32:55.629992+00:00,qwen3.8-max,,ProviderHTTPError,0.001592,,,False,,False,,403,,,False,False,,,False,,request_payload_sha256_mismatch,,,,control_after,,,,,,,False,,True,0.0,True,False,,orphaned,bcda6f750fbce44c0d61b17e940b4dd080c258629d6c0a485dbaa5a31c045249,,2b53091e6e81256dfff65f626c657751a5277940be2f468e2da8bdb392db84da,do-close-request-8efd43e66e6d3e9b8571de0f9199,6e67fc4cad65a5642fe4903025a4cfe465b58f1f2349b631fc09977f2d7cb146,2b53091e6e81256dfff65f626c657751a5277940be2f468e2da8bdb392db84da,5.0158144689921755,,32,tokens,,,do-matched-closure-20260824-r1,digitalocean_public_request_v2,False,transport,,False,do-close-request-3e5f68ae8c3dd2c3967b8a1f933d,do-close-cell-6e67fc4cad65a5642fe4903025a4cfe465b58f1f2349b631fc09977f2d7cb146,False,,matched_control_closure,do-matched-closure-20260824-r1,direct_completion,,2026-08-24T22:32:50.614137+00:00,client_rejection,,,unknown,,,,cap-pairwise-32,False,invalid_or_censored,"[""not_streamed_ttft_unobservable""]",False,,parameter_interactions,request_declared
,0,,False,,,not_reported_unknown,9b3a59a06d74602751ccf15e6d05877bb0120a14075b65a4e9a8e2288d6febd7,,,cap-pairwise-19,,,do-close-cell-490bd75eecceb960091108100044219bd307356c2049c931c95db758f419b2e1,1,,,True,,,"[""parameter_interactions""]",,,2026-08-24T22:33:00.622444+00:00,gemma-4-31B-it,,ProviderHTTPError,0.000142,,,False,,False,,403,,,False,False,,,False,,request_payload_sha256_mismatch,,,,control_before,,,,,,,False,,True,0.0,True,False,,orphaned,f48b51a6551774ec04dce2eed2f57a3938b2d4280005bba190b1b88f393fce23,,79294071ceb1001a23aab8e1171a001741d2306d94e56eebaaa3b7e03692e94f,do-close-request-145343c2b9282140f7e52d28cfd9,490bd75eecceb960091108100044219bd307356c2049c931c95db758f419b2e1,79294071ceb1001a23aab8e1171a001741d2306d94e56eebaaa3b7e03692e94f,5.018796454009134,,32,tokens,,,do-matched-closure-20260824-r1,digitalocean_public_request_v2,False,transport,,False,do-close-request-a14d2dfa00ced388c09c15b58f7e,do-close-cell-490bd75eecceb960091108100044219bd307356c2049c931c95db758f419b2e1,False,,matched_control_closure,do-matched-closure-20260824-r1,direct_completion,,2026-08-24T22:32:55.603602+00:00,client_rejection,,,unknown,,,,cap-pairwise-19,False,invalid_or_censored,"[""not_streamed_ttft_unobservable""]",False,,parameter_interactions,request_declared
,0,,False,,,not_reported_unknown,9b3a59a06d74602751ccf15e6d05877bb0120a14075b65a4e9a8e2288d6febd7,,,extended-parameters-3,,,do-close-cell-a048436250a93bc98af515c1a0e1ae02a22441e8001ed81658bf8de4f30736de,1,,,True,,,"[""parameter_interactions""]",,,2026-08-24T22:33:00.631503+00:00,kimi-k3,,ProviderHTTPError,0.002451,,,False,,False,,403,,,False,False,,,False,,request_payload_sha256_mismatch,,,,control_before,,,,,,,False,,True,0.0,True,False,,orphaned,30bdee05cacd6d9a7918a39cd7e7995f5f571aaac7165cb7d91c02f2cf2cb750,,3e49223f2e203b7de86e117a1b3850536abfc254e6ba8279303412b44b8af1f9,do-close-request-2b3f893803711a08ea961ddd5026,a048436250a93bc98af515c1a0e1ae02a22441e8001ed81658bf8de4f30736de,3e49223f2e203b7de86e117a1b3850536abfc254e6ba8279303412b44b8af1f9,5.017811107012676,,32,tokens,,,do-matched-closure-20260824-r1,digitalocean_public_request_v2,False,transport,,False,do-close-request-c6f750ee9776bd376a68fc705255,do-close-cell-a048436250a93bc98af515c1a0e1ae02a22441e8001ed81658bf8de4f30736de,False,,matched_control_closure,do-matched-closure-20260824-r1,direct_completion,,2026-08-24T22:32:55.613655+00:00,client_rejection,,,unknown,,,,cap-extended-3,False,invalid_or_censored,"[""not_streamed_ttft_unobservable""]",False,,parameter_interactions,request_declared
,0,,False,,,not_reported_unknown,9b3a59a06d74602751ccf15e6d05877bb0120a14075b65a4e9a8e2288d6febd7,,,cap-pairwise-16,,,do-close-cell-1021c0a9ca57f1c304bad16cd423a783b7a64b2d90e5504c678cb87f2ce86cf5,1,,,True,,,"[""parameter_interactions""]",,,2026-08-24T22:33:00.640559+00:00,qwen3.5-397b-a17b,,ProviderHTTPError,0.000497,,,False,,False,,403,,,False,False,,,False,,request_payload_sha256_mismatch,,,,control_before,,,,,,,False,,True,0.0,True,False,,orphaned,6170a37488f1dddf8f50ed3c0635b097019876643a4ece5c5fa41ee38a93467a,,63c0c8628bbb500f11dd36560e8c81b3760ed950c84c3510edb28a154632353f,do-close-request-689ed957086a6f4d3be970b65f25,1021c0a9ca57f1c304bad16cd423a783b7a64b2d90e5504c678cb87f2ce86cf5,63c0c8628bbb500f11dd36560e8c81b3760ed950c84c3510edb28a154632353f,5.017197467008373,,32,tokens,,,do-matched-closure-20260824-r1,digitalocean_public_request_v2,False,transport,,False,do-close-request-f3fdda0da588d7ff60292a8f21b0,do-close-cell-1021c0a9ca57f1c304bad16cd423a783b7a64b2d90e5504c678cb87f2ce86cf5,False,,matched_control_closure,do-matched-closure-20260824-r1,direct_completion,,2026-08-24T22:32:55.623325+00:00,client_rejection,,,unknown,,,,cap-pairwise-16,False,invalid_or_censored,"[""not_streamed_ttft_unobservable""]",False,,parameter_interactions,request_declared
,0,,False,,,not_reported_unknown,9b3a59a06d74602751ccf15e6d05877bb0120a14075b65a4e9a8e2288d6febd7,,,extended-parameters-4,,,do-close-cell-188ed2d917548898679de3ec1c370527ee6b9ff6ce85e22e125bdc9ee440614d,1,,,True,,,"[""parameter_interactions""]",,,2026-08-24T22:33:00.653244+00:00,qwen3.8-max,,ProviderHTTPError,0.001592,,,False,,False,,403,,,False,False,,,False,,request_payload_sha256_mismatch,,,,control_before,,,,,,,False,,True,0.0,True,False,,orphaned,ca58b0f1cf9204fd341a501e45debee746cd38c78488cd9aef7bac6b5b81df96,,4da280686e2daa23303f5a31a5ee521a743bd872bc96e27f8b3dd109e410b674,do-close-request-966d5992d53cbd525a9fc35c482c,188ed2d917548898679de3ec1c370527ee6b9ff6ce85e22e125bdc9ee440614d,4da280686e2daa23303f5a31a5ee521a743bd872bc96e27f8b3dd109e410b674,5.017112311004894,,32,tokens,,,do-matched-closure-20260824-r1,digitalocean_public_request_v2,False,transport,,False,do-close-request-806fa15e2b921027aeea88a4cd8a,do-close-cell-188ed2d917548898679de3ec1c370527ee6b9ff6ce85e22e125bdc9ee440614d,False,,matched_control_closure,do-matched-closure-20260824-r1,direct_completion,,2026-08-24T22:32:55.636088+00:00,client_rejection,,,unknown,,,,cap-extended-4,False,invalid_or_censored,"[""not_streamed_ttft_unobservable""]",False,,parameter_interactions,request_declared
,0,,False,,,not_reported_unknown,9b3a59a06d74602751ccf15e6d05877bb0120a14075b65a4e9a8e2288d6febd7,,,cap-pairwise-19,,,do-close-cell-490bd75eecceb960091108100044219bd307356c2049c931c95db758f419b2e1,1,,,True,,,"[""parameter_interactions""]",,,2026-08-24T22:33:05.643976+00:00,gemma-4-31B-it,,ProviderHTTPError,0.00020732,,,False,,False,,403,,,False,False,,,False,,request_payload_sha256_mismatch,,,,probe,,,,,,,False,,True,0.0,True,False,,orphaned,f48b51a6551774ec04dce2eed2f57a3938b2d4280005bba190b1b88f393fce23,,48f51fc96acd709a1eb176ec42c91a2331665154313481af7766ea5f26640247,do-close-request-174bd5fdaae4a861ad8cc7d89aa1,490bd75eecceb960091108100044219bd307356c2049c931c95db758f419b2e1,48f51fc96acd709a1eb176ec42c91a2331665154313481af7766ea5f26640247,5.016462897998281,,64,tokens,,,do-matched-closure-20260824-r1,digitalocean_public_request_v2,False,transport,,False,do-close-request-a14d2dfa00ced388c09c15b58f7e,do-close-cell-490bd75eecceb960091108100044219bd307356c2049c931c95db758f419b2e1,False,,matched_control_closure,do-matched-closure-20260824-r1,direct_completion,,2026-08-24T22:33:00.627471+00:00,client_rejection,,,unknown,,,,cap-pairwise-19,False,invalid_or_censored,"[""not_streamed_ttft_unobservable""]",False,,parameter_interactions,request_declared
,0,,False,,,not_reported_unknown,9b3a59a06d74602751ccf15e6d05877bb0120a14075b65a4e9a8e2288d6febd7,,,extended-parameters-3,,,do-close-cell-a048436250a93bc98af515c1a0e1ae02a22441e8001ed81658bf8de4f30736de,1,,,True,,,"[""parameter_interactions""]",,,2026-08-24T22:33:05.654811+00:00,kimi-k3,,ProviderHTTPError,0.0032005500000000004,,,False,,False,,403,,,False,False,,,False,,request_payload_sha256_mismatch,,,,probe,,,,,,,False,,True,0.0,True,False,,orphaned,30bdee05cacd6d9a7918a39cd7e7995f5f571aaac7165cb7d91c02f2cf2cb750,,707d2e68d94566f63bd79a3fd137831fa7088cd157885c461879668175d4a75a,do-close-request-38d8bf9d66a1ad16a2bbe82efc7f,a048436250a93bc98af515c1a0e1ae02a22441e8001ed81658bf8de4f30736de,707d2e68d94566f63bd79a3fd137831fa7088cd157885c461879668175d4a75a,5.018851156986784,,64,tokens,,,do-matched-closure-20260824-r1,digitalocean_public_request_v2,False,transport,,False,do-close-request-c6f750ee9776bd376a68fc705255,do-close-cell-a048436250a93bc98af515c1a0e1ae02a22441e8001ed81658bf8de4f30736de,False,,matched_control_closure,do-matched-closure-20260824-r1,direct_completion,,2026-08-24T22:33:00.635923+00:00,client_rejection,,,unknown,,,,cap-extended-3,False,invalid_or_censored,"[""not_streamed_ttft_unobservable""]",False,,parameter_interactions,request_declared
,0,,False,,,not_reported_unknown,9b3a59a06d74602751ccf15e6d05877bb0120a14075b65a4e9a8e2288d6febd7,,,cap-pairwise-16,,,do-close-cell-1021c0a9ca57f1c304bad16cd423a783b7a64b2d90e5504c678cb87f2ce86cf5,1,,,True,,,"[""parameter_interactions""]",,,2026-08-24T22:33:05.664039+00:00,qwen3.5-397b-a17b,,ProviderHTTPError,0.00087575,,,False,,False,,403,,,False,False,,,False,,request_payload_sha256_mismatch,,,,probe,,,,,,,False,,True,0.0,True,False,,orphaned,6170a37488f1dddf8f50ed3c0635b097019876643a4ece5c5fa41ee38a93467a,,32f46159b52bec952e94e3084a9cf1aeba5370157206a602642a3a2f01d75e14,do-close-request-a10d8ef4240078989ac5aac099cf,1021c0a9ca57f1c304bad16cd423a783b7a64b2d90e5504c678cb87f2ce86cf5,32f46159b52bec952e94e3084a9cf1aeba5370157206a602642a3a2f01d75e14,5.019046806002734,,64,tokens,,,do-matched-closure-20260824-r1,digitalocean_public_request_v2,False,transport,,False,do-close-request-f3fdda0da588d7ff60292a8f21b0,do-close-cell-1021c0a9ca57f1c304bad16cd423a783b7a64b2d90e5504c678cb87f2ce86cf5,False,,matched_control_closure,do-matched-closure-20260824-r1,direct_completion,,2026-08-24T22:33:00.644954+00:00,client_rejection,,,unknown,,,,cap-pairwise-16,False,invalid_or_censored,"[""not_streamed_ttft_unobservable""]",False,,parameter_interactions,request_declared
,0,,False,,,not_reported_unknown,9b3a59a06d74602751ccf15e6d05877bb0120a14075b65a4e9a8e2288d6febd7,,,extended-parameters-4,,,do-close-cell-188ed2d917548898679de3ec1c370527ee6b9ff6ce85e22e125bdc9ee440614d,1,,,True,,,"[""parameter_interactions""]",,,2026-08-24T22:33:05.675711+00:00,qwen3.8-max,,ProviderHTTPError,0.001954,,,False,,False,,403,,,False,False,,,False,,request_payload_sha256_mismatch,,,,probe,,,,,,,False,,True,0.0,True,False,,orphaned,ca58b0f1cf9204fd341a501e45debee746cd38c78488cd9aef7bac6b5b81df96,,d0779a5c9b829ea42cfc9685b7dbc544201a976ca1a44424d77569d10cdf92ce,do-close-request-a08263efa7410fd1976ffd5b0377,188ed2d917548898679de3ec1c370527ee6b9ff6ce85e22e125bdc9ee440614d,d0779a5c9b829ea42cfc9685b7dbc544201a976ca1a44424d77569d10cdf92ce,5.017401753982995,,64,tokens,,,do-matched-closure-20260824-r1,digitalocean_public_request_v2,False,transport,,False,do-close-request-806fa15e2b921027aeea88a4cd8a,do-close-cell-188ed2d917548898679de3ec1c370527ee6b9ff6ce85e22e125bdc9ee440614d,False,,matched_control_closure,do-matched-closure-20260824-r1,direct_completion,,2026-08-24T22:33:00.658270+00:00,client_rejection,,,unknown,,,,cap-extended-4,False,invalid_or_censored,"[""not_streamed_ttft_unobservable""]",False,,parameter_interactions,request_declared
,0,,False,,,not_reported_unknown,9b3a59a06d74602751ccf15e6d05877bb0120a14075b65a4e9a8e2288d6febd7,,,cap-pairwise-19,,,do-close-cell-490bd75eecceb960091108100044219bd307356c2049c931c95db758f419b2e1,1,,,True,,,"[""parameter_interactions""]",,,2026-08-24T22:33:08.757268+00:00,gemma-4-31B-it,,ProviderHTTPError,0.000142,,,False,,False,,500,,,False,False,,,False,,request_payload_sha256_mismatch,,,,control_after,,,,,,,False,,True,0.0,True,False,,orphaned,f48b51a6551774ec04dce2eed2f57a3938b2d4280005bba190b1b88f393fce23,,bf55828cc767f0358144fc04832893cbf1c0712639146242da8a9f0aa3fbcfdb,do-close-request-cb36b1eddfcefac90c06ea8e4ce9,490bd75eecceb960091108100044219bd307356c2049c931c95db758f419b2e1,bf55828cc767f0358144fc04832893cbf1c0712639146242da8a9f0aa3fbcfdb,3.108205830998486,,32,tokens,,,do-matched-closure-20260824-r1,digitalocean_public_request_v2,False,transport,,False,do-close-request-a14d2dfa00ced388c09c15b58f7e,do-close-cell-490bd75eecceb960091108100044219bd307356c2049c931c95db758f419b2e1,True,,matched_control_closure,do-matched-closure-20260824-r1,direct_completion,,2026-08-24T22:33:05.649007+00:00,provider_error,,,unknown,,,,cap-pairwise-19,False,invalid_or_censored,"[""not_streamed_ttft_unobservable""]",False,,parameter_interactions,request_declared
,0,,False,,,not_reported_unknown,9b3a59a06d74602751ccf15e6d05877bb0120a14075b65a4e9a8e2288d6febd7,,,extended-parameters-3,,,do-close-cell-a048436250a93bc98af515c1a0e1ae02a22441e8001ed81658bf8de4f30736de,1,,,True,,,"[""parameter_interactions""]",,,2026-08-24T22:33:08.763260+00:00,kimi-k3,,ProviderHTTPError,0.002451,,,False,,False,,503,,,False,False,,,False,,request_payload_sha256_mismatch,,,,control_after,,,,,,,False,,True,0.0,True,False,,orphaned,30bdee05cacd6d9a7918a39cd7e7995f5f571aaac7165cb7d91c02f2cf2cb750,,e5baff6850b2b6ab026bbec4dfc5bb5280b141f300fc976ef1f8918d3f63bc5f,do-close-request-7fc74ef48b27699b61f58a35f533,a048436250a93bc98af515c1a0e1ae02a22441e8001ed81658bf8de4f30736de,e5baff6850b2b6ab026bbec4dfc5bb5280b141f300fc976ef1f8918d3f63bc5f,3.102796100982232,,32,tokens,,,do-matched-closure-20260824-r1,digitalocean_public_request_v2,False,transport,,False,do-close-request-c6f750ee9776bd376a68fc705255,do-close-cell-a048436250a93bc98af515c1a0e1ae02a22441e8001ed81658bf8de4f30736de,True,,matched_control_closure,do-matched-closure-20260824-r1,direct_completion,,2026-08-24T22:33:05.660400+00:00,provider_error,,,unknown,,,,cap-extended-3,False,invalid_or_censored,"[""not_streamed_ttft_unobservable""]",False,,parameter_interactions,request_declared
,0,,False,,,not_reported_unknown,9b3a59a06d74602751ccf15e6d05877bb0120a14075b65a4e9a8e2288d6febd7,,,cap-pairwise-16,,,do-close-cell-1021c0a9ca57f1c304bad16cd423a783b7a64b2d90e5504c678cb87f2ce86cf5,1,,,True,,,"[""parameter_interactions""]",,,2026-08-24T22:33:08.767262+00:00,qwen3.5-397b-a17b,,ProviderHTTPError,0.000497,,,False,,False,,500,,,False,False,,,False,,request_payload_sha256_mismatch,,,,control_after,,,,,,,False,,True,0.0,True,False,,orphaned,6170a37488f1dddf8f50ed3c0635b097019876643a4ece5c5fa41ee38a93467a,,b1f4764c46590e94e7a81f9800c2c74c4139dd75064b3b20f362f97457392212,do-close-request-3a3f87ba635180502600a9a3f987,1021c0a9ca57f1c304bad16cd423a783b7a64b2d90e5504c678cb87f2ce86cf5,b1f4764c46590e94e7a81f9800c2c74c4139dd75064b3b20f362f97457392212,3.098247416986851,,32,tokens,,,do-matched-closure-20260824-r1,digitalocean_public_request_v2,False,transport,,False,do-close-request-f3fdda0da588d7ff60292a8f21b0,do-close-cell-1021c0a9ca57f1c304bad16cd423a783b7a64b2d90e5504c678cb87f2ce86cf5,True,,matched_control_closure,do-matched-closure-20260824-r1,direct_completion,,2026-08-24T22:33:05.668967+00:00,provider_error,,,unknown,,,,cap-pairwise-16,False,invalid_or_censored,"[""not_streamed_ttft_unobservable""]",False,,parameter_interactions,request_declared
,0,,False,,,not_reported_unknown,9b3a59a06d74602751ccf15e6d05877bb0120a14075b65a4e9a8e2288d6febd7,,,extended-parameters-4,,,do-close-cell-188ed2d917548898679de3ec1c370527ee6b9ff6ce85e22e125bdc9ee440614d,1,,,True,,,"[""parameter_interactions""]",,,2026-08-24T22:33:08.781095+00:00,qwen3.8-max,,ProviderHTTPError,0.001592,,,False,,False,,503,,,False,False,,,False,,request_payload_sha256_mismatch,,,,control_after,,,,,,,False,,True,0.0,True,False,,orphaned,ca58b0f1cf9204fd341a501e45debee746cd38c78488cd9aef7bac6b5b81df96,,d33448982fb7f83cdfba9b7a78215ace4b4686d40e38324b526451fd8382e670,do-close-request-69409c6a6b4980f4241d509c83b2,188ed2d917548898679de3ec1c370527ee6b9ff6ce85e22e125bdc9ee440614d,d33448982fb7f83cdfba9b7a78215ace4b4686d40e38324b526451fd8382e670,3.099930633994518,,32,tokens,,,do-matched-closure-20260824-r1,digitalocean_public_request_v2,False,transport,,False,do-close-request-806fa15e2b921027aeea88a4cd8a,do-close-cell-188ed2d917548898679de3ec1c370527ee6b9ff6ce85e22e125bdc9ee440614d,True,,matched_control_closure,do-matched-closure-20260824-r1,direct_completion,,2026-08-24T22:33:05.681096+00:00,provider_error,,,unknown,,,,cap-extended-4,False,invalid_or_censored,"[""not_streamed_ttft_unobservable""]",False,,parameter_interactions,request_declared
,1,,False,,,not_reported_unknown,9b3a59a06d74602751ccf15e6d05877bb0120a14075b65a4e9a8e2288d6febd7,,,cap-pairwise-19,,,do-close-cell-490bd75eecceb960091108100044219bd307356c2049c931c95db758f419b2e1,1,,,True,,,"[""parameter_interactions""]",,,2026-08-24T22:33:13.871136+00:00,gemma-4-31B-it,,ProviderHTTPError,0.000142,,,False,,False,,503,,,False,False,,,False,,request_payload_sha256_mismatch,,,,control_before,,,,,,,False,,True,0.0,True,False,,orphaned,f48b51a6551774ec04dce2eed2f57a3938b2d4280005bba190b1b88f393fce23,,79294071ceb1001a23aab8e1171a001741d2306d94e56eebaaa3b7e03692e94f,do-close-request-c22f14d8285c40e53546371b3bc9,490bd75eecceb960091108100044219bd307356c2049c931c95db758f419b2e1,79294071ceb1001a23aab8e1171a001741d2306d94e56eebaaa3b7e03692e94f,3.10586653300561,,32,tokens,,,do-matched-closure-20260824-r1,digitalocean_public_request_v2,False,transport,,False,do-close-request-a14d2dfa00ced388c09c15b58f7e,do-close-cell-490bd75eecceb960091108100044219bd307356c2049c931c95db758f419b2e1,True,,matched_control_closure,do-matched-closure-20260824-r1,direct_completion,,2026-08-24T22:33:10.765206+00:00,provider_error,,,unknown,,,,cap-pairwise-19,False,invalid_or_censored,"[""not_streamed_ttft_unobservable""]",False,,parameter_interactions,request_declared
,1,,False,,,not_reported_unknown,9b3a59a06d74602751ccf15e6d05877bb0120a14075b65a4e9a8e2288d6febd7,,,extended-parameters-3,,,do-close-cell-a048436250a93bc98af515c1a0e1ae02a22441e8001ed81658bf8de4f30736de,1,,,True,,,"[""parameter_interactions""]",,,2026-08-24T22:33:13.880604+00:00,kimi-k3,,ProviderHTTPError,0.002451,,,False,,False,,503,,,False,False,,,False,,request_payload_sha256_mismatch,,,,control_before,,,,,,,False,,True,0.0,True,False,,orphaned,30bdee05cacd6d9a7918a39cd7e7995f5f571aaac7165cb7d91c02f2cf2cb750,,3e49223f2e203b7de86e117a1b3850536abfc254e6ba8279303412b44b8af1f9,do-close-request-d6e86556136057cb229d88728cf4,a048436250a93bc98af515c1a0e1ae02a22441e8001ed81658bf8de4f30736de,3e49223f2e203b7de86e117a1b3850536abfc254e6ba8279303412b44b8af1f9,3.111147035000613,,32,tokens,,,do-matched-closure-20260824-r1,digitalocean_public_request_v2,False,transport,,False,do-close-request-c6f750ee9776bd376a68fc705255,do-close-cell-a048436250a93bc98af515c1a0e1ae02a22441e8001ed81658bf8de4f30736de,True,,matched_control_closure,do-matched-closure-20260824-r1,direct_completion,,2026-08-24T22:33:10.769380+00:00,provider_error,,,unknown,,,,cap-extended-3,False,invalid_or_censored,"[""not_streamed_ttft_unobservable""]",False,,parameter_interactions,request_declared
,1,,False,,,not_reported_unknown,9b3a59a06d74602751ccf15e6d05877bb0120a14075b65a4e9a8e2288d6febd7,,,extended-parameters-4,,,do-close-cell-188ed2d917548898679de3ec1c370527ee6b9ff6ce85e22e125bdc9ee440614d,1,,,True,,,"[""parameter_interactions""]",,,2026-08-24T22:33:13.890242+00:00,qwen3.8-max,,ProviderHTTPError,0.001592,,,False,,False,,500,,,False,False,,,False,,request_payload_sha256_mismatch,,,,control_before,,,,,,,False,,True,0.0,True,False,,orphaned,ca58b0f1cf9204fd341a501e45debee746cd38c78488cd9aef7bac6b5b81df96,,4da280686e2daa23303f5a31a5ee521a743bd872bc96e27f8b3dd109e410b674,do-close-request-6d6ffcbca7f4da5073e33e37eece,188ed2d917548898679de3ec1c370527ee6b9ff6ce85e22e125bdc9ee440614d,4da280686e2daa23303f5a31a5ee521a743bd872bc96e27f8b3dd109e410b674,3.103339055000106,,32,tokens,,,do-matched-closure-20260824-r1,digitalocean_public_request_v2,False,transport,,False,do-close-request-806fa15e2b921027aeea88a4cd8a,do-close-cell-188ed2d917548898679de3ec1c370527ee6b9ff6ce85e22e125bdc9ee440614d,True,,matched_control_closure,do-matched-closure-20260824-r1,direct_completion,,2026-08-24T22:33:10.786845+00:00,provider_error,,,unknown,,,,cap-extended-4,False,invalid_or_censored,"[""not_streamed_ttft_unobservable""]",False,,parameter_interactions,request_declared
,1,,False,,,not_reported_unknown,9b3a59a06d74602751ccf15e6d05877bb0120a14075b65a4e9a8e2288d6febd7,,,cap-pairwise-16,,,do-close-cell-1021c0a9ca57f1c304bad16cd423a783b7a64b2d90e5504c678cb87f2ce86cf5,1,,,True,,,"[""parameter_interactions""]",,,2026-08-24T22:33:13.895017+00:00,qwen3.5-397b-a17b,,ProviderHTTPError,0.000497,,,False,,False,,503,,,False,False,,,False,,request_payload_sha256_mismatch,,,,control_before,,,,,,,False,,True,0.0,True,False,,orphaned,6170a37488f1dddf8f50ed3c0635b097019876643a4ece5c5fa41ee38a93467a,,63c0c8628bbb500f11dd36560e8c81b3760ed950c84c3510edb28a154632353f,do-close-request-029318e29ceb36dfc3726e5178b0,1021c0a9ca57f1c304bad16cd423a783b7a64b2d90e5504c678cb87f2ce86cf5,63c0c8628bbb500f11dd36560e8c81b3760ed950c84c3510edb28a154632353f,3.121534703997895,,32,tokens,,,do-matched-closure-20260824-r1,digitalocean_public_request_v2,False,transport,,False,do-close-request-f3fdda0da588d7ff60292a8f21b0,do-close-cell-1021c0a9ca57f1c304bad16cd423a783b7a64b2d90e5504c678cb87f2ce86cf5,True,,matched_control_closure,do-matched-closure-20260824-r1,direct_completion,,2026-08-24T22:33:10.773428+00:00,provider_error,,,unknown,,,,cap-pairwise-16,False,invalid_or_censored,"[""not_streamed_ttft_unobservable""]",False,,parameter_interactions,request_declared
,1,,False,,,not_reported_unknown,9b3a59a06d74602751ccf15e6d05877bb0120a14075b65a4e9a8e2288d6febd7,,,cap-pairwise-19,,inconclusive,do-close-cell-490bd75eecceb960091108100044219bd307356c2049c931c95db758f419b2e1,1,,,True,matched_control_inconclusive,False,"[""parameter_interactions""]",,,2026-08-24T22:33:16.980504+00:00,gemma-4-31B-it,,ProviderHTTPError,0.00020732,,,False,,False,,503,,,False,False,,,False,,request_payload_sha256_mismatch,,,,probe,,,,,,,False,,True,0.0,True,False,,orphaned,f48b51a6551774ec04dce2eed2f57a3938b2d4280005bba190b1b88f393fce23,,48f51fc96acd709a1eb176ec42c91a2331665154313481af7766ea5f26640247,do-close-request-a14d2dfa00ced388c09c15b58f7e,490bd75eecceb960091108100044219bd307356c2049c931c95db758f419b2e1,48f51fc96acd709a1eb176ec42c91a2331665154313481af7766ea5f26640247,3.104007690009894,,64,tokens,,,do-matched-closure-20260824-r1,digitalocean_public_request_v2,False,transport,,True,do-close-request-a14d2dfa00ced388c09c15b58f7e,do-close-cell-490bd75eecceb960091108100044219bd307356c2049c931c95db758f419b2e1,True,,matched_control_closure,do-matched-closure-20260824-r1,direct_completion,,2026-08-24T22:33:13.876417+00:00,provider_error,,,unknown,,,,cap-pairwise-19,False,invalid_or_censored,"[""not_streamed_ttft_unobservable""]",False,,parameter_interactions,request_declared
,1,,False,,,not_reported_unknown,9b3a59a06d74602751ccf15e6d05877bb0120a14075b65a4e9a8e2288d6febd7,,,extended-parameters-3,,inconclusive,do-close-cell-a048436250a93bc98af515c1a0e1ae02a22441e8001ed81658bf8de4f30736de,1,,,True,matched_control_inconclusive,False,"[""parameter_interactions""]",,,2026-08-24T22:33:16.989400+00:00,kimi-k3,,ProviderHTTPError,0.0032005500000000004,,,False,,False,,503,,,False,False,,,False,,request_payload_sha256_mismatch,,,,probe,,,,,,,False,,True,0.0,True,False,,orphaned,30bdee05cacd6d9a7918a39cd7e7995f5f571aaac7165cb7d91c02f2cf2cb750,,707d2e68d94566f63bd79a3fd137831fa7088cd157885c461879668175d4a75a,do-close-request-c6f750ee9776bd376a68fc705255,a048436250a93bc98af515c1a0e1ae02a22441e8001ed81658bf8de4f30736de,707d2e68d94566f63bd79a3fd137831fa7088cd157885c461879668175d4a75a,3.104117957991548,,64,tokens,,,do-matched-closure-20260824-r1,digitalocean_public_request_v2,False,transport,,True,do-close-request-c6f750ee9776bd376a68fc705255,do-close-cell-a048436250a93bc98af515c1a0e1ae02a22441e8001ed81658bf8de4f30736de,True,,matched_control_closure,do-matched-closure-20260824-r1,direct_completion,,2026-08-24T22:33:13.885222+00:00,provider_error,,,unknown,,,,cap-extended-3,False,invalid_or_censored,"[""not_streamed_ttft_unobservable""]",False,,parameter_interactions,request_declared
,1,,False,,,not_reported_unknown,9b3a59a06d74602751ccf15e6d05877bb0120a14075b65a4e9a8e2288d6febd7,,,extended-parameters-4,,inconclusive,do-close-cell-188ed2d917548898679de3ec1c370527ee6b9ff6ce85e22e125bdc9ee440614d,1,,,True,matched_control_inconclusive,False,"[""parameter_interactions""]",,,2026-08-24T22:33:16.997487+00:00,qwen3.8-max,,ProviderHTTPError,0.001954,,,False,,False,,503,,,False,False,,,False,,request_payload_sha256_mismatch,,,,probe,,,,,,,False,,True,0.0,True,False,,orphaned,ca58b0f1cf9204fd341a501e45debee746cd38c78488cd9aef7bac6b5b81df96,,d0779a5c9b829ea42cfc9685b7dbc544201a976ca1a44424d77569d10cdf92ce,do-close-request-806fa15e2b921027aeea88a4cd8a,188ed2d917548898679de3ec1c370527ee6b9ff6ce85e22e125bdc9ee440614d,d0779a5c9b829ea42cfc9685b7dbc544201a976ca1a44424d77569d10cdf92ce,3.102615850017173,,64,tokens,,,do-matched-closure-20260824-r1,digitalocean_public_request_v2,False,transport,,True,do-close-request-806fa15e2b921027aeea88a4cd8a,do-close-cell-188ed2d917548898679de3ec1c370527ee6b9ff6ce85e22e125bdc9ee440614d,True,,matched_control_closure,do-matched-closure-20260824-r1,direct_completion,,2026-08-24T22:33:13.894814+00:00,provider_error,,,unknown,,,,cap-extended-4,False,invalid_or_censored,"[""not_streamed_ttft_unobservable""]",False,,parameter_interactions,request_declared
,1,,False,,,not_reported_unknown,9b3a59a06d74602751ccf15e6d05877bb0120a14075b65a4e9a8e2288d6febd7,,,cap-pairwise-16,,inconclusive,do-close-cell-1021c0a9ca57f1c304bad16cd423a783b7a64b2d90e5504c678cb87f2ce86cf5,1,,,True,matched_control_inconclusive,False,"[""parameter_interactions""]",,,2026-08-24T22:33:17.006426+00:00,qwen3.5-397b-a17b,,ProviderHTTPError,0.00087575,,,False,,False,,503,,,False,False,,,False,,request_payload_sha256_mismatch,,,,probe,,,,,,,False,,True,0.0,True,False,,orphaned,6170a37488f1dddf8f50ed3c0635b097019876643a4ece5c5fa41ee38a93467a,,32f46159b52bec952e94e3084a9cf1aeba5370157206a602642a3a2f01d75e14,do-close-request-f3fdda0da588d7ff60292a8f21b0,1021c0a9ca57f1c304bad16cd423a783b7a64b2d90e5504c678cb87f2ce86cf5,32f46159b52bec952e94e3084a9cf1aeba5370157206a602642a3a2f01d75e14,3.107108652999159,,64,tokens,,,do-matched-closure-20260824-r1,digitalocean_public_request_v2,False,transport,,True,do-close-request-f3fdda0da588d7ff60292a8f21b0,do-close-cell-1021c0a9ca57f1c304bad16cd423a783b7a64b2d90e5504c678cb87f2ce86cf5,True,,matched_control_closure,do-matched-closure-20260824-r1,direct_completion,,2026-08-24T22:33:13.899259+00:00,provider_error,,,unknown,,,,cap-pairwise-16,False,invalid_or_censored,"[""not_streamed_ttft_unobservable""]",False,,parameter_interactions,request_declared
,1,,False,,,not_reported_unknown,9b3a59a06d74602751ccf15e6d05877bb0120a14075b65a4e9a8e2288d6febd7,,,cap-pairwise-19,,,do-close-cell-490bd75eecceb960091108100044219bd307356c2049c931c95db758f419b2e1,1,,,True,,,"[""parameter_interactions""]",,,2026-08-24T22:33:20.086815+00:00,gemma-4-31B-it,,ProviderHTTPError,0.000142,,,False,,False,,503,,,False,False,,,False,,request_payload_sha256_mismatch,,,,control_after,,,,,,,False,,True,0.0,True,False,,orphaned,f48b51a6551774ec04dce2eed2f57a3938b2d4280005bba190b1b88f393fce23,,bf55828cc767f0358144fc04832893cbf1c0712639146242da8a9f0aa3fbcfdb,do-close-request-9c8da5d14932651d370ea8e24c51,490bd75eecceb960091108100044219bd307356c2049c931c95db758f419b2e1,bf55828cc767f0358144fc04832893cbf1c0712639146242da8a9f0aa3fbcfdb,3.1011187530239113,,32,tokens,,,do-matched-closure-20260824-r1,digitalocean_public_request_v2,False,transport,,False,do-close-request-a14d2dfa00ced388c09c15b58f7e,do-close-cell-490bd75eecceb960091108100044219bd307356c2049c931c95db758f419b2e1,True,,matched_control_closure,do-matched-closure-20260824-r1,direct_completion,,2026-08-24T22:33:16.985635+00:00,provider_error,,,unknown,,,,cap-pairwise-19,False,invalid_or_censored,"[""not_streamed_ttft_unobservable""]",False,,parameter_interactions,request_declared
,1,,False,,,not_reported_unknown,9b3a59a06d74602751ccf15e6d05877bb0120a14075b65a4e9a8e2288d6febd7,,,extended-parameters-3,,,do-close-cell-a048436250a93bc98af515c1a0e1ae02a22441e8001ed81658bf8de4f30736de,1,,,True,,,"[""parameter_interactions""]",,,2026-08-24T22:33:20.091702+00:00,kimi-k3,,ProviderHTTPError,0.002451,,,False,,False,,503,,,False,False,,,False,,request_payload_sha256_mismatch,,,,control_after,,,,,,,False,,True,0.0,True,False,,orphaned,30bdee05cacd6d9a7918a39cd7e7995f5f571aaac7165cb7d91c02f2cf2cb750,,e5baff6850b2b6ab026bbec4dfc5bb5280b141f300fc976ef1f8918d3f63bc5f,do-close-request-0927fdb466273403ebac88679a46,a048436250a93bc98af515c1a0e1ae02a22441e8001ed81658bf8de4f30736de,e5baff6850b2b6ab026bbec4dfc5bb5280b141f300fc976ef1f8918d3f63bc5f,3.097685293003451,,32,tokens,,,do-matched-closure-20260824-r1,digitalocean_public_request_v2,False,transport,,False,do-close-request-c6f750ee9776bd376a68fc705255,do-close-cell-a048436250a93bc98af515c1a0e1ae02a22441e8001ed81658bf8de4f30736de,True,,matched_control_closure,do-matched-closure-20260824-r1,direct_completion,,2026-08-24T22:33:16.993958+00:00,provider_error,,,unknown,,,,cap-extended-3,False,invalid_or_censored,"[""not_streamed_ttft_unobservable""]",False,,parameter_interactions,request_declared
,1,,False,,,not_reported_unknown,9b3a59a06d74602751ccf15e6d05877bb0120a14075b65a4e9a8e2288d6febd7,,,extended-parameters-4,,,do-close-cell-188ed2d917548898679de3ec1c370527ee6b9ff6ce85e22e125bdc9ee440614d,1,,,True,,,"[""parameter_interactions""]",,,2026-08-24T22:33:20.102959+00:00,qwen3.8-max,,ProviderHTTPError,0.001592,,,False,,False,,503,,,False,False,,,False,,request_payload_sha256_mismatch,,,,control_after,,,,,,,False,,True,0.0,True,False,,orphaned,ca58b0f1cf9204fd341a501e45debee746cd38c78488cd9aef7bac6b5b81df96,,d33448982fb7f83cdfba9b7a78215ace4b4686d40e38324b526451fd8382e670,do-close-request-f876f3046ab38d75f58040b40769,188ed2d917548898679de3ec1c370527ee6b9ff6ce85e22e125bdc9ee440614d,d33448982fb7f83cdfba9b7a78215ace4b4686d40e38324b526451fd8382e670,3.100531222007703,,32,tokens,,,do-matched-closure-20260824-r1,digitalocean_public_request_v2,False,transport,,False,do-close-request-806fa15e2b921027aeea88a4cd8a,do-close-cell-188ed2d917548898679de3ec1c370527ee6b9ff6ce85e22e125bdc9ee440614d,True,,matched_control_closure,do-matched-closure-20260824-r1,direct_completion,,2026-08-24T22:33:17.002370+00:00,provider_error,,,unknown,,,,cap-extended-4,False,invalid_or_censored,"[""not_streamed_ttft_unobservable""]",False,,parameter_interactions,request_declared
,1,,False,,,not_reported_unknown,9b3a59a06d74602751ccf15e6d05877bb0120a14075b65a4e9a8e2288d6febd7,,,cap-pairwise-16,,,do-close-cell-1021c0a9ca57f1c304bad16cd423a783b7a64b2d90e5504c678cb87f2ce86cf5,1,,,True,,,"[""parameter_interactions""]",,,2026-08-24T22:33:20.112506+00:00,qwen3.5-397b-a17b,,ProviderHTTPError,0.000497,,,False,,False,,503,,,False,False,,,False,,request_payload_sha256_mismatch,,,,control_after,,,,,,,False,,True,0.0,True,False,,orphaned,6170a37488f1dddf8f50ed3c0635b097019876643a4ece5c5fa41ee38a93467a,,b1f4764c46590e94e7a81f9800c2c74c4139dd75064b3b20f362f97457392212,do-close-request-c2db036659ce84207378d899e746,1021c0a9ca57f1c304bad16cd423a783b7a64b2d90e5504c678cb87f2ce86cf5,b1f4764c46590e94e7a81f9800c2c74c4139dd75064b3b20f362f97457392212,3.1010929640033282,,32,tokens,,,do-matched-closure-20260824-r1,digitalocean_public_request_v2,False,transport,,False,do-close-request-f3fdda0da588d7ff60292a8f21b0,do-close-cell-1021c0a9ca57f1c304bad16cd423a783b7a64b2d90e5504c678cb87f2ce86cf5,True,,matched_control_closure,do-matched-closure-20260824-r1,direct_completion,,2026-08-24T22:33:17.011355+00:00,provider_error,,,unknown,,,,cap-pairwise-16,False,invalid_or_censored,"[""not_streamed_ttft_unobservable""]",False,,parameter_interactions,request_declared
,0,,False,,,not_reported_unknown,9b3a59a06d74602751ccf15e6d05877bb0120a14075b65a4e9a8e2288d6febd7,,,cap-pairwise-20,,,do-close-cell-f9ac7e93caf0b5214b3314412b391628316db4db5c97254fc0cb6563332fafe2,1,,,True,,,"[""parameter_interactions""]",,,2026-08-24T22:33:27.202210+00:00,gemma-4-31B-it,,ProviderHTTPError,0.000142,,,False,,False,,503,,,False,False,,,False,,request_payload_sha256_mismatch,,,,control_before,,,,,,,False,,True,0.0,True,False,,orphaned,b39ab5739f7326492d8b5bb32d3a2d4d1878a54f3b047102c8b1fe33793e037b,,60d68bed2e5ff1d1ff9a85860006327aae1d475b08b9a991a7ecf3b6e8af3d4c,do-close-request-1d8837af9b81a04a3e67ef7371e1,f9ac7e93caf0b5214b3314412b391628316db4db5c97254fc0cb6563332fafe2,60d68bed2e5ff1d1ff9a85860006327aae1d475b08b9a991a7ecf3b6e8af3d4c,3.103217872005189,,32,tokens,,,do-matched-closure-20260824-r1,digitalocean_public_request_v2,False,transport,,False,,do-close-cell-f9ac7e93caf0b5214b3314412b391628316db4db5c97254fc0cb6563332fafe2,True,,matched_control_closure,do-matched-closure-20260824-r1,direct_completion,,2026-08-24T22:33:24.098930+00:00,provider_error,,,unknown,,,,cap-pairwise-20,False,invalid_or_censored,"[""not_streamed_ttft_unobservable""]",False,,parameter_interactions,request_declared
,0,,False,,,not_reported_unknown,9b3a59a06d74602751ccf15e6d05877bb0120a14075b65a4e9a8e2288d6febd7,,,extended-parameters-5,,,do-close-cell-83d88bb1ce5e163bbea3ea69ba294877fb6e806c712634a80ab133b107be8148,1,,,True,,,"[""parameter_interactions""]",,,2026-08-24T22:33:27.214350+00:00,qwen3.8-max,,ProviderHTTPError,0.001592,,,False,,False,,503,,,False,False,,,False,,request_payload_sha256_mismatch,,,,control_before,,,,,,,False,,True,0.0,True,False,,orphaned,47bb5b24cb8defe57cdfd994eb057418ab940d3a85b834f6cde056d1fcfc65ce,,cb7396a81377baf3398d3b7da0236876662115faa2bdb96c4273db6434421a1a,do-close-request-45eeb749a14c29a123ffcfacc632,83d88bb1ce5e163bbea3ea69ba294877fb6e806c712634a80ab133b107be8148,cb7396a81377baf3398d3b7da0236876662115faa2bdb96c4273db6434421a1a,3.102614680014085,,32,tokens,,,do-matched-closure-20260824-r1,digitalocean_public_request_v2,False,transport,,False,,do-close-cell-83d88bb1ce5e163bbea3ea69ba294877fb6e806c712634a80ab133b107be8148,True,,matched_control_closure,do-matched-closure-20260824-r1,direct_completion,,2026-08-24T22:33:24.111662+00:00,provider_error,,,unknown,,,,cap-extended-5,False,invalid_or_censored,"[""not_streamed_ttft_unobservable""]",False,,parameter_interactions,request_declared
,0,,False,,,not_reported_unknown,9b3a59a06d74602751ccf15e6d05877bb0120a14075b65a4e9a8e2288d6febd7,,,cap-pairwise-23,,,do-close-cell-a860956ac71d229703acc4c15940ee58c79e9eff1b8bf82ca5080e8ef41f105c,1,,,True,,,"[""structured_output""]",,,2026-08-24T22:33:27.223203+00:00,qwen3.5-397b-a17b,,ProviderHTTPError,0.000497,,,False,,False,,503,,,False,False,,,False,,request_payload_sha256_mismatch,,,,control_before,,,,,,,False,,True,0.0,True,False,,orphaned,976f86141d313a2c805cf9bb4a1634c9873c619c8d463a9844990d016cd0c7c2,,c684c4204deb5e796649ab06938be04e0e547134bf366153f2d2942b10fc55c3,do-close-request-f2857d1e356f7f5d5e3315d3ed8d,a860956ac71d229703acc4c15940ee58c79e9eff1b8bf82ca5080e8ef41f105c,c684c4204deb5e796649ab06938be04e0e547134bf366153f2d2942b10fc55c3,3.1026918530114926,,32,tokens,,,do-matched-closure-20260824-r1,digitalocean_public_request_v2,False,transport,,False,,do-close-cell-a860956ac71d229703acc4c15940ee58c79e9eff1b8bf82ca5080e8ef41f105c,True,,matched_control_closure,do-matched-closure-20260824-r1,direct_completion,,2026-08-24T22:33:24.120453+00:00,provider_error,,,unknown,,,,cap-pairwise-23,False,invalid_or_censored,"[""not_streamed_ttft_unobservable""]",False,,structured_output,request_declared
,0,,False,,,not_reported_unknown,9b3a59a06d74602751ccf15e6d05877bb0120a14075b65a4e9a8e2288d6febd7,,,extended-parameters-4,,,do-close-cell-3048831485acadd05b8f9eb0e8f55490c93a0392be0379e53b046c10be729f8c,1,,,True,,,"[""parameter_interactions""]",,,2026-08-24T22:33:27.264192+00:00,kimi-k3,,ProviderHTTPError,0.002451,,,False,,False,,500,,,False,False,,,False,,request_payload_sha256_mismatch,,,,control_before,,,,,,,False,,True,0.0,True,False,,orphaned,8c97d9a74f24e01b37b65b6fcb6758c8fffe179e27cb47042c958e8cd343daed,,aa52dd1a7a988859b890fb12df186e74db8ba6f108fa1da7b8fda5489fcfce8d,do-close-request-a3f4c5c77d6ed84d3f9bcf644686,3048831485acadd05b8f9eb0e8f55490c93a0392be0379e53b046c10be729f8c,aa52dd1a7a988859b890fb12df186e74db8ba6f108fa1da7b8fda5489fcfce8d,3.1596167940006126,,32,tokens,,,do-matched-closure-20260824-r1,digitalocean_public_request_v2,False,transport,,False,,do-close-cell-3048831485acadd05b8f9eb0e8f55490c93a0392be0379e53b046c10be729f8c,True,,matched_control_closure,do-matched-closure-20260824-r1,direct_completion,,2026-08-24T22:33:24.104518+00:00,provider_error,,,unknown,,,,cap-extended-4,False,invalid_or_censored,"[""not_streamed_ttft_unobservable""]",False,,parameter_interactions,request_declared
,0,,True,,0,cache_miss_observed,a6fe77266ceab73644ab4cb9f7447804f2ecc7c521858f3a4f9dfa2ca8574937,,,realized-output-1024,,accepted,do-close-cell-92c0e218524fcebfc7f7469ad231f5ba10798feb078a7f17a53ced35cd2b9ac7,1,,,True,accepted,True,"[""output_length""]",,,2026-08-25T00:21:20.412955+00:00,deepseek-v4-flash-0731,,,0.00026068799999999997,,length,False,12.59526079002535,False,0.6878113269922324,200,33,81.30042061621648,False,False,,,False,,request_payload_sha256_mismatch,1024,80.59175332888238,billed_completion_tokens_over_request_minus_streamed_ttft_proxy,probe,,,,,80.59175332888238,12.70601466903463,True,47.94596082406839,True,0.0,True,False,0.6882748709758744,orphaned,92c0e218524fcebfc7f7469ad231f5ba10798feb078a7f17a53ced35cd2b9ac7,,cf77424296226e36d87e221d7efd1f06b8d6d044e894715bf72fa1d277af34cf,do-close-request-1b94190350838a7b3a3469d21e0e,92c0e218524fcebfc7f7469ad231f5ba10798feb078a7f17a53ced35cd2b9ac7,cf77424296226e36d87e221d7efd1f06b8d6d044e894715bf72fa1d277af34cf,13.394289540010504,,1024,tokens,b37dd9d6b225a26f9b3d1e50724d727e55e17eaa3100b1a355165eb11e2557d8,,do-hosted-recovery-20260825-r1,digitalocean_public_request_v2,True,controlled_words,,True,do-close-request-1b94190350838a7b3a3469d21e0e,do-close-cell-92c0e218524fcebfc7f7469ad231f5ba10798feb078a7f17a53ced35cd2b9ac7,False,33,matched_control_closure,do-hosted-recovery-20260825-r1,direct_completion,,2026-08-25T00:21:07.018034+00:00,success,1024,content,streamed,12.706478213018272,,,realized-output-1024,False,valid_ordinary,[],True,0.6882748709758744,output_length,request_declared
,0,,True,,0,cache_miss_observed,a6fe77266ceab73644ab4cb9f7447804f2ecc7c521858f3a4f9dfa2ca8574937,,,realized-output-256,,accepted,do-close-cell-c577bec86b3c0fe030cb4c1a6aebbad21634923edb9d1829f7339f8c83a22d70,1,,,True,accepted,True,"[""output_length""]",,,2026-08-25T00:21:24.150909+00:00,deepseek-v4-flash-0731,,,6.7152e-05,,length,False,3.330808111000806,False,0.38756719301454723,200,33,76.85822523203831,False,False,,,False,,request_payload_sha256_mismatch,256,76.60038470554552,billed_completion_tokens_over_request_minus_streamed_ttft_proxy,probe,,,,,76.60038470554552,3.3420197690138593,True,85.07616629817102,True,0.0,True,False,0.3878877179813571,orphaned,c577bec86b3c0fe030cb4c1a6aebbad21634923edb9d1829f7339f8c83a22d70,,55d75d2b06762d8afa21599ebd942270c67267ce80f1be1b2b541016f5b63068,do-close-request-fa175b0fbd30779942786ce46d68,c577bec86b3c0fe030cb4c1a6aebbad21634923edb9d1829f7339f8c83a22d70,55d75d2b06762d8afa21599ebd942270c67267ce80f1be1b2b541016f5b63068,3.7299074869952165,,256,tokens,53fdec5dbfa237e2dabfe5188958807c629887b7558a6bf543c590ea7525ecb4,,do-hosted-recovery-20260825-r1,digitalocean_public_request_v2,True,controlled_words,,True,do-close-request-fa175b0fbd30779942786ce46d68,do-close-cell-c577bec86b3c0fe030cb4c1a6aebbad21634923edb9d1829f7339f8c83a22d70,False,33,matched_control_closure,do-hosted-recovery-20260825-r1,direct_completion,,2026-08-25T00:21:20.420519+00:00,success,256,content,streamed,3.3423402939806692,,,realized-output-256,False,valid_ordinary,[],True,0.3878877179813571,output_length,request_declared
,0,,True,,0,cache_miss_observed,a6fe77266ceab73644ab4cb9f7447804f2ecc7c521858f3a4f9dfa2ca8574937,,,realized-output-4096,,accepted,do-close-cell-dd6f9a539eda8a914aef5d8808b4f356b2f85c727df2e728e4880c5d91f5a0f3,1,,,True,accepted,True,"[""output_length""]",,,2026-08-25T00:22:17.098764+00:00,deepseek-v4-flash-0731,,,0.001034992,,length,False,52.4125027640257,False,0.3851229599677026,200,35,78.14929232517714,False,False,,,False,,request_payload_sha256_mismatch,4096,77.938322735484,billed_completion_tokens_over_request_minus_streamed_ttft_proxy,probe,,,,,77.938322735484,52.55437705403892,True,90.8077991792046,True,0.0,True,False,0.3854294489719905,orphaned,dd6f9a539eda8a914aef5d8808b4f356b2f85c727df2e728e4880c5d91f5a0f3,,6724ca0e58e10823a8ad2d3870b9507d4f8443255461cc8bfbfa69e816376137,do-close-request-48b82e2dfadac5b84e0c26e4ce6f,dd6f9a539eda8a914aef5d8808b4f356b2f85c727df2e728e4880c5d91f5a0f3,6724ca0e58e10823a8ad2d3870b9507d4f8443255461cc8bfbfa69e816376137,52.939806503010914,,4096,tokens,7bc2ac98a65ecbc7edd34e73eb08adf76c4b2436efec76e64e4bec2052686e4a,,do-hosted-recovery-20260825-r1,digitalocean_public_request_v2,True,controlled_words,,True,do-close-request-48b82e2dfadac5b84e0c26e4ce6f,do-close-cell-dd6f9a539eda8a914aef5d8808b4f356b2f85c727df2e728e4880c5d91f5a0f3,False,35,matched_control_closure,do-hosted-recovery-20260825-r1,direct_completion,,2026-08-25T00:21:24.157840+00:00,success,4096,content,streamed,52.55468354304321,,,realized-output-4096,False,valid_ordinary,[],True,0.3854294489719905,output_length,request_declared
,0,,True,,0,cache_miss_observed,5cbe7089189c4d71da15d09d57175507a3981e1f7ab3cab0dd3629624dcde5ec,,,extended-parameters-5,,,do-close-cell-56ac6270ca0f4101561a6470e04722eda1763e1410c97c6b5a39baa2862ab82f,1,,,True,,,"[""parameter_interactions""]",,,2026-08-25T00:23:35.591967+00:00,deepseek-v4-flash-0731,,,2.976e-06,,stop,True,0.07057070801965892,True,0.40964364301180467,200,12,113.3614813354492,False,False,,,False,,request_payload_sha256_mismatch,8,71.89995909575786,billed_completion_tokens_over_request_minus_streamed_ttft_proxy,control_before,,,,,71.89995909575786,0.11126571003114805,True,29.24844640099219,True,1.0,True,False,0.41027820197632536,orphaned,e51a5fc337b93dd11846502fbc222e25bbc518098e4da5425d72f7829edd9644,,1c8b2529bcfcd933d33933720f19518fad597baf6c0ec21fe2edb0174cb554ed,do-close-request-de514a1d08a8e812a4f8bc441d37,56ac6270ca0f4101561a6470e04722eda1763e1410c97c6b5a39baa2862ab82f,1c8b2529bcfcd933d33933720f19518fad597baf6c0ec21fe2edb0174cb554ed,0.5215439120074734,,32,tokens,24ce61d54d913f3f5ad21810d987698eb50b62aec9558c9671059d8e9f13eaab,,do-hosted-control-20260825-r1,digitalocean_public_request_v2,True,exact_text,,False,do-close-request-6f0142d78715db6031253b769c55,do-close-cell-56ac6270ca0f4101561a6470e04722eda1763e1410c97c6b5a39baa2862ab82f,False,12,matched_control_closure,do-hosted-control-20260825-r1,direct_completion,,2026-08-25T00:23:35.069902+00:00,success,7,content,streamed,0.11190026899566874,,,cap-extended-5,False,valid_ordinary,[],True,0.41027820197632536,parameter_interactions,request_declared
,0,,False,,,not_reported_unknown,5cbe7089189c4d71da15d09d57175507a3981e1f7ab3cab0dd3629624dcde5ec,,,extended-parameters-5,,rejected_exact_tested_state,do-close-cell-56ac6270ca0f4101561a6470e04722eda1763e1410c97c6b5a39baa2862ab82f,1,,,True,matched_control_rejection,True,"[""parameter_interactions""]",,,2026-08-25T00:23:35.948680+00:00,deepseek-v4-flash-0731,,ProviderHTTPError,8.0128e-05,,,False,,False,,400,,,False,False,,,False,,request_payload_sha256_mismatch,,,,probe,,,,,,,False,,True,0.0,True,False,,orphaned,e51a5fc337b93dd11846502fbc222e25bbc518098e4da5425d72f7829edd9644,,abb5f18975c81fdf509879f83d93693ce5df672198a6b0261497741621375648,do-close-request-6f0142d78715db6031253b769c55,56ac6270ca0f4101561a6470e04722eda1763e1410c97c6b5a39baa2862ab82f,abb5f18975c81fdf509879f83d93693ce5df672198a6b0261497741621375648,0.3523194500012323,,64,tokens,,,do-hosted-control-20260825-r1,digitalocean_public_request_v2,False,transport,,True,do-close-request-6f0142d78715db6031253b769c55,do-close-cell-56ac6270ca0f4101561a6470e04722eda1763e1410c97c6b5a39baa2862ab82f,False,,matched_control_closure,do-hosted-control-20260825-r1,direct_completion,,2026-08-25T00:23:35.596307+00:00,client_rejection,,,unknown,,,,cap-extended-5,False,invalid_or_censored,"[""not_streamed_ttft_unobservable""]",False,,parameter_interactions,request_declared
,0,,True,,0,cache_miss_observed,5cbe7089189c4d71da15d09d57175507a3981e1f7ab3cab0dd3629624dcde5ec,,,extended-parameters-5,,,do-close-cell-56ac6270ca0f4101561a6470e04722eda1763e1410c97c6b5a39baa2862ab82f,1,,,True,,,"[""parameter_interactions""]",,,2026-08-25T00:23:36.438528+00:00,deepseek-v4-flash-0731,,,2.976e-06,,stop,True,0.07702883501769975,True,0.3743404390406795,200,12,103.85721136976501,False,False,,,False,,request_payload_sha256_mismatch,8,72.80463096197082,billed_completion_tokens_over_request_minus_streamed_ttft_proxy,control_after,,,,,72.80463096197082,0.10988311999244615,True,32.03047208169951,True,1.0,True,False,0.3746432450134307,orphaned,e51a5fc337b93dd11846502fbc222e25bbc518098e4da5425d72f7829edd9644,,70b1708bf411b0a0cca378eec9679a6ecb9a1a99ba9e0b643df4b8a7282a2ab1,do-close-request-98735975286250731ee84a448379,56ac6270ca0f4101561a6470e04722eda1763e1410c97c6b5a39baa2862ab82f,70b1708bf411b0a0cca378eec9679a6ecb9a1a99ba9e0b643df4b8a7282a2ab1,0.48452636500587687,,32,tokens,24ce61d54d913f3f5ad21810d987698eb50b62aec9558c9671059d8e9f13eaab,,do-hosted-control-20260825-r1,digitalocean_public_request_v2,True,exact_text,,False,do-close-request-6f0142d78715db6031253b769c55,do-close-cell-56ac6270ca0f4101561a6470e04722eda1763e1410c97c6b5a39baa2862ab82f,False,12,matched_control_closure,do-hosted-control-20260825-r1,direct_completion,,2026-08-25T00:23:35.953605+00:00,success,7,content,streamed,0.11018592596519738,,,cap-extended-5,False,valid_ordinary,[],True,0.3746432450134307,parameter_interactions,request_declared
,0,,True,,0,cache_miss_observed,5cbe7089189c4d71da15d09d57175507a3981e1f7ab3cab0dd3629624dcde5ec,,,realized-output-1024,,accepted,do-close-cell-92c0e218524fcebfc7f7469ad231f5ba10798feb078a7f17a53ced35cd2b9ac7,1,,,True,accepted,True,"[""output_length""]",,,2026-08-25T00:23:49.725427+00:00,deepseek-v4-flash-0731,,,0.00026068799999999997,,length,False,12.79943152301712,False,0.4084167940309271,200,33,80.00355313894595,False,False,,,False,,request_payload_sha256_mismatch,1024,79.56364606865918,billed_completion_tokens_over_request_minus_streamed_ttft_proxy,probe,,,,,79.56364606865918,12.87019952700939,True,80.51937809789558,True,0.0,True,False,0.40983923099702224,orphaned,92c0e218524fcebfc7f7469ad231f5ba10798feb078a7f17a53ced35cd2b9ac7,,cf77424296226e36d87e221d7efd1f06b8d6d044e894715bf72fa1d277af34cf,do-close-request-1b94190350838a7b3a3469d21e0e,92c0e218524fcebfc7f7469ad231f5ba10798feb078a7f17a53ced35cd2b9ac7,cf77424296226e36d87e221d7efd1f06b8d6d044e894715bf72fa1d277af34cf,13.280038758006413,,1024,tokens,b37dd9d6b225a26f9b3d1e50724d727e55e17eaa3100b1a355165eb11e2557d8,,do-hosted-control-20260825-r1,digitalocean_public_request_v2,True,controlled_words,,True,do-close-request-1b94190350838a7b3a3469d21e0e,do-close-cell-92c0e218524fcebfc7f7469ad231f5ba10798feb078a7f17a53ced35cd2b9ac7,False,33,matched_control_closure,do-hosted-control-20260825-r1,direct_completion,,2026-08-25T00:23:36.444875+00:00,success,1024,content,streamed,12.871621963975485,,,realized-output-1024,False,valid_ordinary,[],True,0.40983923099702224,output_length,request_declared
,0,,True,,0,cache_miss_observed,5cbe7089189c4d71da15d09d57175507a3981e1f7ab3cab0dd3629624dcde5ec,,,realized-output-256,,accepted,do-close-cell-c577bec86b3c0fe030cb4c1a6aebbad21634923edb9d1829f7339f8c83a22d70,1,,,True,accepted,True,"[""output_length""]",,,2026-08-25T00:23:53.202767+00:00,deepseek-v4-flash-0731,,,6.7152e-05,,length,False,3.0929324069875292,False,0.3593303589732386,200,33,82.76934840918177,False,False,,,False,,request_payload_sha256_mismatch,256,82.29971497931977,billed_completion_tokens_over_request_minus_streamed_ttft_proxy,probe,,,,,82.29971497931977,3.110581853950862,True,91.73855401903724,True,0.0,True,False,0.35971789999166504,orphaned,c577bec86b3c0fe030cb4c1a6aebbad21634923edb9d1829f7339f8c83a22d70,,55d75d2b06762d8afa21599ebd942270c67267ce80f1be1b2b541016f5b63068,do-close-request-fa175b0fbd30779942786ce46d68,c577bec86b3c0fe030cb4c1a6aebbad21634923edb9d1829f7339f8c83a22d70,55d75d2b06762d8afa21599ebd942270c67267ce80f1be1b2b541016f5b63068,3.470299753942527,,256,tokens,53fdec5dbfa237e2dabfe5188958807c629887b7558a6bf543c590ea7525ecb4,,do-hosted-control-20260825-r1,digitalocean_public_request_v2,True,controlled_words,,True,do-close-request-fa175b0fbd30779942786ce46d68,do-close-cell-c577bec86b3c0fe030cb4c1a6aebbad21634923edb9d1829f7339f8c83a22d70,False,33,matched_control_closure,do-hosted-control-20260825-r1,direct_completion,,2026-08-25T00:23:49.731985+00:00,success,256,content,streamed,3.1109693949692883,,,realized-output-256,False,valid_ordinary,[],True,0.35971789999166504,output_length,request_declared
,0,,True,,0,cache_miss_observed,5cbe7089189c4d71da15d09d57175507a3981e1f7ab3cab0dd3629624dcde5ec,,,realized-output-4096,,accepted,do-close-cell-dd6f9a539eda8a914aef5d8808b4f356b2f85c727df2e728e4880c5d91f5a0f3,1,,,True,accepted,True,"[""output_length""]",,,2026-08-25T00:24:45.744300+00:00,deepseek-v4-flash-0731,,,0.001034992,,length,False,51.99926909501664,False,0.37603853800101206,200,35,78.77033795447214,False,False,,,False,,request_payload_sha256_mismatch,4096,78.53149764764484,billed_completion_tokens_over_request_minus_streamed_ttft_proxy,probe,,,,,78.53149764764484,52.15741610300029,True,92.95836161144335,True,0.0,True,False,0.3765126600046642,orphaned,dd6f9a539eda8a914aef5d8808b4f356b2f85c727df2e728e4880c5d91f5a0f3,,6724ca0e58e10823a8ad2d3870b9507d4f8443255461cc8bfbfa69e816376137,do-close-request-48b82e2dfadac5b84e0c26e4ce6f,dd6f9a539eda8a914aef5d8808b4f356b2f85c727df2e728e4880c5d91f5a0f3,6724ca0e58e10823a8ad2d3870b9507d4f8443255461cc8bfbfa69e816376137,52.53392876300495,,4096,tokens,7bc2ac98a65ecbc7edd34e73eb08adf76c4b2436efec76e64e4bec2052686e4a,,do-hosted-control-20260825-r1,digitalocean_public_request_v2,True,controlled_words,,True,do-close-request-48b82e2dfadac5b84e0c26e4ce6f,do-close-cell-dd6f9a539eda8a914aef5d8808b4f356b2f85c727df2e728e4880c5d91f5a0f3,False,35,matched_control_closure,do-hosted-control-20260825-r1,direct_completion,,2026-08-25T00:23:53.209192+00:00,success,4096,content,streamed,52.15789022500394,,,realized-output-4096,False,valid_ordinary,[],True,0.3765126600046642,output_length,request_declared
,0,,True,,0,cache_miss_observed,8b66f3fed616343a7c9d97741208e5a21de115c50305b38370a86796a61968de,,,cap-pairwise-08,,,do-close-cell-ec92ed96be883402f2f497a876ccd85c379ac6e8af5358189894f7349198be90,1,,,True,,,"[""parameter_interactions""]",,,2026-08-25T00:25:32.335638+00:00,gemma-4-31B-it,,,9.32e-06,,stop,True,0.16709167999215424,True,0.45409904699772596,200,24,59.847384384845185,False,False,,,False,,request_payload_sha256_mismatch,10,44.29301293851042,billed_completion_tokens_over_request_minus_streamed_ttft_proxy,control_before,,,,,44.29301293851042,0.2257692429702729,True,52.80989200746976,True,1.0,True,False,0.45446031203027815,orphaned,c1034994e3c5048707db4258e7bf6ea232aac66a2558194ccdfffabbadcab5d0,,3df5cafb1b77960167623e45b709648e7969dbb01dbcbe51e2d36a67f2c52312,do-close-request-3dc203943d768cf80b3005c6a6dd,ec92ed96be883402f2f497a876ccd85c379ac6e8af5358189894f7349198be90,3df5cafb1b77960167623e45b709648e7969dbb01dbcbe51e2d36a67f2c52312,0.680229555000551,,32,tokens,c4bba0180c61ef21982e6486dce52e746ca9f4f85317b4cc5d1bcf3573d7afb5,,do-hosted-closure-20260825-r1,digitalocean_public_request_v2,True,exact_text,,False,do-close-request-cf1fb51630492d6be3e5753eb9ff,do-close-cell-ec92ed96be883402f2f497a876ccd85c379ac6e8af5358189894f7349198be90,False,24,matched_control_closure,do-hosted-closure-20260825-r1,direct_completion,,2026-08-25T00:25:31.647911+00:00,success,9,content,streamed,0.22613050800282508,,,cap-pairwise-08,False,valid_ordinary,[],True,0.45446031203027815,parameter_interactions,request_declared
,0,,True,,0,cache_miss_observed,8b66f3fed616343a7c9d97741208e5a21de115c50305b38370a86796a61968de,,,cap-pairwise-00,,,do-close-cell-04eaf291a8fe0b92c81d930ef34d991b6534e021f072fb50d9870570f99a9e5e,1,,,True,,,"[""parameter_interactions""]",,,2026-08-25T00:25:32.568864+00:00,glm-5.2,,,8.580000000000001e-05,,length,False,0.31784493097802624,False,0.5678778780275024,200,22,100.67802529218964,False,False,,,False,,request_payload_sha256_mismatch,32,94.95979013488903,billed_completion_tokens_over_request_minus_streamed_ttft_proxy,control_before,,,,,94.95979013488903,0.3369847380090505,True,38.72023511935192,True,0.0,True,False,0.5681783680338413,orphaned,ffbd23b7215ddc22a3f9d2a428cf2e58681b0ffb6f4ff91bac04870964a02d74,,7d8cde1dee06b28b02530aa53347967861558fe572a2a40c5317dcb241aa8011,do-close-request-bfcb5007ab92982d7691921a1269,04eaf291a8fe0b92c81d930ef34d991b6534e021f072fb50d9870570f99a9e5e,7d8cde1dee06b28b02530aa53347967861558fe572a2a40c5317dcb241aa8011,0.9051631060428917,,32,tokens,799945b902dd7a1352d8807886f0dd363d07f9a3a4faa04a8f69b59d3b8d483f,,do-hosted-closure-20260825-r1,digitalocean_public_request_v2,True,exact_text,,False,do-close-request-cbd9fc8183802e5189e038f1ce97,do-close-cell-04eaf291a8fe0b92c81d930ef34d991b6534e021f072fb50d9870570f99a9e5e,False,22,matched_control_closure,do-hosted-closure-20260825-r1,direct_completion,,2026-08-25T00:25:31.652326+00:00,success,9,reasoning,streamed,0.3372852280153893,,,cap-pairwise-00,False,valid_ordinary,[],True,0.5681783680338413,parameter_interactions,request_declared
,0,,False,,,not_reported_unknown,8b66f3fed616343a7c9d97741208e5a21de115c50305b38370a86796a61968de,,,cap-pairwise-00,,inconclusive,do-close-cell-04eaf291a8fe0b92c81d930ef34d991b6534e021f072fb50d9870570f99a9e5e,1,,,True,matched_control_inconclusive,False,"[""parameter_interactions""]",,,2026-08-25T00:25:32.889295+00:00,glm-5.2,,ProviderHTTPError,0.0007652000000000001,,,False,,False,,400,,,False,False,,,False,,request_payload_sha256_mismatch,,,,probe,,,,,,,False,,True,0.0,True,False,,orphaned,ffbd23b7215ddc22a3f9d2a428cf2e58681b0ffb6f4ff91bac04870964a02d74,,e73fc75af946707b759703c7bc6a125745e3d1ab4cd9096fc5450b75f8d75dc4,do-close-request-cbd9fc8183802e5189e038f1ce97,04eaf291a8fe0b92c81d930ef34d991b6534e021f072fb50d9870570f99a9e5e,e73fc75af946707b759703c7bc6a125745e3d1ab4cd9096fc5450b75f8d75dc4,0.3155049199704081,,64,tokens,,,do-hosted-closure-20260825-r1,digitalocean_public_request_v2,False,transport,,True,do-close-request-cbd9fc8183802e5189e038f1ce97,do-close-cell-04eaf291a8fe0b92c81d930ef34d991b6534e021f072fb50d9870570f99a9e5e,False,,matched_control_closure,do-hosted-closure-20260825-r1,direct_completion,,2026-08-25T00:25:32.573715+00:00,client_rejection,,,unknown,,,,cap-pairwise-00,False,invalid_or_censored,"[""not_streamed_ttft_unobservable""]",False,,parameter_interactions,request_declared
,0,,True,,0,cache_miss_observed,8b66f3fed616343a7c9d97741208e5a21de115c50305b38370a86796a61968de,,,cap-pairwise-06,,,do-close-cell-76ba8d682ba8e05301737e1be27174bc37912dabb0b1f23e9e5015989e036245,1,,,True,,,"[""parameter_interactions""]",,,2026-08-25T00:25:33.011502+00:00,minimax-m2.5,,,5.2199999999999995e-05,,length,False,0.5309610550175421,False,0.7043969290098175,200,46,60.268073708236045,False,False,,,False,,request_payload_sha256_mismatch,32,49.7305936012183,billed_completion_tokens_over_request_minus_streamed_ttft_proxy,control_before,,,,,49.7305936012183,0.6434670829912648,True,65.27708312739566,True,0.0,True,False,0.7046883499715477,orphaned,60065488aa27b6c01d4e13c0ec9d49cb1a74664e228292935fd0c6b8de7fdeb9,,8a15d0e403d2c0d89473c117ececde9b82acb7ee4fd9834e8c9172d9bf8781ea,do-close-request-e4dfd98eaa3352b7238565b74ada,76ba8d682ba8e05301737e1be27174bc37912dabb0b1f23e9e5015989e036245,8a15d0e403d2c0d89473c117ececde9b82acb7ee4fd9834e8c9172d9bf8781ea,1.3481554329628125,,32,tokens,7ddcd9638e30b6b2af46cbb1dce09b7dcfd948680d90bfcf8f711b52c72bdc59,,do-hosted-closure-20260825-r1,digitalocean_public_request_v2,True,exact_text,,False,do-close-request-19cdd37b1b576c400783fce39f7b,do-close-cell-76ba8d682ba8e05301737e1be27174bc37912dabb0b1f23e9e5015989e036245,False,46,matched_control_closure,do-hosted-closure-20260825-r1,direct_completion,,2026-08-25T00:25:31.650183+00:00,success,32,reasoning,streamed,0.6437585039529949,,,cap-pairwise-06,False,valid_ordinary,[],True,0.7046883499715477,parameter_interactions,request_declared
,0,,False,,,not_reported_unknown,8b66f3fed616343a7c9d97741208e5a21de115c50305b38370a86796a61968de,,,cap-pairwise-06,,inconclusive,do-close-cell-76ba8d682ba8e05301737e1be27174bc37912dabb0b1f23e9e5015989e036245,1,,,True,matched_control_inconclusive,False,"[""parameter_interactions""]",,,2026-08-25T00:25:33.503452+00:00,minimax-m2.5,,ProviderHTTPError,0.0003372,,,False,,False,,400,,,False,False,,,False,,request_payload_sha256_mismatch,,,,probe,,,,,,,False,,True,0.0,True,False,,orphaned,60065488aa27b6c01d4e13c0ec9d49cb1a74664e228292935fd0c6b8de7fdeb9,,1c82c24d8320cbaf3e38f87b933f8bb7cc37e6b75721908f3db88d2da0876639,do-close-request-19cdd37b1b576c400783fce39f7b,76ba8d682ba8e05301737e1be27174bc37912dabb0b1f23e9e5015989e036245,1c82c24d8320cbaf3e38f87b933f8bb7cc37e6b75721908f3db88d2da0876639,0.48737452999921516,,64,tokens,,,do-hosted-closure-20260825-r1,digitalocean_public_request_v2,False,transport,,True,do-close-request-19cdd37b1b576c400783fce39f7b,do-close-cell-76ba8d682ba8e05301737e1be27174bc37912dabb0b1f23e9e5015989e036245,False,,matched_control_closure,do-hosted-closure-20260825-r1,direct_completion,,2026-08-25T00:25:33.016020+00:00,client_rejection,,,unknown,,,,cap-pairwise-06,False,invalid_or_censored,"[""not_streamed_ttft_unobservable""]",False,,parameter_interactions,request_declared
,0,,True,,0,cache_miss_observed,8b66f3fed616343a7c9d97741208e5a21de115c50305b38370a86796a61968de,,,cap-pairwise-08,,accepted,do-close-cell-ec92ed96be883402f2f497a876ccd85c379ac6e8af5358189894f7349198be90,1,,,True,accepted,True,"[""parameter_interactions""]",,,2026-08-25T00:25:33.684633+00:00,gemma-4-31B-it,,,2.328e-05,,stop,True,0.7246165020042099,True,0.47644743003183976,200,21,53.821573055720194,False,False,,,False,,request_payload_sha256_mismatch,39,48.61289419743185,billed_completion_tokens_over_request_minus_streamed_ttft_proxy,probe,,,,,48.61289419743185,0.8022562870173715,True,38.84166799509402,True,1.0,True,False,0.540656492987182,orphaned,c1034994e3c5048707db4258e7bf6ea232aac66a2558194ccdfffabbadcab5d0,,f3df05514d03408922f505ee1c2ceab1eb3d8fddd1ff5f15c495193ece56843b,do-close-request-cf1fb51630492d6be3e5753eb9ff,ec92ed96be883402f2f497a876ccd85c379ac6e8af5358189894f7349198be90,f3df05514d03408922f505ee1c2ceab1eb3d8fddd1ff5f15c495193ece56843b,1.3429127800045535,,64,tokens,14e175a02b115956b209b62333ebaedcc6ad65d70e48d776aefb3a809fef3c36,,do-hosted-closure-20260825-r1,digitalocean_public_request_v2,True,exact_text,,True,do-close-request-cf1fb51630492d6be3e5753eb9ff,do-close-cell-ec92ed96be883402f2f497a876ccd85c379ac6e8af5358189894f7349198be90,False,21,matched_control_closure,do-hosted-closure-20260825-r1,direct_completion,,2026-08-25T00:25:32.341173+00:00,success,32,reasoning,streamed,0.8664653499727137,,,cap-pairwise-08,False,valid_ordinary,[],True,0.540656492987182,parameter_interactions,request_declared
,0,,True,,0,cache_miss_observed,8b66f3fed616343a7c9d97741208e5a21de115c50305b38370a86796a61968de,,,cap-pairwise-00,,,do-close-cell-04eaf291a8fe0b92c81d930ef34d991b6534e021f072fb50d9870570f99a9e5e,1,,,True,,,"[""parameter_interactions""]",,,2026-08-25T00:25:34.252469+00:00,glm-5.2,,,8.580000000000001e-05,,length,False,0.25685794302262366,False,1.069066361989826,200,22,124.58248175405457,False,False,,,False,,request_payload_sha256_mismatch,32,110.67167384379695,billed_completion_tokens_over_request_minus_streamed_ttft_proxy,control_after,,,,,110.67167384379695,0.289143544039689,True,20.57391643228021,True,0.0,True,False,1.0693151239538565,orphaned,ffbd23b7215ddc22a3f9d2a428cf2e58681b0ffb6f4ff91bac04870964a02d74,,9dddc5bbbba4cb6c521681534d6b2ed58439ac9507eec4274b9c3009560fb842,do-close-request-003f5fe0f2ba0d98b3f772662ee5,04eaf291a8fe0b92c81d930ef34d991b6534e021f072fb50d9870570f99a9e5e,9dddc5bbbba4cb6c521681534d6b2ed58439ac9507eec4274b9c3009560fb842,1.3584586679935455,,32,tokens,2e7196d3c0d54998e5d3692cd9e83f6aeb278d727c3309fc7c7662c9900d4247,,do-hosted-closure-20260825-r1,digitalocean_public_request_v2,True,exact_text,,False,do-close-request-cbd9fc8183802e5189e038f1ce97,do-close-cell-04eaf291a8fe0b92c81d930ef34d991b6534e021f072fb50d9870570f99a9e5e,False,22,matched_control_closure,do-hosted-closure-20260825-r1,direct_completion,,2026-08-25T00:25:32.893683+00:00,success,10,reasoning,streamed,0.28939230600371957,,,cap-pairwise-00,False,valid_ordinary,[],True,1.0693151239538565,parameter_interactions,request_declared
,0,,True,,0,cache_miss_observed,8b66f3fed616343a7c9d97741208e5a21de115c50305b38370a86796a61968de,,,cap-pairwise-08,,,do-close-cell-ec92ed96be883402f2f497a876ccd85c379ac6e8af5358189894f7349198be90,1,,,True,,,"[""parameter_interactions""]",,,2026-08-25T00:25:34.304134+00:00,gemma-4-31B-it,,,9.32e-06,,stop,True,0.17503469699295238,True,0.40566667600069195,200,24,57.13152975836923,False,False,,,False,,request_payload_sha256_mismatch,10,48.157319641534635,billed_completion_tokens_over_request_minus_streamed_ttft_proxy,control_after,,,,,48.157319641534635,0.2076527529861778,True,59.08080299734603,True,1.0,True,False,0.4062233209842816,orphaned,c1034994e3c5048707db4258e7bf6ea232aac66a2558194ccdfffabbadcab5d0,,f899f82c40ef67e4278d36cfb4cb4cda82153a3f1552cf54eb60fc8e3639562b,do-close-request-2b20a675f9d0b3e8907034923e5a,ec92ed96be883402f2f497a876ccd85c379ac6e8af5358189894f7349198be90,f899f82c40ef67e4278d36cfb4cb4cda82153a3f1552cf54eb60fc8e3639562b,0.6138760739704594,,32,tokens,c4bba0180c61ef21982e6486dce52e746ca9f4f85317b4cc5d1bcf3573d7afb5,,do-hosted-closure-20260825-r1,digitalocean_public_request_v2,True,exact_text,,False,do-close-request-cf1fb51630492d6be3e5753eb9ff,do-close-cell-ec92ed96be883402f2f497a876ccd85c379ac6e8af5358189894f7349198be90,False,24,matched_control_closure,do-hosted-closure-20260825-r1,direct_completion,,2026-08-25T00:25:33.689851+00:00,success,9,content,streamed,0.20820939796976745,,,cap-pairwise-08,False,valid_ordinary,[],True,0.4062233209842816,parameter_interactions,request_declared
,0,,True,,32,cache_hit_observed,8b66f3fed616343a7c9d97741208e5a21de115c50305b38370a86796a61968de,,,cap-pairwise-06,,,do-close-cell-76ba8d682ba8e05301737e1be27174bc37912dabb0b1f23e9e5015989e036245,1,,,True,,,"[""parameter_interactions""]",,,2026-08-25T00:25:34.320249+00:00,minimax-m2.5,,,5.2199999999999995e-05,,length,False,0.4287272520014085,False,0.36406267498387024,200,46,74.63952862948602,False,False,,,False,,request_payload_sha256_mismatch,32,71.53456681517656,billed_completion_tokens_over_request_minus_streamed_ttft_proxy,control_after,,,,,71.53456681517656,0.44733618199825287,False,,True,0.0,True,False,0.3643978739855811,orphaned,60065488aa27b6c01d4e13c0ec9d49cb1a74664e228292935fd0c6b8de7fdeb9,,e4d69e991729dee961a5ec7c6d571a707eb9ecb2d102b3595b78af4b78bd70bf,do-close-request-5aa26f26e2c1ae59826e33d2de2c,76ba8d682ba8e05301737e1be27174bc37912dabb0b1f23e9e5015989e036245,e4d69e991729dee961a5ec7c6d571a707eb9ecb2d102b3595b78af4b78bd70bf,0.811734055983834,,32,tokens,94551e46435da0d4d9394cc750e818efa66341e26dd8a8e5791e5d7c662ee8a3,,do-hosted-closure-20260825-r1,digitalocean_public_request_v2,True,exact_text,,False,do-close-request-19cdd37b1b576c400783fce39f7b,do-close-cell-76ba8d682ba8e05301737e1be27174bc37912dabb0b1f23e9e5015989e036245,False,46,matched_control_closure,do-hosted-closure-20260825-r1,direct_completion,,2026-08-25T00:25:33.508171+00:00,success,32,reasoning,streamed,0.44767138099996373,,,cap-pairwise-06,False,valid_ordinary,[],True,0.3643978739855811,parameter_interactions,request_declared
,0,,True,,0,cache_miss_observed,8b66f3fed616343a7c9d97741208e5a21de115c50305b38370a86796a61968de,,,cap-pairwise-06,,,do-close-cell-2516e38fede9bfa79a2029ae58311772d6508d66f532a0a07a20f9dbadcc5133,1,,,True,,,"[""parameter_interactions""]",,,2026-08-25T00:25:34.496785+00:00,qwen3.5-397b-a17b,,,0.000123,,length,False,2.2000352720497176,False,0.5953694370109588,200,20,14.545221345558884,False,False,,,False,,request_payload_sha256_mismatch,32,14.307726921296732,billed_completion_tokens_over_request_minus_streamed_ttft_proxy,control_before,,,,,14.307726921296732,2.236553729046136,True,33.5668328402514,True,0.0,True,False,0.5958262459607795,orphaned,4353d876ba6920d0b8a280ca1498623ed77d1c02199c5790760be6b5f0147a30,,2682551c043fce0b9c060c09e5cc9722580a2b92ce32c08a4ea12d0651f60d32,do-close-request-bacaa3f02ce65017e3e49b48ea8b,2516e38fede9bfa79a2029ae58311772d6508d66f532a0a07a20f9dbadcc5133,2682551c043fce0b9c060c09e5cc9722580a2b92ce32c08a4ea12d0651f60d32,2.8323799750069156,,32,tokens,18c1faa67ee1372ddb88f84bb2ed3c023a240cfe269cd7f7f32a06247ab35bc8,,do-hosted-closure-20260825-r1,digitalocean_public_request_v2,True,exact_text,,False,do-close-request-e3402f6b9365c43db86e7f78641e,do-close-cell-2516e38fede9bfa79a2029ae58311772d6508d66f532a0a07a20f9dbadcc5133,False,20,matched_control_closure,do-hosted-closure-20260825-r1,direct_completion,,2026-08-25T00:25:31.654599+00:00,success,32,reasoning,streamed,2.237010537995957,,,cap-pairwise-06,False,valid_ordinary,[],True,0.5958262459607795,parameter_interactions,request_declared
,0,,False,,,not_reported_unknown,8b66f3fed616343a7c9d97741208e5a21de115c50305b38370a86796a61968de,,,cap-pairwise-06,,inconclusive,do-close-cell-2516e38fede9bfa79a2029ae58311772d6508d66f532a0a07a20f9dbadcc5133,1,,,True,matched_control_inconclusive,False,"[""parameter_interactions""]",,,2026-08-25T00:25:34.837515+00:00,qwen3.5-397b-a17b,,ProviderHTTPError,0.0007014000000000001,,,False,,False,,400,,,False,False,,,False,,request_payload_sha256_mismatch,,,,probe,,,,,,,False,,True,0.0,True,False,,orphaned,4353d876ba6920d0b8a280ca1498623ed77d1c02199c5790760be6b5f0147a30,,02d1132f323fd56863442e3d1bcb2cd00ddaa4d12e9042f5478164fd3ff3c080,do-close-request-e3402f6b9365c43db86e7f78641e,2516e38fede9bfa79a2029ae58311772d6508d66f532a0a07a20f9dbadcc5133,02d1132f323fd56863442e3d1bcb2cd00ddaa4d12e9042f5478164fd3ff3c080,0.33605394401820377,,64,tokens,,,do-hosted-closure-20260825-r1,digitalocean_public_request_v2,False,transport,,True,do-close-request-e3402f6b9365c43db86e7f78641e,do-close-cell-2516e38fede9bfa79a2029ae58311772d6508d66f532a0a07a20f9dbadcc5133,False,,matched_control_closure,do-hosted-closure-20260825-r1,direct_completion,,2026-08-25T00:25:34.501404+00:00,client_rejection,,,unknown,,,,cap-pairwise-06,False,invalid_or_censored,"[""not_streamed_ttft_unobservable""]",False,,parameter_interactions,request_declared
,0,,True,,0,cache_miss_observed,8b66f3fed616343a7c9d97741208e5a21de115c50305b38370a86796a61968de,,,cap-pairwise-15,,,do-close-cell-3454890f5d53f2b62ea55f8f3b54a532b8b074a31e6f36ca19eb49eeff0a7577,1,,,True,,,"[""parameter_interactions""]",,,2026-08-25T00:25:34.861034+00:00,gemma-4-31B-it,,,9.32e-06,,stop,True,0.18473248602822423,True,0.3464631030219607,200,24,54.13233056622297,False,False,,,False,,request_payload_sha256_mismatch,10,49.601089923594,billed_completion_tokens_over_request_minus_streamed_ttft_proxy,control_before,,,,,49.601089923594,0.20160847302759066,True,69.2035540045803,True,1.0,True,False,0.3468029979849234,orphaned,493fb73d5ebd6f7874f78c412b44354f19e6a31e937e1daa758e958c87fb1397,,2f838c35161518c23ec3ee8c44e221105641fa57dd237ca431476a434b3dd3eb,do-close-request-b8557bde752b8e85bd69d9e54b0c,3454890f5d53f2b62ea55f8f3b54a532b8b074a31e6f36ca19eb49eeff0a7577,2f838c35161518c23ec3ee8c44e221105641fa57dd237ca431476a434b3dd3eb,0.5484114710125141,,32,tokens,b584c9e483eb32afd1f09e1600a564512fbe03d92c341263111ebcf53d180281,,do-hosted-closure-20260825-r1,digitalocean_public_request_v2,True,exact_text,,False,do-close-request-6d68f9085de5616030299993eaba,do-close-cell-3454890f5d53f2b62ea55f8f3b54a532b8b074a31e6f36ca19eb49eeff0a7577,False,24,matched_control_closure,do-hosted-closure-20260825-r1,direct_completion,,2026-08-25T00:25:34.311718+00:00,success,9,content,streamed,0.20194836799055338,,,cap-pairwise-15,False,valid_ordinary,[],True,0.3468029979849234,parameter_interactions,request_declared
,0,,True,,0,cache_miss_observed,8b66f3fed616343a7c9d97741208e5a21de115c50305b38370a86796a61968de,,,cap-pairwise-01,,,do-close-cell-78c30874554fe528edb7d472b00f10e98c44d57f4788dca17ffa5c27fc896961,1,,,True,,,"[""parameter_interactions""]",,,2026-08-25T00:25:34.942955+00:00,glm-5.2,,,8.510000000000001e-05,,length,False,0.2606631559901871,False,0.40317324199713767,200,21,122.76380172886678,False,False,,,False,,request_payload_sha256_mismatch,32,114.4485721638426,billed_completion_tokens_over_request_minus_streamed_ttft_proxy,control_before,,,,,114.4485721638426,0.27960156596964225,True,52.05234423882393,True,0.0,True,False,0.40344004303915426,orphaned,879bce01a651f6a96148d535e9a23ae969aa5d2596b1906c5f457c9b563f3a54,,af366eeac480382e2688e8bd7f1225a78de40cb70648af4f0d975897de4fb1ad,do-close-request-a3c7d5023e13b691fb3c7481cbf6,78c30874554fe528edb7d472b00f10e98c44d57f4788dca17ffa5c27fc896961,af366eeac480382e2688e8bd7f1225a78de40cb70648af4f0d975897de4fb1ad,0.6830416090087965,,32,tokens,a73358623adb019095c6d3a86096e4c0bd87601616c55e43a0d5f715cf7c86fa,,do-hosted-closure-20260825-r1,digitalocean_public_request_v2,True,exact_text,,False,do-close-request-8e7167ac12eee021375ec0decc39,do-close-cell-78c30874554fe528edb7d472b00f10e98c44d57f4788dca17ffa5c27fc896961,False,21,matched_control_closure,do-hosted-closure-20260825-r1,direct_completion,,2026-08-25T00:25:34.259523+00:00,success,10,reasoning,streamed,0.27986836701165885,,,cap-pairwise-01,False,valid_ordinary,[],True,0.40344004303915426,parameter_interactions,request_declared
,0,,True,,32,cache_hit_observed,8b66f3fed616343a7c9d97741208e5a21de115c50305b38370a86796a61968de,,,cap-pairwise-16,,,do-close-cell-eb44c8f93f2826ded9eed90ed7427644b7efd270f100781126c67c17ec79bdc3,1,,,True,,,"[""parameter_interactions""]",,,2026-08-25T00:25:35.206698+00:00,minimax-m2.5,,,5.25e-05,,length,False,0.4271869559888728,False,0.44360469898674637,200,47,74.90865428211606,False,False,,,False,,request_payload_sha256_mismatch,32,73.469976884692,billed_completion_tokens_over_request_minus_streamed_ttft_proxy,control_before,,,,,73.469976884692,0.43555206299060956,False,,True,0.0,True,False,0.4439615900046192,orphaned,0b6acf6c64640c9439fcef770a5a08a57fb1301e08aceb8b4ea9504d64487d90,,f4fd0d91037085a130802b7713ba7997c8f2513a25fb5a0f99ef6331f372d5fa,do-close-request-9d24c08d155b862ff49a2557b1a9,eb44c8f93f2826ded9eed90ed7427644b7efd270f100781126c67c17ec79bdc3,f4fd0d91037085a130802b7713ba7997c8f2513a25fb5a0f99ef6331f372d5fa,0.8795136529952288,,32,tokens,8e45d237e8659e2b189615310af39638e98617d89b921a4bd28b414f3df457e1,,do-hosted-closure-20260825-r1,digitalocean_public_request_v2,True,exact_text,,False,do-close-request-ceccb74702f7875e3432f1a4542e,do-close-cell-eb44c8f93f2826ded9eed90ed7427644b7efd270f100781126c67c17ec79bdc3,False,47,matched_control_closure,do-hosted-closure-20260825-r1,direct_completion,,2026-08-25T00:25:34.326826+00:00,success,32,reasoning,streamed,0.4359089540084824,,,cap-pairwise-16,False,valid_ordinary,[],True,0.4439615900046192,parameter_interactions,request_declared
,0,,False,,,not_reported_unknown,8b66f3fed616343a7c9d97741208e5a21de115c50305b38370a86796a61968de,,,cap-pairwise-01,,inconclusive,do-close-cell-78c30874554fe528edb7d472b00f10e98c44d57f4788dca17ffa5c27fc896961,1,,,True,matched_control_inconclusive,False,"[""parameter_interactions""]",,,2026-08-25T00:25:35.315577+00:00,glm-5.2,,ProviderHTTPError,0.0007645,,,False,,False,,400,,,False,False,,,False,,request_payload_sha256_mismatch,,,,probe,,,,,,,False,,True,0.0,True,False,,orphaned,879bce01a651f6a96148d535e9a23ae969aa5d2596b1906c5f457c9b563f3a54,,9842188caea7733ae00a81fb23468e39e7f369cafc4ae327e39658c95917467b,do-close-request-8e7167ac12eee021375ec0decc39,78c30874554fe528edb7d472b00f10e98c44d57f4788dca17ffa5c27fc896961,9842188caea7733ae00a81fb23468e39e7f369cafc4ae327e39658c95917467b,0.36843231396051124,,64,tokens,,,do-hosted-closure-20260825-r1,digitalocean_public_request_v2,False,transport,,True,do-close-request-8e7167ac12eee021375ec0decc39,do-close-cell-78c30874554fe528edb7d472b00f10e98c44d57f4788dca17ffa5c27fc896961,False,,matched_control_closure,do-hosted-closure-20260825-r1,direct_completion,,2026-08-25T00:25:34.947095+00:00,client_rejection,,,unknown,,,,cap-pairwise-01,False,invalid_or_censored,"[""not_streamed_ttft_unobservable""]",False,,parameter_interactions,request_declared
,0,,False,,,not_reported_unknown,8b66f3fed616343a7c9d97741208e5a21de115c50305b38370a86796a61968de,,,cap-pairwise-16,,inconclusive,do-close-cell-eb44c8f93f2826ded9eed90ed7427644b7efd270f100781126c67c17ec79bdc3,1,,,True,matched_control_inconclusive,False,"[""parameter_interactions""]",,,2026-08-25T00:25:35.702156+00:00,minimax-m2.5,,ProviderHTTPError,0.0004323,,,False,,False,,400,,,False,False,,,False,,request_payload_sha256_mismatch,,,,probe,,,,,,,False,,True,0.0,True,False,,orphaned,0b6acf6c64640c9439fcef770a5a08a57fb1301e08aceb8b4ea9504d64487d90,,96441f3f88968d93545046a84e4c927ca663d1d2d41909629b2405ac8a641b53,do-close-request-ceccb74702f7875e3432f1a4542e,eb44c8f93f2826ded9eed90ed7427644b7efd270f100781126c67c17ec79bdc3,96441f3f88968d93545046a84e4c927ca663d1d2d41909629b2405ac8a641b53,0.4904581429436803,,64,tokens,,,do-hosted-closure-20260825-r1,digitalocean_public_request_v2,False,transport,,True,do-close-request-ceccb74702f7875e3432f1a4542e,do-close-cell-eb44c8f93f2826ded9eed90ed7427644b7efd270f100781126c67c17ec79bdc3,False,,matched_control_closure,do-hosted-closure-20260825-r1,direct_completion,,2026-08-25T00:25:35.211642+00:00,client_rejection,,,unknown,,,,cap-pairwise-16,False,invalid_or_censored,"[""not_streamed_ttft_unobservable""]",False,,parameter_interactions,request_declared
,0,,True,,32,cache_hit_observed,8b66f3fed616343a7c9d97741208e5a21de115c50305b38370a86796a61968de,,,cap-pairwise-16,,,do-close-cell-eb44c8f93f2826ded9eed90ed7427644b7efd270f100781126c67c17ec79bdc3,1,,,True,,,"[""parameter_interactions""]",,,2026-08-25T00:25:36.705638+00:00,minimax-m2.5,,,5.25e-05,,length,False,0.4272753100376576,False,0.5528227990143932,200,47,74.89316430939972,False,False,,,False,,request_payload_sha256_mismatch,32,72.01895095659977,billed_completion_tokens_over_request_minus_streamed_ttft_proxy,control_after,,,,,72.01895095659977,0.4443274940131232,False,,True,0.0,True,False,0.5534898429759778,orphaned,0b6acf6c64640c9439fcef770a5a08a57fb1301e08aceb8b4ea9504d64487d90,,35c5a53093867373ef37fb262ee83a29ff068b0bd9028504de04cbc75ef8cf95,do-close-request-97a2ab202442abe17c9265c439da,eb44c8f93f2826ded9eed90ed7427644b7efd270f100781126c67c17ec79bdc3,35c5a53093867373ef37fb262ee83a29ff068b0bd9028504de04cbc75ef8cf95,0.997817336989101,,32,tokens,8e45d237e8659e2b189615310af39638e98617d89b921a4bd28b414f3df457e1,,do-hosted-closure-20260825-r1,digitalocean_public_request_v2,True,exact_text,,False,do-close-request-ceccb74702f7875e3432f1a4542e,do-close-cell-eb44c8f93f2826ded9eed90ed7427644b7efd270f100781126c67c17ec79bdc3,False,47,matched_control_closure,do-hosted-closure-20260825-r1,direct_completion,,2026-08-25T00:25:35.706836+00:00,success,32,reasoning,streamed,0.4449945379747078,,,cap-pairwise-16,False,valid_ordinary,[],True,0.5534898429759778,parameter_interactions,request_declared
,0,,True,,32,cache_hit_observed,8b66f3fed616343a7c9d97741208e5a21de115c50305b38370a86796a61968de,,,cap-pairwise-29,,,do-close-cell-79c1e906a53cfed8bf48c9171d471076e59a091c88b4b4242901dbbfcc88081c,1,,,True,,,"[""parameter_interactions""]",,,2026-08-25T00:25:37.589209+00:00,minimax-m2.5,,,5.2199999999999995e-05,,length,False,0.4335395119851455,False,0.37453332997392863,200,46,73.81103478544402,False,False,,,False,,request_payload_sha256_mismatch,32,63.70604286166486,billed_completion_tokens_over_request_minus_streamed_ttft_proxy,control_before,,,,,63.70604286166486,0.5023071370087564,False,,True,0.0,True,False,0.37483506998978555,orphaned,09ded14098ebadc9e530116a034857510c6465377c33f0d7fe9f1b9cbf3f20c5,,b0a9b0b63297a25a3aac8bba6505f330aa1277ffae3b684158fa826f89e081f9,do-close-request-6a91f1c9c08d5dd5f76eb9b6b8bc,79c1e906a53cfed8bf48c9171d471076e59a091c88b4b4242901dbbfcc88081c,b0a9b0b63297a25a3aac8bba6505f330aa1277ffae3b684158fa826f89e081f9,0.877142206998542,,32,tokens,3552174050ae89bccfcabf61e441d29e3dbb9d275ef87cf246f029c10e82ade0,,do-hosted-closure-20260825-r1,digitalocean_public_request_v2,True,exact_text,,False,do-close-request-01628829ade7cfd132890d3efc23,do-close-cell-79c1e906a53cfed8bf48c9171d471076e59a091c88b4b4242901dbbfcc88081c,False,46,matched_control_closure,do-hosted-closure-20260825-r1,direct_completion,,2026-08-25T00:25:36.711698+00:00,success,32,reasoning,streamed,0.5026088770246133,,,cap-pairwise-29,False,valid_ordinary,[],True,0.37483506998978555,parameter_interactions,request_declared
,0,,True,,0,cache_miss_observed,8b66f3fed616343a7c9d97741208e5a21de115c50305b38370a86796a61968de,,,cap-pairwise-06,,,do-close-cell-2516e38fede9bfa79a2029ae58311772d6508d66f532a0a07a20f9dbadcc5133,1,,,True,,,"[""parameter_interactions""]",,,2026-08-25T00:25:37.754763+00:00,qwen3.5-397b-a17b,,,0.000123,,length,False,2.2013256219797768,False,0.7018122409936041,200,20,14.536695380495589,False,False,,,False,,request_payload_sha256_mismatch,32,14.483080348979481,billed_completion_tokens_over_request_minus_streamed_ttft_proxy,control_after,,,,,14.483080348979481,2.209474726987537,True,28.47650397476652,True,0.0,True,False,0.7023334050318226,orphaned,4353d876ba6920d0b8a280ca1498623ed77d1c02199c5790760be6b5f0147a30,,f0c01e309aaae59a6592fd50faf58272f384ced8f50d2a234d457e1fb4b73280,do-close-request-bf051a849c4fff0ee0d3db2c66bc,2516e38fede9bfa79a2029ae58311772d6508d66f532a0a07a20f9dbadcc5133,f0c01e309aaae59a6592fd50faf58272f384ced8f50d2a234d457e1fb4b73280,2.9118081320193596,,32,tokens,18c1faa67ee1372ddb88f84bb2ed3c023a240cfe269cd7f7f32a06247ab35bc8,,do-hosted-closure-20260825-r1,digitalocean_public_request_v2,True,exact_text,,False,do-close-request-e3402f6b9365c43db86e7f78641e,do-close-cell-2516e38fede9bfa79a2029ae58311772d6508d66f532a0a07a20f9dbadcc5133,False,20,matched_control_closure,do-hosted-closure-20260825-r1,direct_completion,,2026-08-25T00:25:34.842269+00:00,success,32,reasoning,streamed,2.2099958910257556,,,cap-pairwise-06,False,valid_ordinary,[],True,0.7023334050318226,parameter_interactions,request_declared
,0,,False,,,not_reported_unknown,8b66f3fed616343a7c9d97741208e5a21de115c50305b38370a86796a61968de,,,cap-pairwise-29,,inconclusive,do-close-cell-79c1e906a53cfed8bf48c9171d471076e59a091c88b4b4242901dbbfcc88081c,1,,,True,matched_control_inconclusive,False,"[""parameter_interactions""]",,,2026-08-25T00:25:38.753340+00:00,minimax-m2.5,,ProviderHTTPError,0.0010095,,,False,,False,,400,,,False,False,,,False,,request_payload_sha256_mismatch,,,,probe,,,,,,,False,,True,0.0,True,False,,orphaned,09ded14098ebadc9e530116a034857510c6465377c33f0d7fe9f1b9cbf3f20c5,,9666890b27438ad4f370299b728b8a1040f548996a7a1033a82fcf3335e505cb,do-close-request-01628829ade7cfd132890d3efc23,79c1e906a53cfed8bf48c9171d471076e59a091c88b4b4242901dbbfcc88081c,9666890b27438ad4f370299b728b8a1040f548996a7a1033a82fcf3335e505cb,1.1595677959849127,,512,tokens,,,do-hosted-closure-20260825-r1,digitalocean_public_request_v2,False,transport,,True,do-close-request-01628829ade7cfd132890d3efc23,do-close-cell-79c1e906a53cfed8bf48c9171d471076e59a091c88b4b4242901dbbfcc88081c,False,,matched_control_closure,do-hosted-closure-20260825-r1,direct_completion,,2026-08-25T00:25:37.593695+00:00,client_rejection,,,unknown,,,,cap-pairwise-29,False,invalid_or_censored,"[""not_streamed_ttft_unobservable""]",False,,parameter_interactions,request_declared
,0,,True,,32,cache_hit_observed,8b66f3fed616343a7c9d97741208e5a21de115c50305b38370a86796a61968de,,,cap-pairwise-29,,,do-close-cell-79c1e906a53cfed8bf48c9171d471076e59a091c88b4b4242901dbbfcc88081c,1,,,True,,,"[""parameter_interactions""]",,,2026-08-25T00:25:39.734963+00:00,minimax-m2.5,,,5.2199999999999995e-05,,length,False,0.518576911999844,False,0.3771862250287086,200,46,61.707336480899144,False,False,,,False,,request_payload_sha256_mismatch,32,53.43231839718047,billed_completion_tokens_over_request_minus_streamed_ttft_proxy,control_after,,,,,53.43231839718047,0.5988884809776209,False,,True,0.0,True,False,0.377913938020356,orphaned,09ded14098ebadc9e530116a034857510c6465377c33f0d7fe9f1b9cbf3f20c5,,714c0c18e351c6bde54b57881beb85c3c6a105a101c29eb80b64670d8c947f24,do-close-request-526c2c08149fc3099576e4104d15,79c1e906a53cfed8bf48c9171d471076e59a091c88b4b4242901dbbfcc88081c,714c0c18e351c6bde54b57881beb85c3c6a105a101c29eb80b64670d8c947f24,0.9768024189979769,,32,tokens,f2dcfec0dac7fae9b404beaff969ca76b9447222e25f3c497c7d7c52218e36ca,,do-hosted-closure-20260825-r1,digitalocean_public_request_v2,True,exact_text,,False,do-close-request-01628829ade7cfd132890d3efc23,do-close-cell-79c1e906a53cfed8bf48c9171d471076e59a091c88b4b4242901dbbfcc88081c,False,46,matched_control_closure,do-hosted-closure-20260825-r1,direct_completion,,2026-08-25T00:25:38.757775+00:00,success,32,reasoning,streamed,0.5996161939692684,,,cap-pairwise-29,False,valid_ordinary,[],True,0.377913938020356,parameter_interactions,request_declared
,0,,True,,32,cache_hit_observed,8b66f3fed616343a7c9d97741208e5a21de115c50305b38370a86796a61968de,,,cap-pairwise-32,,,do-close-cell-84cffb98259a9eddca7d986af534919c700f65b7326c0ada01832b717b8202e9,1,,,True,,,"[""parameter_interactions""]",,,2026-08-25T00:25:40.521698+00:00,minimax-m2.5,,,5.2799999999999996e-05,,length,False,0.46405099297408015,False,0.3084550329949707,200,48,68.95793885692079,False,False,,,False,,request_payload_sha256_mismatch,32,67.8823108653604,billed_completion_tokens_over_request_minus_streamed_ttft_proxy,control_before,,,,,67.8823108653604,0.47140410501742736,False,,True,0.0,True,False,0.3087629299843684,orphaned,54411a655e8a4e141111f67660ed87b134c76351ba75464030b470b471ab3a1b,,3361a0097bada411e46a0a924524fcd915d6a3f5d23984c0b98ea1165ca8e2dd,do-close-request-4a16bb1c29021439744e8c997952,84cffb98259a9eddca7d986af534919c700f65b7326c0ada01832b717b8202e9,3361a0097bada411e46a0a924524fcd915d6a3f5d23984c0b98ea1165ca8e2dd,0.7801670350017957,,32,tokens,49f9e7bb103ff6b3684aa467472e4197713d60c977642c4c7a5ef7dc7f478d0e,,do-hosted-closure-20260825-r1,digitalocean_public_request_v2,True,exact_text,,False,do-close-request-04854a2fce0a23e358d3fb694ee0,do-close-cell-84cffb98259a9eddca7d986af534919c700f65b7326c0ada01832b717b8202e9,False,48,matched_control_closure,do-hosted-closure-20260825-r1,direct_completion,,2026-08-25T00:25:39.740725+00:00,success,32,reasoning,streamed,0.47171200200682506,,,cap-pairwise-32,False,valid_ordinary,[],True,0.3087629299843684,parameter_interactions,request_declared
,0,,True,,0,cache_miss_observed,8b66f3fed616343a7c9d97741208e5a21de115c50305b38370a86796a61968de,,,cap-pairwise-15,,,do-close-cell-c0c08238921716fc413088852b70e8244236ae84150952ffdb4739ada7bc0020,1,,,True,,,"[""parameter_interactions""]",,,2026-08-25T00:25:40.540540+00:00,qwen3.5-397b-a17b,,,0.000123,,length,False,2.272143039968796,False,0.49541716801468283,200,20,14.083620369446223,False,False,,,False,,request_payload_sha256_mismatch,32,14.015203047563132,billed_completion_tokens_over_request_minus_streamed_ttft_proxy,control_before,,,,,14.015203047563132,2.283234848000575,True,40.344140520270315,True,0.0,True,False,0.4957349380129017,orphaned,98b28c7877994e867d7da081ffde953765796225de0cdea6aac49db2cb922f3d,,92bd19aba5f51a86c6657fd7cb64c7b97e65a5380f8ec616308e75b0311a6d80,do-close-request-9864b14abe08aa9e06d8c477338e,c0c08238921716fc413088852b70e8244236ae84150952ffdb4739ada7bc0020,92bd19aba5f51a86c6657fd7cb64c7b97e65a5380f8ec616308e75b0311a6d80,2.7789697860134766,,32,tokens,02cecd33cc1f378395c53eadb46a8003596686d6984e355a1c7c49ec22da8243,,do-hosted-closure-20260825-r1,digitalocean_public_request_v2,True,exact_text,,False,do-close-request-3126de705dba8f77f9d60475ba5b,do-close-cell-c0c08238921716fc413088852b70e8244236ae84150952ffdb4739ada7bc0020,False,20,matched_control_closure,do-hosted-closure-20260825-r1,direct_completion,,2026-08-25T00:25:37.761222+00:00,success,32,reasoning,streamed,2.2835526179987937,,,cap-pairwise-15,False,valid_ordinary,[],True,0.4957349380129017,parameter_interactions,request_declared
,0,,False,,,not_reported_unknown,8b66f3fed616343a7c9d97741208e5a21de115c50305b38370a86796a61968de,,,cap-pairwise-32,,inconclusive,do-close-cell-84cffb98259a9eddca7d986af534919c700f65b7326c0ada01832b717b8202e9,1,,,True,matched_control_inconclusive,False,"[""parameter_interactions""]",,,2026-08-25T00:25:41.036704+00:00,minimax-m2.5,,ProviderHTTPError,0.0003525,,,False,,False,,400,,,False,False,,,False,,request_payload_sha256_mismatch,,,,probe,,,,,,,False,,True,0.0,True,False,,orphaned,54411a655e8a4e141111f67660ed87b134c76351ba75464030b470b471ab3a1b,,b3a23d640c17e497273d14736514c731686752e14d619db832188268a4ec28e0,do-close-request-04854a2fce0a23e358d3fb694ee0,84cffb98259a9eddca7d986af534919c700f65b7326c0ada01832b717b8202e9,b3a23d640c17e497273d14736514c731686752e14d619db832188268a4ec28e0,0.5103089509648271,,64,tokens,,,do-hosted-closure-20260825-r1,digitalocean_public_request_v2,False,transport,,True,do-close-request-04854a2fce0a23e358d3fb694ee0,do-close-cell-84cffb98259a9eddca7d986af534919c700f65b7326c0ada01832b717b8202e9,False,,matched_control_closure,do-hosted-closure-20260825-r1,direct_completion,,2026-08-25T00:25:40.526340+00:00,client_rejection,,,unknown,,,,cap-pairwise-32,False,invalid_or_censored,"[""not_streamed_ttft_unobservable""]",False,,parameter_interactions,request_declared
,0,,False,,,not_reported_unknown,8b66f3fed616343a7c9d97741208e5a21de115c50305b38370a86796a61968de,,,cap-pairwise-15,,,do-close-cell-c0c08238921716fc413088852b70e8244236ae84150952ffdb4739ada7bc0020,1,,,True,,,"[""parameter_interactions""]",,,2026-08-25T00:25:41.761362+00:00,qwen3.5-397b-a17b,,ProviderHTTPError,0.01503725,,,False,,False,,500,,,False,False,,,False,,request_payload_sha256_mismatch,,,,probe,,,,,,,False,,True,0.0,True,False,,orphaned,98b28c7877994e867d7da081ffde953765796225de0cdea6aac49db2cb922f3d,,a4fe2ac85885e9ee6ab38338100e8e901ab58b1d9fd5deefa55e5b8577421d25,do-close-request-7163a1792ec7e5ac56910daadcb3,c0c08238921716fc413088852b70e8244236ae84150952ffdb4739ada7bc0020,a4fe2ac85885e9ee6ab38338100e8e901ab58b1d9fd5deefa55e5b8577421d25,1.215890284976922,,4096,tokens,,,do-hosted-closure-20260825-r1,digitalocean_public_request_v2,False,transport,,False,do-close-request-3126de705dba8f77f9d60475ba5b,do-close-cell-c0c08238921716fc413088852b70e8244236ae84150952ffdb4739ada7bc0020,True,,matched_control_closure,do-hosted-closure-20260825-r1,direct_completion,,2026-08-25T00:25:40.545417+00:00,provider_error,,,unknown,,,,cap-pairwise-15,False,invalid_or_censored,"[""not_streamed_ttft_unobservable""]",False,,parameter_interactions,request_declared
,0,,True,,32,cache_hit_observed,8b66f3fed616343a7c9d97741208e5a21de115c50305b38370a86796a61968de,,,cap-pairwise-32,,,do-close-cell-84cffb98259a9eddca7d986af534919c700f65b7326c0ada01832b717b8202e9,1,,,True,,,"[""parameter_interactions""]",,,2026-08-25T00:25:42.020667+00:00,minimax-m2.5,,,5.2799999999999996e-05,,length,False,0.4252446279861033,False,0.5297492049867287,200,48,75.25080364106502,False,False,,,False,,request_payload_sha256_mismatch,32,71.27928253875822,billed_completion_tokens_over_request_minus_streamed_ttft_proxy,control_after,,,,,71.27928253875822,0.448938301007729,False,,True,0.0,True,False,0.5300131179974414,orphaned,54411a655e8a4e141111f67660ed87b134c76351ba75464030b470b471ab3a1b,,c7981b782b6fc935f166809d8e9668774a9e6d698a1d9aba1411763095bbfdda,do-close-request-233f11d7d16918a9c47474265764,84cffb98259a9eddca7d986af534919c700f65b7326c0ada01832b717b8202e9,c7981b782b6fc935f166809d8e9668774a9e6d698a1d9aba1411763095bbfdda,0.9789514190051705,,32,tokens,49f9e7bb103ff6b3684aa467472e4197713d60c977642c4c7a5ef7dc7f478d0e,,do-hosted-closure-20260825-r1,digitalocean_public_request_v2,True,exact_text,,False,do-close-request-04854a2fce0a23e358d3fb694ee0,do-close-cell-84cffb98259a9eddca7d986af534919c700f65b7326c0ada01832b717b8202e9,False,48,matched_control_closure,do-hosted-closure-20260825-r1,direct_completion,,2026-08-25T00:25:41.041358+00:00,success,32,reasoning,streamed,0.44920221401844174,,,cap-pairwise-32,False,valid_ordinary,[],True,0.5300131179974414,parameter_interactions,request_declared
,0,,True,,32,cache_hit_observed,8b66f3fed616343a7c9d97741208e5a21de115c50305b38370a86796a61968de,,,cap-pairwise-37,,,do-close-cell-35ff66e2df776ed520c87bbdad4909e009e86bea7a1a586a1d6ae3e822a5f716,1,,,True,,,"[""parameter_interactions""]",,,2026-08-25T00:25:42.824827+00:00,minimax-m2.5,,,5.25e-05,,length,False,0.4835256279911846,False,0.30163348198402673,200,47,66.18056654606818,False,False,,,False,,request_payload_sha256_mismatch,32,64.58210564074311,billed_completion_tokens_over_request_minus_streamed_ttft_proxy,control_before,,,,,64.58210564074311,0.495493290014565,False,,True,0.0,True,False,0.3019236259860918,orphaned,b2574dae5ff8b92cd1350b3636dba71ccef9a40a43b37a77b16f24c40c7a0be9,,3c9bc42b22a30d177f7f2dc56d13b2b8c47ad589e6894894b4ea491c0c9944c5,do-close-request-b7e22322c10b7f5c6d05733ecd6f,35ff66e2df776ed520c87bbdad4909e009e86bea7a1a586a1d6ae3e822a5f716,3c9bc42b22a30d177f7f2dc56d13b2b8c47ad589e6894894b4ea491c0c9944c5,0.7974169160006568,,32,tokens,50754f3f4f4aabc8e4ed8dcfdaeee091cc5ab7785b4326b37b2f2370bc77d5a7,,do-hosted-closure-20260825-r1,digitalocean_public_request_v2,True,exact_text,,False,do-close-request-5447e4a4e916a11ab9b99cfa1448,do-close-cell-35ff66e2df776ed520c87bbdad4909e009e86bea7a1a586a1d6ae3e822a5f716,False,47,matched_control_closure,do-hosted-closure-20260825-r1,direct_completion,,2026-08-25T00:25:42.027076+00:00,success,32,reasoning,streamed,0.49578343401663005,,,cap-pairwise-37,False,valid_ordinary,[],True,0.3019236259860918,parameter_interactions,request_declared
,0,,False,,,not_reported_unknown,8b66f3fed616343a7c9d97741208e5a21de115c50305b38370a86796a61968de,,,cap-pairwise-37,,inconclusive,do-close-cell-35ff66e2df776ed520c87bbdad4909e009e86bea7a1a586a1d6ae3e822a5f716,1,,,True,matched_control_inconclusive,False,"[""parameter_interactions""]",,,2026-08-25T00:25:43.192326+00:00,minimax-m2.5,,ProviderHTTPError,0.0003654,,,False,,False,,400,,,False,False,,,False,,request_payload_sha256_mismatch,,,,probe,,,,,,,False,,True,0.0,True,False,,orphaned,b2574dae5ff8b92cd1350b3636dba71ccef9a40a43b37a77b16f24c40c7a0be9,,bf9d13de52e3451c7cd0fc071d07c4863d853b4f51d01de040582ed843294b85,do-close-request-5447e4a4e916a11ab9b99cfa1448,35ff66e2df776ed520c87bbdad4909e009e86bea7a1a586a1d6ae3e822a5f716,bf9d13de52e3451c7cd0fc071d07c4863d853b4f51d01de040582ed843294b85,0.36209159600548446,,64,tokens,,,do-hosted-closure-20260825-r1,digitalocean_public_request_v2,False,transport,,True,do-close-request-5447e4a4e916a11ab9b99cfa1448,do-close-cell-35ff66e2df776ed520c87bbdad4909e009e86bea7a1a586a1d6ae3e822a5f716,False,,matched_control_closure,do-hosted-closure-20260825-r1,direct_completion,,2026-08-25T00:25:42.830177+00:00,client_rejection,,,unknown,,,,cap-pairwise-37,False,invalid_or_censored,"[""not_streamed_ttft_unobservable""]",False,,parameter_interactions,request_declared
,0,,True,,0,cache_miss_observed,8b66f3fed616343a7c9d97741208e5a21de115c50305b38370a86796a61968de,,,cap-pairwise-01,,,do-close-cell-78c30874554fe528edb7d472b00f10e98c44d57f4788dca17ffa5c27fc896961,1,,,True,,,"[""parameter_interactions""]",,,2026-08-25T00:25:43.648034+00:00,glm-5.2,,,8.510000000000001e-05,,length,False,5.760022143018432,False,2.562484997033607,200,21,5.555534198559695,False,False,,,False,,request_payload_sha256_mismatch,32,5.550638220107613,billed_completion_tokens_over_request_minus_streamed_ttft_proxy,control_after,,,,,5.550638220107613,5.76510280999355,True,8.194163127020259,True,0.0,True,False,2.5627998459967785,orphaned,879bce01a651f6a96148d535e9a23ae969aa5d2596b1906c5f457c9b563f3a54,,0559be2fc3a8ef103778f4773bf088a6acda842139dd7d3393bf33bace3fb632,do-close-request-f410a5892bd2c6b802323da6a7b5,78c30874554fe528edb7d472b00f10e98c44d57f4788dca17ffa5c27fc896961,0559be2fc3a8ef103778f4773bf088a6acda842139dd7d3393bf33bace3fb632,8.327902655990329,,32,tokens,c7fae30ecbb752b3ef87e43ebdef59b536c5a334bb92d3a31c03cb0d98aac007,,do-hosted-closure-20260825-r1,digitalocean_public_request_v2,True,exact_text,,False,do-close-request-8e7167ac12eee021375ec0decc39,do-close-cell-78c30874554fe528edb7d472b00f10e98c44d57f4788dca17ffa5c27fc896961,False,21,matched_control_closure,do-hosted-closure-20260825-r1,direct_completion,,2026-08-25T00:25:35.319798+00:00,success,12,reasoning,streamed,5.765417658956721,,,cap-pairwise-01,False,valid_ordinary,[],True,2.5627998459967785,parameter_interactions,request_declared
,0,,True,,0,cache_miss_observed,8b66f3fed616343a7c9d97741208e5a21de115c50305b38370a86796a61968de,,,cap-pairwise-37,,,do-close-cell-35ff66e2df776ed520c87bbdad4909e009e86bea7a1a586a1d6ae3e822a5f716,1,,,True,,,"[""parameter_interactions""]",,,2026-08-25T00:25:44.377498+00:00,minimax-m2.5,,,5.25e-05,,length,False,0.5202106449869461,False,0.6106159580522217,200,47,61.51354323170951,False,False,,,False,,request_payload_sha256_mismatch,32,56.23348487392643,billed_completion_tokens_over_request_minus_streamed_ttft_proxy,control_after,,,,,56.23348487392643,0.5690559649956413,True,76.9100037276585,True,0.0,True,False,0.6111038580420427,orphaned,b2574dae5ff8b92cd1350b3636dba71ccef9a40a43b37a77b16f24c40c7a0be9,,8f35a1e9662587354c8478f5b791c0f83193e8ad19105a2f22af23c533a844b5,do-close-request-7ee63a5472e36f5d705bc2f1a4ed,35ff66e2df776ed520c87bbdad4909e009e86bea7a1a586a1d6ae3e822a5f716,8f35a1e9662587354c8478f5b791c0f83193e8ad19105a2f22af23c533a844b5,1.180159823037684,,32,tokens,69c69eb8d1b0ae5e004a1a4d6475afb18e738d74f8ecafd31ac10fd9cfa23287,,do-hosted-closure-20260825-r1,digitalocean_public_request_v2,True,exact_text,,False,do-close-request-5447e4a4e916a11ab9b99cfa1448,do-close-cell-35ff66e2df776ed520c87bbdad4909e009e86bea7a1a586a1d6ae3e822a5f716,False,47,matched_control_closure,do-hosted-closure-20260825-r1,direct_completion,,2026-08-25T00:25:43.196975+00:00,success,32,reasoning,streamed,0.5695438649854623,,,cap-pairwise-37,False,valid_ordinary,[],True,0.6111038580420427,parameter_interactions,request_declared
,0,,True,,0,cache_miss_observed,8b66f3fed616343a7c9d97741208e5a21de115c50305b38370a86796a61968de,,,cap-pairwise-15,,,do-close-cell-c0c08238921716fc413088852b70e8244236ae84150952ffdb4739ada7bc0020,1,,,True,,,"[""parameter_interactions""]",,,2026-08-25T00:25:44.643843+00:00,qwen3.5-397b-a17b,,,0.000123,,length,False,2.3071266390033998,False,0.5638616840005852,200,20,13.870066540353811,False,False,,,False,,request_payload_sha256_mismatch,32,13.832116695025581,billed_completion_tokens_over_request_minus_streamed_ttft_proxy,control_after,,,,,13.832116695025581,2.31345647998387,True,35.456485595845514,True,0.0,True,False,0.5640716970083304,orphaned,98b28c7877994e867d7da081ffde953765796225de0cdea6aac49db2cb922f3d,,584da8f3c2a1b40fa391828c64861f63f3813184976c5fc51fbb7dce2fb18550,do-close-request-f8bdfaba276393a0f22989521cd8,c0c08238921716fc413088852b70e8244236ae84150952ffdb4739ada7bc0020,584da8f3c2a1b40fa391828c64861f63f3813184976c5fc51fbb7dce2fb18550,2.8775281769922003,,32,tokens,02cecd33cc1f378395c53eadb46a8003596686d6984e355a1c7c49ec22da8243,,do-hosted-closure-20260825-r1,digitalocean_public_request_v2,True,exact_text,,False,do-close-request-3126de705dba8f77f9d60475ba5b,do-close-cell-c0c08238921716fc413088852b70e8244236ae84150952ffdb4739ada7bc0020,False,20,matched_control_closure,do-hosted-closure-20260825-r1,direct_completion,,2026-08-25T00:25:41.765989+00:00,success,32,reasoning,streamed,2.313666492991615,,,cap-pairwise-15,False,valid_ordinary,[],True,0.5640716970083304,parameter_interactions,request_declared
,0,,True,,32,cache_hit_observed,8b66f3fed616343a7c9d97741208e5a21de115c50305b38370a86796a61968de,,,cap-pairwise-38,,,do-close-cell-de99b22ff698e553c5a2d7e452e0caa65a5ce9edd1185213fa9ef1a1a08e9589,1,,,True,,,"[""structured_output""]",,,2026-08-25T00:25:45.243365+00:00,minimax-m2.5,,,5.2199999999999995e-05,,length,False,0.4632447710027918,False,0.373782972979825,200,46,69.07795188001624,False,False,,,False,,request_payload_sha256_mismatch,32,65.9811119114853,billed_completion_tokens_over_request_minus_streamed_ttft_proxy,control_before,,,,,65.9811119114853,0.4849872800405137,False,,True,0.0,True,False,0.3740738409687765,orphaned,bf62c96ebda6d7d26e9ad98b42780fe8d17cc02ebeab13fc3af4cbf2d1293fb9,,ca4501b147190006103959c73a54bce2718c770686ca530f7361b83257ec3716,do-close-request-2fbcf7d2e27a9aa2ea7d8cf2c9a9,de99b22ff698e553c5a2d7e452e0caa65a5ce9edd1185213fa9ef1a1a08e9589,ca4501b147190006103959c73a54bce2718c770686ca530f7361b83257ec3716,0.8590611210092902,,32,tokens,bfbe5e46e3984cbddb4f47af0a5b4b1bd8d0bfeac9d62043cc36c52492429147,,do-hosted-closure-20260825-r1,digitalocean_public_request_v2,True,exact_text,,False,do-close-request-d3fbdcf6dd557e17b5b0098b8f57,do-close-cell-de99b22ff698e553c5a2d7e452e0caa65a5ce9edd1185213fa9ef1a1a08e9589,False,46,matched_control_closure,do-hosted-closure-20260825-r1,direct_completion,,2026-08-25T00:25:44.383970+00:00,success,32,reasoning,streamed,0.48527814802946523,,,cap-pairwise-38,False,valid_ordinary,[],True,0.3740738409687765,structured_output,request_declared
,0,,False,,,not_reported_unknown,8b66f3fed616343a7c9d97741208e5a21de115c50305b38370a86796a61968de,,,cap-pairwise-38,,inconclusive,do-close-cell-de99b22ff698e553c5a2d7e452e0caa65a5ce9edd1185213fa9ef1a1a08e9589,1,,,True,matched_control_inconclusive,False,"[""structured_output""]",,,2026-08-25T00:25:45.582083+00:00,minimax-m2.5,,ProviderHTTPError,0.005384399999999999,,,False,,False,,400,,,False,False,,,False,,request_payload_sha256_mismatch,,,,probe,,,,,,,False,,True,0.0,True,False,,orphaned,bf62c96ebda6d7d26e9ad98b42780fe8d17cc02ebeab13fc3af4cbf2d1293fb9,,fc54c6ee06b1873941404243a06b3264fae48e8aa74a6c1f4fb6b542a603a6e6,do-close-request-d3fbdcf6dd557e17b5b0098b8f57,de99b22ff698e553c5a2d7e452e0caa65a5ce9edd1185213fa9ef1a1a08e9589,fc54c6ee06b1873941404243a06b3264fae48e8aa74a6c1f4fb6b542a603a6e6,0.3340614709886722,,4096,tokens,,,do-hosted-closure-20260825-r1,digitalocean_public_request_v2,False,transport,,True,do-close-request-d3fbdcf6dd557e17b5b0098b8f57,do-close-cell-de99b22ff698e553c5a2d7e452e0caa65a5ce9edd1185213fa9ef1a1a08e9589,False,,matched_control_closure,do-hosted-closure-20260825-r1,direct_completion,,2026-08-25T00:25:45.247965+00:00,client_rejection,,,unknown,,,,cap-pairwise-38,False,invalid_or_censored,"[""not_streamed_ttft_unobservable""]",False,,structured_output,request_declared
,0,,True,,32,cache_hit_observed,8b66f3fed616343a7c9d97741208e5a21de115c50305b38370a86796a61968de,,,cap-pairwise-38,,,do-close-cell-de99b22ff698e553c5a2d7e452e0caa65a5ce9edd1185213fa9ef1a1a08e9589,1,,,True,,,"[""structured_output""]",,,2026-08-25T00:25:46.453294+00:00,minimax-m2.5,,,5.2199999999999995e-05,,length,False,0.4652515010093339,False,0.37747335695894435,200,46,68.78000378414258,False,False,,,False,,request_payload_sha256_mismatch,32,65.51817737945878,billed_completion_tokens_over_request_minus_streamed_ttft_proxy,control_after,,,,,65.51817737945878,0.488414074992761,False,,True,0.0,True,False,0.3778403970063664,orphaned,bf62c96ebda6d7d26e9ad98b42780fe8d17cc02ebeab13fc3af4cbf2d1293fb9,,15a7476ccb7060349b5d8ed35462cb10f2206d164701eb6890cfc5b9ce886a2e,do-close-request-ed7ee391d8e848980471ac2c1261,de99b22ff698e553c5a2d7e452e0caa65a5ce9edd1185213fa9ef1a1a08e9589,15a7476ccb7060349b5d8ed35462cb10f2206d164701eb6890cfc5b9ce886a2e,0.8662544719991274,,32,tokens,bfbe5e46e3984cbddb4f47af0a5b4b1bd8d0bfeac9d62043cc36c52492429147,,do-hosted-closure-20260825-r1,digitalocean_public_request_v2,True,exact_text,,False,do-close-request-d3fbdcf6dd557e17b5b0098b8f57,do-close-cell-de99b22ff698e553c5a2d7e452e0caa65a5ce9edd1185213fa9ef1a1a08e9589,False,46,matched_control_closure,do-hosted-closure-20260825-r1,direct_completion,,2026-08-25T00:25:45.586712+00:00,success,32,reasoning,streamed,0.48878111504018307,,,cap-pairwise-38,False,valid_ordinary,[],True,0.3778403970063664,structured_output,request_declared
,0,,True,,32,cache_hit_observed,8b66f3fed616343a7c9d97741208e5a21de115c50305b38370a86796a61968de,,,extended-parameters-1,,,do-close-cell-f48ae5f14bf7648561d173b1c9824353cba3355c634530abe1f9ca8a07ac5d1a,1,,,True,,,"[""parameter_interactions""]",,,2026-08-25T00:25:47.332275+00:00,minimax-m2.5,,,5.2799999999999996e-05,,length,False,0.47064144600881264,False,0.3636127659701742,200,48,67.99231192103895,False,False,,,False,,request_payload_sha256_mismatch,32,62.91970961186575,billed_completion_tokens_over_request_minus_streamed_ttft_proxy,control_before,,,,,62.91970961186575,0.5085846739821136,False,,True,0.0,True,False,0.36391631996957585,orphaned,d382348e4a954fd2eb76a7ecc21459c7ef89d0d070b8f3a1fd19b258186ab067,,c92abd30c4dc8435af40a8dc029179b3333db22433f9b6979a2cf5af242dc770,do-close-request-718f8fbf31d8b1503e5bb9e97167,f48ae5f14bf7648561d173b1c9824353cba3355c634530abe1f9ca8a07ac5d1a,c92abd30c4dc8435af40a8dc029179b3333db22433f9b6979a2cf5af242dc770,0.8725009939516895,,32,tokens,645edb4cdd0505ca0444cdeaf3c7d73dee6a2dddab3e44f3dc45ea25aa9fe567,,do-hosted-closure-20260825-r1,digitalocean_public_request_v2,True,exact_text,,False,do-close-request-75d1680e6c67fb2384ef0e89a3fa,do-close-cell-f48ae5f14bf7648561d173b1c9824353cba3355c634530abe1f9ca8a07ac5d1a,False,48,matched_control_closure,do-hosted-closure-20260825-r1,direct_completion,,2026-08-25T00:25:46.459434+00:00,success,32,reasoning,streamed,0.5088882279815152,,,cap-extended-1,False,valid_ordinary,[],True,0.36391631996957585,parameter_interactions,request_declared
,0,,False,,,not_reported_unknown,8b66f3fed616343a7c9d97741208e5a21de115c50305b38370a86796a61968de,,,extended-parameters-1,,inconclusive,do-close-cell-f48ae5f14bf7648561d173b1c9824353cba3355c634530abe1f9ca8a07ac5d1a,1,,,True,matched_control_inconclusive,False,"[""parameter_interactions""]",,,2026-08-25T00:25:47.672669+00:00,minimax-m2.5,,ProviderHTTPError,0.00031709999999999996,,,False,,False,,400,,,False,False,,,False,,request_payload_sha256_mismatch,,,,probe,,,,,,,False,,True,0.0,True,False,,orphaned,d382348e4a954fd2eb76a7ecc21459c7ef89d0d070b8f3a1fd19b258186ab067,,bb0fae452ff6ae7c778fd1ed2e24aafffd6100e8ebc401e0f90cfd292e4878c6,do-close-request-75d1680e6c67fb2384ef0e89a3fa,f48ae5f14bf7648561d173b1c9824353cba3355c634530abe1f9ca8a07ac5d1a,bb0fae452ff6ae7c778fd1ed2e24aafffd6100e8ebc401e0f90cfd292e4878c6,0.33533621398964897,,64,tokens,,,do-hosted-closure-20260825-r1,digitalocean_public_request_v2,False,transport,,True,do-close-request-75d1680e6c67fb2384ef0e89a3fa,do-close-cell-f48ae5f14bf7648561d173b1c9824353cba3355c634530abe1f9ca8a07ac5d1a,False,,matched_control_closure,do-hosted-closure-20260825-r1,direct_completion,,2026-08-25T00:25:47.337264+00:00,client_rejection,,,unknown,,,,cap-extended-1,False,invalid_or_censored,"[""not_streamed_ttft_unobservable""]",False,,parameter_interactions,request_declared
,1,,True,,0,cache_miss_observed,8b66f3fed616343a7c9d97741208e5a21de115c50305b38370a86796a61968de,,,cap-pairwise-15,,,do-close-cell-c0c08238921716fc413088852b70e8244236ae84150952ffdb4739ada7bc0020,1,,,True,,,"[""parameter_interactions""]",,,2026-08-25T00:25:50.005893+00:00,qwen3.5-397b-a17b,,,0.000123,,length,False,2.777085668989457,False,0.5715474769822322,200,20,11.522871028910085,False,False,,,False,,request_payload_sha256_mismatch,32,11.495406588938245,billed_completion_tokens_over_request_minus_streamed_ttft_proxy,control_before,,,,,11.495406588938245,2.7837205889518373,True,34.96023447153937,True,0.0,True,False,0.572078543016687,orphaned,98b28c7877994e867d7da081ffde953765796225de0cdea6aac49db2cb922f3d,,92bd19aba5f51a86c6657fd7cb64c7b97e65a5380f8ec616308e75b0311a6d80,do-close-request-42536c38b08373fd20f05ec42aac,c0c08238921716fc413088852b70e8244236ae84150952ffdb4739ada7bc0020,92bd19aba5f51a86c6657fd7cb64c7b97e65a5380f8ec616308e75b0311a6d80,3.3557991319685243,,32,tokens,02cecd33cc1f378395c53eadb46a8003596686d6984e355a1c7c49ec22da8243,,do-hosted-closure-20260825-r1,digitalocean_public_request_v2,True,exact_text,,False,do-close-request-3126de705dba8f77f9d60475ba5b,do-close-cell-c0c08238921716fc413088852b70e8244236ae84150952ffdb4739ada7bc0020,False,20,matched_control_closure,do-hosted-closure-20260825-r1,direct_completion,,2026-08-25T00:25:46.649741+00:00,success,32,reasoning,streamed,2.784251654986292,,,cap-pairwise-15,False,valid_ordinary,[],True,0.572078543016687,parameter_interactions,request_declared
,0,,True,,32,cache_hit_observed,8b66f3fed616343a7c9d97741208e5a21de115c50305b38370a86796a61968de,,,extended-parameters-1,,,do-close-cell-f48ae5f14bf7648561d173b1c9824353cba3355c634530abe1f9ca8a07ac5d1a,1,,,True,,,"[""parameter_interactions""]",,,2026-08-25T00:25:50.798188+00:00,minimax-m2.5,,,5.2799999999999996e-05,,length,False,0.5094833609764464,False,2.5980513300164603,200,48,62.80872438831103,False,False,,,False,,request_payload_sha256_mismatch,32,61.24467999889401,billed_completion_tokens_over_request_minus_streamed_ttft_proxy,control_after,,,,,61.24467999889401,0.522494361968711,False,,True,0.0,True,False,2.598469221033156,orphaned,d382348e4a954fd2eb76a7ecc21459c7ef89d0d070b8f3a1fd19b258186ab067,,983bc4e51767a8e227fd10a39de523c097d323a588d04ac5c39e31ee57cccc0c,do-close-request-da006bf5379d138d22659d16dcac,f48ae5f14bf7648561d173b1c9824353cba3355c634530abe1f9ca8a07ac5d1a,983bc4e51767a8e227fd10a39de523c097d323a588d04ac5c39e31ee57cccc0c,3.120963583001867,,32,tokens,ef30ff5c69c4477bc0b54887d98eec7592cbe1c8d156bcf6dab7609fb6f67f81,,do-hosted-closure-20260825-r1,digitalocean_public_request_v2,True,exact_text,,False,do-close-request-75d1680e6c67fb2384ef0e89a3fa,do-close-cell-f48ae5f14bf7648561d173b1c9824353cba3355c634530abe1f9ca8a07ac5d1a,False,48,matched_control_closure,do-hosted-closure-20260825-r1,direct_completion,,2026-08-25T00:25:47.676923+00:00,success,32,reasoning,streamed,0.5229122529854067,,,cap-extended-1,False,valid_ordinary,[],True,2.598469221033156,parameter_interactions,request_declared
,1,,False,,,not_reported_unknown,8b66f3fed616343a7c9d97741208e5a21de115c50305b38370a86796a61968de,,,cap-pairwise-15,,inconclusive,do-close-cell-c0c08238921716fc413088852b70e8244236ae84150952ffdb4739ada7bc0020,1,,,True,matched_control_inconclusive,False,"[""parameter_interactions""]",,,2026-08-25T00:25:51.793071+00:00,qwen3.5-397b-a17b,,ProviderHTTPError,0.01503725,,,False,,False,,500,,,False,False,,,False,,request_payload_sha256_mismatch,,,,probe,,,,,,,False,,True,0.0,True,False,,orphaned,98b28c7877994e867d7da081ffde953765796225de0cdea6aac49db2cb922f3d,,a4fe2ac85885e9ee6ab38338100e8e901ab58b1d9fd5deefa55e5b8577421d25,do-close-request-3126de705dba8f77f9d60475ba5b,c0c08238921716fc413088852b70e8244236ae84150952ffdb4739ada7bc0020,a4fe2ac85885e9ee6ab38338100e8e901ab58b1d9fd5deefa55e5b8577421d25,1.781634828017559,,4096,tokens,,,do-hosted-closure-20260825-r1,digitalocean_public_request_v2,False,transport,,True,do-close-request-3126de705dba8f77f9d60475ba5b,do-close-cell-c0c08238921716fc413088852b70e8244236ae84150952ffdb4739ada7bc0020,True,,matched_control_closure,do-hosted-closure-20260825-r1,direct_completion,,2026-08-25T00:25:50.011378+00:00,provider_error,,,unknown,,,,cap-pairwise-15,False,invalid_or_censored,"[""not_streamed_ttft_unobservable""]",False,,parameter_interactions,request_declared
,0,,True,,32,cache_hit_observed,8b66f3fed616343a7c9d97741208e5a21de115c50305b38370a86796a61968de,,,extended-parameters-2,,,do-close-cell-067876b2321c6b794846f27e3254368446ff7f001da0d60f27ecfae0941b2795,1,,,True,,,"[""parameter_interactions""]",,,2026-08-25T00:25:52.269847+00:00,minimax-m2.5,,,5.2199999999999995e-05,,length,False,0.697542981011793,False,0.5793707009870559,200,46,45.87530929432288,False,False,,,False,,request_payload_sha256_mismatch,32,36.39182273851046,billed_completion_tokens_over_request_minus_streamed_ttft_proxy,control_before,,,,,36.39182273851046,0.8793184180394746,False,,True,0.0,True,False,0.5858121429919265,orphaned,10aa4e4a955b9d19b745946e7574431d961c97c896446d1ee2b7d8d5ec7e4996,,8a60e847437186e09e94907d20b3ab072f51ce7690d3d617d588aa5d8eee8d12,do-close-request-52c9ce2274764407277707c32106,067876b2321c6b794846f27e3254368446ff7f001da0d60f27ecfae0941b2795,8a60e847437186e09e94907d20b3ab072f51ce7690d3d617d588aa5d8eee8d12,1.4651305610314012,,32,tokens,927e579d9ca1549c403296ee98afd17212cc042366d6c8366814f96551865535,,do-hosted-closure-20260825-r1,digitalocean_public_request_v2,True,exact_text,,False,do-close-request-127a2ecc67d9355d591ba9916db1,do-close-cell-067876b2321c6b794846f27e3254368446ff7f001da0d60f27ecfae0941b2795,False,46,matched_control_closure,do-hosted-closure-20260825-r1,direct_completion,,2026-08-25T00:25:50.804371+00:00,success,32,reasoning,streamed,0.8857598600443453,,,cap-extended-2,False,valid_ordinary,[],True,0.5858121429919265,parameter_interactions,request_declared
,0,,False,,,not_reported_unknown,8b66f3fed616343a7c9d97741208e5a21de115c50305b38370a86796a61968de,,,extended-parameters-2,,inconclusive,do-close-cell-067876b2321c6b794846f27e3254368446ff7f001da0d60f27ecfae0941b2795,1,,,True,matched_control_inconclusive,False,"[""parameter_interactions""]",,,2026-08-25T00:25:52.570482+00:00,minimax-m2.5,,ProviderHTTPError,0.0003117,,,False,,False,,400,,,False,False,,,False,,request_payload_sha256_mismatch,,,,probe,,,,,,,False,,True,0.0,True,False,,orphaned,10aa4e4a955b9d19b745946e7574431d961c97c896446d1ee2b7d8d5ec7e4996,,cb6d183ccb6f78c38cec8b46ec411d55772a40e132d37c92f4198c7dd94010fb,do-close-request-127a2ecc67d9355d591ba9916db1,067876b2321c6b794846f27e3254368446ff7f001da0d60f27ecfae0941b2795,cb6d183ccb6f78c38cec8b46ec411d55772a40e132d37c92f4198c7dd94010fb,0.29529447201639414,,64,tokens,,,do-hosted-closure-20260825-r1,digitalocean_public_request_v2,False,transport,,True,do-close-request-127a2ecc67d9355d591ba9916db1,do-close-cell-067876b2321c6b794846f27e3254368446ff7f001da0d60f27ecfae0941b2795,False,,matched_control_closure,do-hosted-closure-20260825-r1,direct_completion,,2026-08-25T00:25:52.275131+00:00,client_rejection,,,unknown,,,,cap-extended-2,False,invalid_or_censored,"[""not_streamed_ttft_unobservable""]",False,,parameter_interactions,request_declared
,0,,True,,32,cache_hit_observed,8b66f3fed616343a7c9d97741208e5a21de115c50305b38370a86796a61968de,,,extended-parameters-2,,,do-close-cell-067876b2321c6b794846f27e3254368446ff7f001da0d60f27ecfae0941b2795,1,,,True,,,"[""parameter_interactions""]",,,2026-08-25T00:25:53.469646+00:00,minimax-m2.5,,,5.2199999999999995e-05,,length,False,0.5116645320085809,False,0.36211281700525433,200,46,62.54097753147241,False,False,,,False,,request_payload_sha256_mismatch,32,60.227599265821596,billed_completion_tokens_over_request_minus_streamed_ttft_proxy,control_after,,,,,60.227599265821596,0.5313178740325384,False,,True,0.0,True,False,0.3623997959657572,orphaned,10aa4e4a955b9d19b745946e7574431d961c97c896446d1ee2b7d8d5ec7e4996,,ebbe8264f22f7ca08005f432ba29aac4fa1683faacfd13fc67bcbf7c303298a1,do-close-request-3934f0c11020135c59c0f4321900,067876b2321c6b794846f27e3254368446ff7f001da0d60f27ecfae0941b2795,ebbe8264f22f7ca08005f432ba29aac4fa1683faacfd13fc67bcbf7c303298a1,0.8937176699982956,,32,tokens,1eb53a06335d554f342f074bc3bdb79746bdd7956b7e453c31dbfd9c4b0a5c72,,do-hosted-closure-20260825-r1,digitalocean_public_request_v2,True,exact_text,,False,do-close-request-127a2ecc67d9355d591ba9916db1,do-close-cell-067876b2321c6b794846f27e3254368446ff7f001da0d60f27ecfae0941b2795,False,46,matched_control_closure,do-hosted-closure-20260825-r1,direct_completion,,2026-08-25T00:25:52.575532+00:00,success,32,reasoning,streamed,0.5316048529930413,,,cap-extended-2,False,valid_ordinary,[],True,0.3623997959657572,parameter_interactions,request_declared
,0,,True,,32,cache_hit_observed,8b66f3fed616343a7c9d97741208e5a21de115c50305b38370a86796a61968de,,,extended-parameters-3,,,do-close-cell-ae5b3004d6c1cf07f58a1e8ec139860894e8413b97b2a40415b1de0c7b277cda,1,,,True,,,"[""parameter_interactions""]",,,2026-08-25T00:25:54.400016+00:00,minimax-m2.5,,,5.25e-05,,length,False,0.49830224801553413,False,0.3417215019580908,200,47,64.21805265265917,False,False,,,False,,request_payload_sha256_mismatch,32,55.06615585944891,billed_completion_tokens_over_request_minus_streamed_ttft_proxy,control_before,,,,,55.06615585944891,0.5811191920074634,False,,True,0.0,True,False,0.34205752896377817,orphaned,b3ec6e9faba9a6ee4eb3b621ec90af5aa905034bc85134cb7750e5ec445d1970,,4dc31b990277aded35467348df9b284b66ba5c24493aa42cef8841e7ddf5a57d,do-close-request-1c3323da4bfc09e6ec2f472f957d,ae5b3004d6c1cf07f58a1e8ec139860894e8413b97b2a40415b1de0c7b277cda,4dc31b990277aded35467348df9b284b66ba5c24493aa42cef8841e7ddf5a57d,0.9231767209712416,,32,tokens,5821b6c998ab6d6596c34f5c5062c2371f433445b9532a2d9ed47c5c68b15abc,,do-hosted-closure-20260825-r1,digitalocean_public_request_v2,True,exact_text,,False,do-close-request-99be86e99fc613940b50dd397711,do-close-cell-ae5b3004d6c1cf07f58a1e8ec139860894e8413b97b2a40415b1de0c7b277cda,False,47,matched_control_closure,do-hosted-closure-20260825-r1,direct_completion,,2026-08-25T00:25:53.476450+00:00,success,32,reasoning,streamed,0.5814552190131508,,,cap-extended-3,False,valid_ordinary,[],True,0.34205752896377817,parameter_interactions,request_declared
,0,,False,,,not_reported_unknown,8b66f3fed616343a7c9d97741208e5a21de115c50305b38370a86796a61968de,,,extended-parameters-3,,inconclusive,do-close-cell-ae5b3004d6c1cf07f58a1e8ec139860894e8413b97b2a40415b1de0c7b277cda,1,,,True,matched_control_inconclusive,False,"[""parameter_interactions""]",,,2026-08-25T00:25:54.752517+00:00,minimax-m2.5,,ProviderHTTPError,0.00031769999999999997,,,False,,False,,400,,,False,False,,,False,,request_payload_sha256_mismatch,,,,probe,,,,,,,False,,True,0.0,True,False,,orphaned,b3ec6e9faba9a6ee4eb3b621ec90af5aa905034bc85134cb7750e5ec445d1970,,c72e58cee2939532e706aa3236dc2562ce595f18a6216c038275a0c3859254af,do-close-request-99be86e99fc613940b50dd397711,ae5b3004d6c1cf07f58a1e8ec139860894e8413b97b2a40415b1de0c7b277cda,c72e58cee2939532e706aa3236dc2562ce595f18a6216c038275a0c3859254af,0.3476956590311602,,64,tokens,,,do-hosted-closure-20260825-r1,digitalocean_public_request_v2,False,transport,,True,do-close-request-99be86e99fc613940b50dd397711,do-close-cell-ae5b3004d6c1cf07f58a1e8ec139860894e8413b97b2a40415b1de0c7b277cda,False,,matched_control_closure,do-hosted-closure-20260825-r1,direct_completion,,2026-08-25T00:25:54.404768+00:00,client_rejection,,,unknown,,,,cap-extended-3,False,invalid_or_censored,"[""not_streamed_ttft_unobservable""]",False,,parameter_interactions,request_declared
,1,,True,,0,cache_miss_observed,8b66f3fed616343a7c9d97741208e5a21de115c50305b38370a86796a61968de,,,cap-pairwise-15,,,do-close-cell-c0c08238921716fc413088852b70e8244236ae84150952ffdb4739ada7bc0020,1,,,True,,,"[""parameter_interactions""]",,,2026-08-25T00:25:54.845824+00:00,qwen3.5-397b-a17b,,,0.000123,,length,False,2.522703613038175,False,0.43817987700458616,200,20,12.684803650580795,False,False,,,False,,request_payload_sha256_mismatch,32,12.26445210436337,billed_completion_tokens_over_request_minus_streamed_ttft_proxy,control_after,,,,,12.26445210436337,2.6091666980064474,True,45.61608913157915,True,0.0,True,False,0.4384417950059287,orphaned,98b28c7877994e867d7da081ffde953765796225de0cdea6aac49db2cb922f3d,,584da8f3c2a1b40fa391828c64861f63f3813184976c5fc51fbb7dce2fb18550,do-close-request-595f7b69a9df18ca8fd14e84ad8b,c0c08238921716fc413088852b70e8244236ae84150952ffdb4739ada7bc0020,584da8f3c2a1b40fa391828c64861f63f3813184976c5fc51fbb7dce2fb18550,3.047608493012376,,32,tokens,02cecd33cc1f378395c53eadb46a8003596686d6984e355a1c7c49ec22da8243,,do-hosted-closure-20260825-r1,digitalocean_public_request_v2,True,exact_text,,False,do-close-request-3126de705dba8f77f9d60475ba5b,do-close-cell-c0c08238921716fc413088852b70e8244236ae84150952ffdb4739ada7bc0020,False,20,matched_control_closure,do-hosted-closure-20260825-r1,direct_completion,,2026-08-25T00:25:51.797886+00:00,success,32,reasoning,streamed,2.60942861600779,,,cap-pairwise-15,False,valid_ordinary,[],True,0.4384417950059287,parameter_interactions,request_declared
,0,,True,,32,cache_hit_observed,8b66f3fed616343a7c9d97741208e5a21de115c50305b38370a86796a61968de,,,extended-parameters-3,,,do-close-cell-ae5b3004d6c1cf07f58a1e8ec139860894e8413b97b2a40415b1de0c7b277cda,1,,,True,,,"[""parameter_interactions""]",,,2026-08-25T00:25:55.643446+00:00,minimax-m2.5,,,5.25e-05,,length,False,0.4490533589851111,False,0.4196006970014423,200,47,71.26101911880141,False,False,,,False,,request_payload_sha256_mismatch,32,69.03450726179136,billed_completion_tokens_over_request_minus_streamed_ttft_proxy,control_after,,,,,69.03450726179136,0.4635362990084104,False,,True,0.0,True,False,0.4220957100042142,orphaned,b3ec6e9faba9a6ee4eb3b621ec90af5aa905034bc85134cb7750e5ec445d1970,,4fc0938066a57f5a1652877360b4ed31f2ee014e44101852108bd35e1cec82ab,do-close-request-5984a34d2a2de71e7729fef9928c,ae5b3004d6c1cf07f58a1e8ec139860894e8413b97b2a40415b1de0c7b277cda,4fc0938066a57f5a1652877360b4ed31f2ee014e44101852108bd35e1cec82ab,0.8856320090126246,,32,tokens,a4025df74c37a0c6c0e8002e2a7366bfd07455a24030fde7241baa1acda53520,,do-hosted-closure-20260825-r1,digitalocean_public_request_v2,True,exact_text,,False,do-close-request-99be86e99fc613940b50dd397711,do-close-cell-ae5b3004d6c1cf07f58a1e8ec139860894e8413b97b2a40415b1de0c7b277cda,False,47,matched_control_closure,do-hosted-closure-20260825-r1,direct_completion,,2026-08-25T00:25:54.757417+00:00,success,32,reasoning,streamed,0.4660313120111823,,,cap-extended-3,False,valid_ordinary,[],True,0.4220957100042142,parameter_interactions,request_declared
,0,,True,,0,cache_miss_observed,8b66f3fed616343a7c9d97741208e5a21de115c50305b38370a86796a61968de,,,cap-pairwise-02,,,do-close-cell-b6598922fbefa48a8529b51a92d250cc28ae9382b36d3d050ed687c6f6ffe506,1,,,True,,,"[""parameter_interactions""]",,,2026-08-25T00:25:56.082249+00:00,glm-5.2,,,8.44e-05,,length,False,8.848535034048837,False,3.5557354589691386,200,20,3.616417845085676,False,False,,,False,,request_payload_sha256_mismatch,32,3.6123900149370987,billed_completion_tokens_over_request_minus_streamed_ttft_proxy,control_before,,,,,3.6123900149370987,8.858401188044809,True,5.605187367573928,True,0.0,True,False,3.5681233629584312,orphaned,b4697eba2c5f74f0e8487d81014cf468f7b4084d3c16211c65361cad5d6590e3,,367df602bda07ab0774b60eae23f753c3a8b967419b0e5562798a350a478e39c,do-close-request-b45e0214ae3d94c21b153e6fb097,b6598922fbefa48a8529b51a92d250cc28ae9382b36d3d050ed687c6f6ffe506,367df602bda07ab0774b60eae23f753c3a8b967419b0e5562798a350a478e39c,12.42652455100324,,32,tokens,ef23c31d67569545d3adf250d717054dd7b1e2259115026a0473e9c2b6a8a8d4,,do-hosted-closure-20260825-r1,digitalocean_public_request_v2,True,exact_text,,False,do-close-request-a116713968b85cb33df42c82eb5c,do-close-cell-b6598922fbefa48a8529b51a92d250cc28ae9382b36d3d050ed687c6f6ffe506,False,20,matched_control_closure,do-hosted-closure-20260825-r1,direct_completion,,2026-08-25T00:25:43.655357+00:00,success,12,reasoning,streamed,8.870789092034101,,,cap-pairwise-02,False,valid_ordinary,[],True,3.5681233629584312,parameter_interactions,request_declared
,0,,False,,,not_reported_unknown,8b66f3fed616343a7c9d97741208e5a21de115c50305b38370a86796a61968de,,,cap-pairwise-02,,inconclusive,do-close-cell-b6598922fbefa48a8529b51a92d250cc28ae9382b36d3d050ed687c6f6ffe506,1,,,True,matched_control_inconclusive,False,"[""parameter_interactions""]",,,2026-08-25T00:25:56.428708+00:00,glm-5.2,,ProviderHTTPError,0.0010003999999999998,,,False,,False,,400,,,False,False,,,False,,request_payload_sha256_mismatch,,,,probe,,,,,,,False,,True,0.0,True,False,,orphaned,b4697eba2c5f74f0e8487d81014cf468f7b4084d3c16211c65361cad5d6590e3,,d48115253f6fc662f88a6d6d72fbc7c67c83e61c2fb307a7e352e8a4910f17da,do-close-request-a116713968b85cb33df42c82eb5c,b6598922fbefa48a8529b51a92d250cc28ae9382b36d3d050ed687c6f6ffe506,d48115253f6fc662f88a6d6d72fbc7c67c83e61c2fb307a7e352e8a4910f17da,0.3417579180095345,,64,tokens,,,do-hosted-closure-20260825-r1,digitalocean_public_request_v2,False,transport,,True,do-close-request-a116713968b85cb33df42c82eb5c,do-close-cell-b6598922fbefa48a8529b51a92d250cc28ae9382b36d3d050ed687c6f6ffe506,False,,matched_control_closure,do-hosted-closure-20260825-r1,direct_completion,,2026-08-25T00:25:56.086887+00:00,client_rejection,,,unknown,,,,cap-pairwise-02,False,invalid_or_censored,"[""not_streamed_ttft_unobservable""]",False,,parameter_interactions,request_declared
,0,,True,,32,cache_hit_observed,8b66f3fed616343a7c9d97741208e5a21de115c50305b38370a86796a61968de,,,extended-parameters-4,,,do-close-cell-2d7690a18540dd4508d54730531d0cabf14e388b8c29ec3dbd7403b647f9d9d6,1,,,True,,,"[""parameter_interactions""]",,,2026-08-25T00:25:56.456991+00:00,minimax-m2.5,,,5.3099999999999996e-05,,length,False,0.4814106220146641,False,0.3160224509774707,200,49,66.47132102337629,False,False,,,False,,request_payload_sha256_mismatch,32,65.3004770211225,billed_completion_tokens_over_request_minus_streamed_ttft_proxy,control_before,,,,,65.3004770211225,0.4900423620129004,False,,True,0.0,True,False,0.316500102984719,orphaned,b833d6b24e0f82a415acc7e4f0b8e08442158ad794c898d3377b48ff25305351,,d96ad015671ccc0d2532d4c49ec73cb815039fc225219d87fc30e5b2a001dc47,do-close-request-90039d2094b8edfc489a8907d6f6,2d7690a18540dd4508d54730531d0cabf14e388b8c29ec3dbd7403b647f9d9d6,d96ad015671ccc0d2532d4c49ec73cb815039fc225219d87fc30e5b2a001dc47,0.8065424649976194,,32,tokens,6703e33105b6e45d3fa50064008862e447eb27ca98666c7404a364abced5453f,,do-hosted-closure-20260825-r1,digitalocean_public_request_v2,True,exact_text,,False,do-close-request-96e711358f34f6a01d288e86cb9a,do-close-cell-2d7690a18540dd4508d54730531d0cabf14e388b8c29ec3dbd7403b647f9d9d6,False,49,matched_control_closure,do-hosted-closure-20260825-r1,direct_completion,,2026-08-25T00:25:55.650076+00:00,success,32,reasoning,streamed,0.49052001402014866,,,cap-extended-4,False,valid_ordinary,[],True,0.316500102984719,parameter_interactions,request_declared
,0,,False,,,not_reported_unknown,8b66f3fed616343a7c9d97741208e5a21de115c50305b38370a86796a61968de,,,extended-parameters-4,,inconclusive,do-close-cell-2d7690a18540dd4508d54730531d0cabf14e388b8c29ec3dbd7403b647f9d9d6,1,,,True,matched_control_inconclusive,False,"[""parameter_interactions""]",,,2026-08-25T00:25:56.807485+00:00,minimax-m2.5,,ProviderHTTPError,0.0003123,,,False,,False,,400,,,False,False,,,False,,request_payload_sha256_mismatch,,,,probe,,,,,,,False,,True,0.0,True,False,,orphaned,b833d6b24e0f82a415acc7e4f0b8e08442158ad794c898d3377b48ff25305351,,31c0d31fda059462df23c4094d34f1537e74358a6f8dd72cad8c20dab267ac20,do-close-request-96e711358f34f6a01d288e86cb9a,2d7690a18540dd4508d54730531d0cabf14e388b8c29ec3dbd7403b647f9d9d6,31c0d31fda059462df23c4094d34f1537e74358a6f8dd72cad8c20dab267ac20,0.34575775102712214,,64,tokens,,,do-hosted-closure-20260825-r1,digitalocean_public_request_v2,False,transport,,True,do-close-request-96e711358f34f6a01d288e86cb9a,do-close-cell-2d7690a18540dd4508d54730531d0cabf14e388b8c29ec3dbd7403b647f9d9d6,False,,matched_control_closure,do-hosted-closure-20260825-r1,direct_completion,,2026-08-25T00:25:56.461675+00:00,client_rejection,,,unknown,,,,cap-extended-4,False,invalid_or_censored,"[""not_streamed_ttft_unobservable""]",False,,parameter_interactions,request_declared
,0,,True,,0,cache_miss_observed,8b66f3fed616343a7c9d97741208e5a21de115c50305b38370a86796a61968de,,,cap-pairwise-02,,,do-close-cell-b6598922fbefa48a8529b51a92d250cc28ae9382b36d3d050ed687c6f6ffe506,1,,,True,,,"[""parameter_interactions""]",,,2026-08-25T00:25:57.175148+00:00,glm-5.2,,,8.44e-05,,length,False,0.26516606798395514,False,0.4540078050340526,200,20,120.67909081766932,False,False,,,False,,request_payload_sha256_mismatch,32,111.48715884701818,billed_completion_tokens_over_request_minus_streamed_ttft_proxy,control_after,,,,,111.48715884701818,0.28702857199823484,True,44.02407188261936,True,0.0,True,False,0.45429691404569894,orphaned,b4697eba2c5f74f0e8487d81014cf468f7b4084d3c16211c65361cad5d6590e3,,81e6e66b7f98bf043d331b917b11fd5711acfdce15c9d0ec72341e0119e8eec8,do-close-request-07d4ec71548b764af13833824e7e,b6598922fbefa48a8529b51a92d250cc28ae9382b36d3d050ed687c6f6ffe506,81e6e66b7f98bf043d331b917b11fd5711acfdce15c9d0ec72341e0119e8eec8,0.7413254860439338,,32,tokens,1f96b545eae3eb01d395aa2134d20fc97ba08accca5215549024bfb63b5dcdcf,,do-hosted-closure-20260825-r1,digitalocean_public_request_v2,True,exact_text,,False,do-close-request-a116713968b85cb33df42c82eb5c,do-close-cell-b6598922fbefa48a8529b51a92d250cc28ae9382b36d3d050ed687c6f6ffe506,False,20,matched_control_closure,do-hosted-closure-20260825-r1,direct_completion,,2026-08-25T00:25:56.433435+00:00,success,10,reasoning,streamed,0.2873176810098812,,,cap-pairwise-02,False,valid_ordinary,[],True,0.45429691404569894,parameter_interactions,request_declared
,0,,True,,48,cache_hit_observed,8b66f3fed616343a7c9d97741208e5a21de115c50305b38370a86796a61968de,,,extended-parameters-4,,,do-close-cell-2d7690a18540dd4508d54730531d0cabf14e388b8c29ec3dbd7403b647f9d9d6,1,,,True,,,"[""parameter_interactions""]",,,2026-08-25T00:25:57.769044+00:00,minimax-m2.5,,,5.3099999999999996e-05,,length,False,0.5348540620179847,False,0.3792000070097856,200,49,59.82940445336654,False,False,,,False,,request_payload_sha256_mismatch,32,55.51618599991615,billed_completion_tokens_over_request_minus_streamed_ttft_proxy,control_after,,,,,55.51618599991615,0.5764084730180912,False,,True,0.0,True,False,0.379489641985856,orphaned,b833d6b24e0f82a415acc7e4f0b8e08442158ad794c898d3377b48ff25305351,,da47e7e44cf37f092991dca45c12f69a2f55a598f37577ff10dcd328995e4a0b,do-close-request-0471b8b8544d56e64936f7d3a66e,2d7690a18540dd4508d54730531d0cabf14e388b8c29ec3dbd7403b647f9d9d6,da47e7e44cf37f092991dca45c12f69a2f55a598f37577ff10dcd328995e4a0b,0.9558981150039472,,32,tokens,6703e33105b6e45d3fa50064008862e447eb27ca98666c7404a364abced5453f,,do-hosted-closure-20260825-r1,digitalocean_public_request_v2,True,exact_text,,False,do-close-request-96e711358f34f6a01d288e86cb9a,do-close-cell-2d7690a18540dd4508d54730531d0cabf14e388b8c29ec3dbd7403b647f9d9d6,False,49,matched_control_closure,do-hosted-closure-20260825-r1,direct_completion,,2026-08-25T00:25:56.812702+00:00,success,32,reasoning,streamed,0.5766981079941615,,,cap-extended-4,False,valid_ordinary,[],True,0.379489641985856,parameter_interactions,request_declared
,0,,True,,32,cache_hit_observed,8b66f3fed616343a7c9d97741208e5a21de115c50305b38370a86796a61968de,,,extended-parameters-5,,,do-close-cell-9236ede8f40e24791dffb85b4aa4466ac78ac0444aa8631f566a5e1cc7d2b4de,1,,,True,,,"[""parameter_interactions""]",,,2026-08-25T00:25:58.749553+00:00,minimax-m2.5,,,5.2799999999999996e-05,,length,False,0.5402434620191343,False,0.3656932199955918,200,48,59.23255393115082,False,False,,,False,,request_payload_sha256_mismatch,32,52.749020823421255,billed_completion_tokens_over_request_minus_streamed_ttft_proxy,control_before,,,,,52.749020823421255,0.6066463320166804,False,,True,0.0,True,False,0.3660032639745623,orphaned,d92a866bc0e0c6a198297a49772feed12bdacc768d75a6a3f448b2b695e51624,,f8c05748296a1f11b69e27ffb7793cf4e5a486e254dd8ccf82abf7caf33389f5,do-close-request-38e9143b2051820179307f2be366,9236ede8f40e24791dffb85b4aa4466ac78ac0444aa8631f566a5e1cc7d2b4de,f8c05748296a1f11b69e27ffb7793cf4e5a486e254dd8ccf82abf7caf33389f5,0.9726495959912427,,32,tokens,de7f69fa9f40b6abb180f8e6dc01344a47a03ca0f92d9e035386faacb0e86ab1,,do-hosted-closure-20260825-r1,digitalocean_public_request_v2,True,exact_text,,False,do-close-request-d75550d67738fb6baf584a9b6435,do-close-cell-9236ede8f40e24791dffb85b4aa4466ac78ac0444aa8631f566a5e1cc7d2b4de,False,48,matched_control_closure,do-hosted-closure-20260825-r1,direct_completion,,2026-08-25T00:25:57.776491+00:00,success,32,reasoning,streamed,0.6069563759956509,,,cap-extended-5,False,valid_ordinary,[],True,0.3660032639745623,parameter_interactions,request_declared
,0,,False,,,not_reported_unknown,8b66f3fed616343a7c9d97741208e5a21de115c50305b38370a86796a61968de,,,extended-parameters-5,,inconclusive,do-close-cell-9236ede8f40e24791dffb85b4aa4466ac78ac0444aa8631f566a5e1cc7d2b4de,1,,,True,matched_control_inconclusive,False,"[""parameter_interactions""]",,,2026-08-25T00:25:59.362721+00:00,minimax-m2.5,,ProviderHTTPError,0.0003168,,,False,,False,,400,,,False,False,,,False,,request_payload_sha256_mismatch,,,,probe,,,,,,,False,,True,0.0,True,False,,orphaned,d92a866bc0e0c6a198297a49772feed12bdacc768d75a6a3f448b2b695e51624,,852415361c5421ee3d537ce824f099ec010d8528a40dc453b55e9ed578d90f81,do-close-request-d75550d67738fb6baf584a9b6435,9236ede8f40e24791dffb85b4aa4466ac78ac0444aa8631f566a5e1cc7d2b4de,852415361c5421ee3d537ce824f099ec010d8528a40dc453b55e9ed578d90f81,0.6082387810456567,,64,tokens,,,do-hosted-closure-20260825-r1,digitalocean_public_request_v2,False,transport,,True,do-close-request-d75550d67738fb6baf584a9b6435,do-close-cell-9236ede8f40e24791dffb85b4aa4466ac78ac0444aa8631f566a5e1cc7d2b4de,False,,matched_control_closure,do-hosted-closure-20260825-r1,direct_completion,,2026-08-25T00:25:58.754423+00:00,client_rejection,,,unknown,,,,cap-extended-5,False,invalid_or_censored,"[""not_streamed_ttft_unobservable""]",False,,parameter_interactions,request_declared
,0,,True,,32,cache_hit_observed,8b66f3fed616343a7c9d97741208e5a21de115c50305b38370a86796a61968de,,,extended-parameters-5,,,do-close-cell-9236ede8f40e24791dffb85b4aa4466ac78ac0444aa8631f566a5e1cc7d2b4de,1,,,True,,,"[""parameter_interactions""]",,,2026-08-25T00:26:00.395478+00:00,minimax-m2.5,,,5.2799999999999996e-05,,length,False,0.45162803801940754,False,0.5537048050318845,200,48,70.85476831849152,False,False,,,False,,request_payload_sha256_mismatch,32,67.53448565241384,billed_completion_tokens_over_request_minus_streamed_ttft_proxy,control_after,,,,,67.53448565241384,0.4738319939933717,False,,True,0.0,True,False,0.5539838940021582,orphaned,d92a866bc0e0c6a198297a49772feed12bdacc768d75a6a3f448b2b695e51624,,5890cee333f1ffef8f5a164d4541859a7029770262922e233eca1f38b01aff27,do-close-request-87c79867eede848f4132056d2a98,9236ede8f40e24791dffb85b4aa4466ac78ac0444aa8631f566a5e1cc7d2b4de,5890cee333f1ffef8f5a164d4541859a7029770262922e233eca1f38b01aff27,1.02781588799553,,32,tokens,68e7e7f0cfd5cf993dbc9d194ff5d56ae31f501b319a947128ba3aa8bdbd9497,,do-hosted-closure-20260825-r1,digitalocean_public_request_v2,True,exact_text,,False,do-close-request-d75550d67738fb6baf584a9b6435,do-close-cell-9236ede8f40e24791dffb85b4aa4466ac78ac0444aa8631f566a5e1cc7d2b4de,False,48,matched_control_closure,do-hosted-closure-20260825-r1,direct_completion,,2026-08-25T00:25:59.367331+00:00,success,32,reasoning,streamed,0.47411108296364546,,,cap-extended-5,False,valid_ordinary,[],True,0.5539838940021582,parameter_interactions,request_declared
,0,,True,,0,cache_miss_observed,8b66f3fed616343a7c9d97741208e5a21de115c50305b38370a86796a61968de,,,cap-pairwise-03,,,do-close-cell-4553500ac55dc943336d60718ad080fecc768acd8a3a052a70142016705dfa7c,1,,,True,,,"[""parameter_interactions""]",,,2026-08-25T00:26:00.406076+00:00,glm-5.2,,,8.580000000000001e-05,,length,False,2.248140998999588,False,0.911168153048493,200,22,14.233982661336563,False,False,,,False,,request_payload_sha256_mismatch,32,13.842744113395863,billed_completion_tokens_over_request_minus_streamed_ttft_proxy,control_before,,,,,13.842744113395863,2.3116803820012137,True,24.135290944037905,True,0.0,True,False,0.9115282699931413,orphaned,a89ca7108819e0c6cd3ae70254296d112212bd5509b01dfecca32890e32cbdc6,,540378b4623b7e03f82b2318e4e67257db4803087d27da2bae6c10020f801aff,do-close-request-f881479587b069fd82e80d15cc90,4553500ac55dc943336d60718ad080fecc768acd8a3a052a70142016705dfa7c,540378b4623b7e03f82b2318e4e67257db4803087d27da2bae6c10020f801aff,3.223208651994355,,32,tokens,9914580db6af35052039fa6179c4286077cf8192e8f4f5041a0aa1c0065119ef,,do-hosted-closure-20260825-r1,digitalocean_public_request_v2,True,exact_text,,False,do-close-request-239341072a9416be5556f9f138a9,do-close-cell-4553500ac55dc943336d60718ad080fecc768acd8a3a052a70142016705dfa7c,False,22,matched_control_closure,do-hosted-closure-20260825-r1,direct_completion,,2026-08-25T00:25:57.182173+00:00,success,9,reasoning,streamed,2.312040498945862,,,cap-pairwise-03,False,valid_ordinary,[],True,0.9115282699931413,parameter_interactions,request_declared
,0,,False,,,not_reported_unknown,8b66f3fed616343a7c9d97741208e5a21de115c50305b38370a86796a61968de,,,cap-pairwise-03,,inconclusive,do-close-cell-4553500ac55dc943336d60718ad080fecc768acd8a3a052a70142016705dfa7c,1,,,True,matched_control_inconclusive,False,"[""parameter_interactions""]",,,2026-08-25T00:26:00.723150+00:00,glm-5.2,,ProviderHTTPError,0.0007463,,,False,,False,,400,,,False,False,,,False,,request_payload_sha256_mismatch,,,,probe,,,,,,,False,,True,0.0,True,False,,orphaned,a89ca7108819e0c6cd3ae70254296d112212bd5509b01dfecca32890e32cbdc6,,297ff384783ab6480aee128d8015dd87466441b2c9521999742c85fba9eaa685,do-close-request-239341072a9416be5556f9f138a9,4553500ac55dc943336d60718ad080fecc768acd8a3a052a70142016705dfa7c,297ff384783ab6480aee128d8015dd87466441b2c9521999742c85fba9eaa685,0.3131651729927398,,64,tokens,,,do-hosted-closure-20260825-r1,digitalocean_public_request_v2,False,transport,,True,do-close-request-239341072a9416be5556f9f138a9,do-close-cell-4553500ac55dc943336d60718ad080fecc768acd8a3a052a70142016705dfa7c,False,,matched_control_closure,do-hosted-closure-20260825-r1,direct_completion,,2026-08-25T00:26:00.409931+00:00,client_rejection,,,unknown,,,,cap-pairwise-03,False,invalid_or_censored,"[""not_streamed_ttft_unobservable""]",False,,parameter_interactions,request_declared
,0,,True,,0,cache_miss_observed,8b66f3fed616343a7c9d97741208e5a21de115c50305b38370a86796a61968de,,,cap-pairwise-03,,,do-close-cell-4553500ac55dc943336d60718ad080fecc768acd8a3a052a70142016705dfa7c,1,,,True,,,"[""parameter_interactions""]",,,2026-08-25T00:26:01.621722+00:00,glm-5.2,,,8.580000000000001e-05,,length,False,0.43220858299173415,False,0.456720060959924,200,22,74.03832607510247,False,False,,,False,,request_payload_sha256_mismatch,32,73.38513594871814,billed_completion_tokens_over_request_minus_streamed_ttft_proxy,control_after,,,,,73.38513594871814,0.436055606987793,True,48.13858665107852,True,0.0,True,False,0.45701383298728615,orphaned,a89ca7108819e0c6cd3ae70254296d112212bd5509b01dfecca32890e32cbdc6,,78c7f78d78e46630b5d334c3e19d5f38e9e2e448612b9986c66b17e17b36695f,do-close-request-2bc5d2bac7d7273ce4a26ee007ed,4553500ac55dc943336d60718ad080fecc768acd8a3a052a70142016705dfa7c,78c7f78d78e46630b5d334c3e19d5f38e9e2e448612b9986c66b17e17b36695f,0.8930694399750791,,32,tokens,1398dd5adb7ea76c6a84349fbee9d8e78e0cf9608aaeb843ddb05b4ec459d335,,do-hosted-closure-20260825-r1,digitalocean_public_request_v2,True,exact_text,,False,do-close-request-239341072a9416be5556f9f138a9,do-close-cell-4553500ac55dc943336d60718ad080fecc768acd8a3a052a70142016705dfa7c,False,22,matched_control_closure,do-hosted-closure-20260825-r1,direct_completion,,2026-08-25T00:26:00.728305+00:00,success,11,reasoning,streamed,0.43634937901515514,,,cap-pairwise-03,False,valid_ordinary,[],True,0.45701383298728615,parameter_interactions,request_declared
,0,,True,,0,cache_miss_observed,8b66f3fed616343a7c9d97741208e5a21de115c50305b38370a86796a61968de,,,cap-pairwise-16,,,do-close-cell-1021c0a9ca57f1c304bad16cd423a783b7a64b2d90e5504c678cb87f2ce86cf5,1,,,True,,,"[""parameter_interactions""]",,,2026-08-25T00:26:01.804644+00:00,qwen3.5-397b-a17b,,,0.000123,,length,False,2.4737473119748756,False,0.46442716202000156,200,20,12.935840231172731,False,False,,,False,,request_payload_sha256_mismatch,32,12.87350218246502,billed_completion_tokens_over_request_minus_streamed_ttft_proxy,control_before,,,,,12.87350218246502,2.485726070997771,True,43.01810443443286,True,0.0,True,False,0.46492053201654926,orphaned,6170a37488f1dddf8f50ed3c0635b097019876643a4ece5c5fa41ee38a93467a,,63c0c8628bbb500f11dd36560e8c81b3760ed950c84c3510edb28a154632353f,do-close-request-689ed957086a6f4d3be970b65f25,1021c0a9ca57f1c304bad16cd423a783b7a64b2d90e5504c678cb87f2ce86cf5,63c0c8628bbb500f11dd36560e8c81b3760ed950c84c3510edb28a154632353f,2.95064660301432,,32,tokens,c031c0b89956250a9fa6586ada4de644829419eec430279246e51dbadc68c111,,do-hosted-closure-20260825-r1,digitalocean_public_request_v2,True,exact_text,,False,do-close-request-a10d8ef4240078989ac5aac099cf,do-close-cell-1021c0a9ca57f1c304bad16cd423a783b7a64b2d90e5504c678cb87f2ce86cf5,False,20,matched_control_closure,do-hosted-closure-20260825-r1,direct_completion,,2026-08-25T00:25:58.853548+00:00,success,32,reasoning,streamed,2.4862194409943186,,,cap-pairwise-16,False,valid_ordinary,[],True,0.46492053201654926,parameter_interactions,request_declared
,0,,False,,,not_reported_unknown,8b66f3fed616343a7c9d97741208e5a21de115c50305b38370a86796a61968de,,,cap-pairwise-16,,inconclusive,do-close-cell-1021c0a9ca57f1c304bad16cd423a783b7a64b2d90e5504c678cb87f2ce86cf5,1,,,True,matched_control_inconclusive,False,"[""parameter_interactions""]",,,2026-08-25T00:26:02.160176+00:00,qwen3.5-397b-a17b,,ProviderHTTPError,0.00087575,,,False,,False,,400,,,False,False,,,False,,request_payload_sha256_mismatch,,,,probe,,,,,,,False,,True,0.0,True,False,,orphaned,6170a37488f1dddf8f50ed3c0635b097019876643a4ece5c5fa41ee38a93467a,,32f46159b52bec952e94e3084a9cf1aeba5370157206a602642a3a2f01d75e14,do-close-request-a10d8ef4240078989ac5aac099cf,1021c0a9ca57f1c304bad16cd423a783b7a64b2d90e5504c678cb87f2ce86cf5,32f46159b52bec952e94e3084a9cf1aeba5370157206a602642a3a2f01d75e14,0.3507088259793818,,64,tokens,,,do-hosted-closure-20260825-r1,digitalocean_public_request_v2,False,transport,,True,do-close-request-a10d8ef4240078989ac5aac099cf,do-close-cell-1021c0a9ca57f1c304bad16cd423a783b7a64b2d90e5504c678cb87f2ce86cf5,False,,matched_control_closure,do-hosted-closure-20260825-r1,direct_completion,,2026-08-25T00:26:01.809414+00:00,client_rejection,,,unknown,,,,cap-pairwise-16,False,invalid_or_censored,"[""not_streamed_ttft_unobservable""]",False,,parameter_interactions,request_declared
,0,,True,,0,cache_miss_observed,8b66f3fed616343a7c9d97741208e5a21de115c50305b38370a86796a61968de,,,cap-pairwise-04,,,do-close-cell-fe83805cf69df203c4994c9c9d4bfbe0da7a51326159f142d52d765e0c1f04ae,1,,,True,,,"[""parameter_interactions""]",,,2026-08-25T00:26:02.364889+00:00,glm-5.2,,,4.84e-05,,stop,True,0.12798305304022506,True,0.573079995054286,200,22,117.20301745954991,False,False,,,False,,request_payload_sha256_mismatch,15,91.96698038644782,billed_completion_tokens_over_request_minus_streamed_ttft_proxy,control_before,,,,,91.96698038644782,0.16310201701708138,True,38.37064557979742,True,1.0,True,False,0.5733549610013142,orphaned,0852f0526518acb58e335d45ffb46f884d431636c6e98aeda5b3626afd85fb9d,,5e3e9d26968211e7c75af4aeace18774454bf53633cede4f535518a923b49ddf,do-close-request-fd0df49f00d3ddb5c2b6223ea49e,fe83805cf69df203c4994c9c9d4bfbe0da7a51326159f142d52d765e0c1f04ae,5e3e9d26968211e7c75af4aeace18774454bf53633cede4f535518a923b49ddf,0.7364569780183956,,32,tokens,8dcaf7ebf0de86e1ac11d6959224572c3256c843a1f0e91d17a02ddf4e5eec58,,do-hosted-closure-20260825-r1,digitalocean_public_request_v2,True,exact_text,,False,do-close-request-5dc3d22e74062dc4fafc3ec4331e,do-close-cell-fe83805cf69df203c4994c9c9d4bfbe0da7a51326159f142d52d765e0c1f04ae,False,22,matched_control_closure,do-hosted-closure-20260825-r1,direct_completion,,2026-08-25T00:26:01.628087+00:00,success,6,reasoning,streamed,0.16337698296410963,,,cap-pairwise-04,False,valid_ordinary,[],True,0.5733549610013142,parameter_interactions,request_declared
,0,,True,,32,cache_hit_observed,8b66f3fed616343a7c9d97741208e5a21de115c50305b38370a86796a61968de,,,extended-parameters-6,,,do-close-cell-0a525cf96f374701f24eb1910a8b109559098fb5161ccc84b1c044f07c4ab881,1,,,True,,,"[""parameter_interactions""]",,,2026-08-25T00:26:02.470263+00:00,minimax-m2.5,,,5.25e-05,,length,False,0.5676561319851317,False,1.3904503720114008,200,47,56.37215595310113,False,False,,,False,,request_payload_sha256_mismatch,32,49.11686035429096,billed_completion_tokens_over_request_minus_streamed_ttft_proxy,control_before,,,,,49.11686035429096,0.6515074410126545,False,,True,0.0,True,False,1.4156708620139398,orphaned,64fdf0f5f4ea649225166e43e83187aa7740046be6b55cad067599fe17b725b2,,42e36ca47cbbf8ce095f2dd7e96e1be06ee272f336b812664b1ce06b61d71c72,do-close-request-aac93fa88b22bafc0bbb02a69766,0a525cf96f374701f24eb1910a8b109559098fb5161ccc84b1c044f07c4ab881,42e36ca47cbbf8ce095f2dd7e96e1be06ee272f336b812664b1ce06b61d71c72,2.067178303026594,,32,tokens,3f64a3bd5ce73fce7573fe123a01ce3eec33f30a8fa332dc6bd96ce6c6a6a128,,do-hosted-closure-20260825-r1,digitalocean_public_request_v2,True,exact_text,,False,do-close-request-266f353dafb3a11b699922ad2160,do-close-cell-0a525cf96f374701f24eb1910a8b109559098fb5161ccc84b1c044f07c4ab881,False,47,matched_control_closure,do-hosted-closure-20260825-r1,direct_completion,,2026-08-25T00:26:00.402673+00:00,success,32,reasoning,streamed,0.6767279310151935,,,cap-extended-6,False,valid_ordinary,[],True,1.4156708620139398,parameter_interactions,request_declared
,0,,False,,,not_reported_unknown,8b66f3fed616343a7c9d97741208e5a21de115c50305b38370a86796a61968de,,,cap-pairwise-04,,inconclusive,do-close-cell-fe83805cf69df203c4994c9c9d4bfbe0da7a51326159f142d52d765e0c1f04ae,1,,,True,matched_control_inconclusive,False,"[""parameter_interactions""]",,,2026-08-25T00:26:02.633060+00:00,glm-5.2,,ProviderHTTPError,0.0007798999999999998,,,False,,False,,400,,,False,False,,,False,,request_payload_sha256_mismatch,,,,probe,,,,,,,False,,True,0.0,True,False,,orphaned,0852f0526518acb58e335d45ffb46f884d431636c6e98aeda5b3626afd85fb9d,,999b00887f643c4bfd05f28657cf1f20bd4d17b1d229b50d4c5574f1090b3bbf,do-close-request-5dc3d22e74062dc4fafc3ec4331e,fe83805cf69df203c4994c9c9d4bfbe0da7a51326159f142d52d765e0c1f04ae,999b00887f643c4bfd05f28657cf1f20bd4d17b1d229b50d4c5574f1090b3bbf,0.26339029101654887,,64,tokens,,,do-hosted-closure-20260825-r1,digitalocean_public_request_v2,False,transport,,True,do-close-request-5dc3d22e74062dc4fafc3ec4331e,do-close-cell-fe83805cf69df203c4994c9c9d4bfbe0da7a51326159f142d52d765e0c1f04ae,False,,matched_control_closure,do-hosted-closure-20260825-r1,direct_completion,,2026-08-25T00:26:02.369606+00:00,client_rejection,,,unknown,,,,cap-pairwise-04,False,invalid_or_censored,"[""not_streamed_ttft_unobservable""]",False,,parameter_interactions,request_declared
,0,,False,,,not_reported_unknown,8b66f3fed616343a7c9d97741208e5a21de115c50305b38370a86796a61968de,,,extended-parameters-6,,inconclusive,do-close-cell-0a525cf96f374701f24eb1910a8b109559098fb5161ccc84b1c044f07c4ab881,1,,,True,matched_control_inconclusive,False,"[""parameter_interactions""]",,,2026-08-25T00:26:02.784351+00:00,minimax-m2.5,,ProviderHTTPError,0.0003117,,,False,,False,,400,,,False,False,,,False,,request_payload_sha256_mismatch,,,,probe,,,,,,,False,,True,0.0,True,False,,orphaned,64fdf0f5f4ea649225166e43e83187aa7740046be6b55cad067599fe17b725b2,,416826fabac4d5df3dbcaf48ad5cf121e8b9ad4de65bfa0c4d5a3fa77a78ea14,do-close-request-266f353dafb3a11b699922ad2160,0a525cf96f374701f24eb1910a8b109559098fb5161ccc84b1c044f07c4ab881,416826fabac4d5df3dbcaf48ad5cf121e8b9ad4de65bfa0c4d5a3fa77a78ea14,0.30929163901600987,,64,tokens,,,do-hosted-closure-20260825-r1,digitalocean_public_request_v2,False,transport,,True,do-close-request-266f353dafb3a11b699922ad2160,do-close-cell-0a525cf96f374701f24eb1910a8b109559098fb5161ccc84b1c044f07c4ab881,False,,matched_control_closure,do-hosted-closure-20260825-r1,direct_completion,,2026-08-25T00:26:02.475007+00:00,client_rejection,,,unknown,,,,cap-extended-6,False,invalid_or_censored,"[""not_streamed_ttft_unobservable""]",False,,parameter_interactions,request_declared
,0,,True,,32,cache_hit_observed,8b66f3fed616343a7c9d97741208e5a21de115c50305b38370a86796a61968de,,,extended-parameters-6,,,do-close-cell-0a525cf96f374701f24eb1910a8b109559098fb5161ccc84b1c044f07c4ab881,1,,,True,,,"[""parameter_interactions""]",,,2026-08-25T00:26:03.752160+00:00,minimax-m2.5,,,5.25e-05,,length,False,0.5547679630108178,False,0.39050559303723276,200,47,57.68177352262862,False,False,,,False,,request_payload_sha256_mismatch,32,56.016118328759205,billed_completion_tokens_over_request_minus_streamed_ttft_proxy,control_after,,,,,56.016118328759205,0.5712641460122541,False,,True,0.0,True,False,0.3912781580002047,orphaned,64fdf0f5f4ea649225166e43e83187aa7740046be6b55cad067599fe17b725b2,,009f2ea0ea0c098b626c9225ebedf5eccf48a3288d4ecb0ff482b8063f608f37,do-close-request-f9a8f2c97a82fd3b08f9c3cbe86b,0a525cf96f374701f24eb1910a8b109559098fb5161ccc84b1c044f07c4ab881,009f2ea0ea0c098b626c9225ebedf5eccf48a3288d4ecb0ff482b8063f608f37,0.9625423040124588,,32,tokens,83fe8085cebb0229542b8d59659d1df2a02bad2794b1452bf7faff517fe61a70,,do-hosted-closure-20260825-r1,digitalocean_public_request_v2,True,exact_text,,False,do-close-request-266f353dafb3a11b699922ad2160,do-close-cell-0a525cf96f374701f24eb1910a8b109559098fb5161ccc84b1c044f07c4ab881,False,47,matched_control_closure,do-hosted-closure-20260825-r1,direct_completion,,2026-08-25T00:26:02.789281+00:00,success,32,reasoning,streamed,0.572036710975226,,,cap-extended-6,False,valid_ordinary,[],True,0.3912781580002047,parameter_interactions,request_declared
,0,,True,,0,cache_miss_observed,8b66f3fed616343a7c9d97741208e5a21de115c50305b38370a86796a61968de,,,cap-pairwise-16,,,do-close-cell-1021c0a9ca57f1c304bad16cd423a783b7a64b2d90e5504c678cb87f2ce86cf5,1,,,True,,,"[""parameter_interactions""]",,,2026-08-25T00:26:04.987057+00:00,qwen3.5-397b-a17b,,,0.000123,,length,False,2.3351806789869443,False,0.47283881600014865,200,20,13.703436435540544,False,False,,,False,,request_payload_sha256_mismatch,32,13.630105255474424,billed_completion_tokens_over_request_minus_streamed_ttft_proxy,control_after,,,,,13.630105255474424,2.3477441589930095,True,42.248882138478216,True,0.0,True,False,0.4733853060170077,orphaned,6170a37488f1dddf8f50ed3c0635b097019876643a4ece5c5fa41ee38a93467a,,b1f4764c46590e94e7a81f9800c2c74c4139dd75064b3b20f362f97457392212,do-close-request-3a3f87ba635180502600a9a3f987,1021c0a9ca57f1c304bad16cd423a783b7a64b2d90e5504c678cb87f2ce86cf5,b1f4764c46590e94e7a81f9800c2c74c4139dd75064b3b20f362f97457392212,2.821129465010017,,32,tokens,c031c0b89956250a9fa6586ada4de644829419eec430279246e51dbadc68c111,,do-hosted-closure-20260825-r1,digitalocean_public_request_v2,True,exact_text,,False,do-close-request-a10d8ef4240078989ac5aac099cf,do-close-cell-1021c0a9ca57f1c304bad16cd423a783b7a64b2d90e5504c678cb87f2ce86cf5,False,20,matched_control_closure,do-hosted-closure-20260825-r1,direct_completion,,2026-08-25T00:26:02.165471+00:00,success,32,reasoning,streamed,2.3482906490098685,,,cap-pairwise-16,False,valid_ordinary,[],True,0.4733853060170077,parameter_interactions,request_declared
,0,,True,,0,cache_miss_observed,8b66f3fed616343a7c9d97741208e5a21de115c50305b38370a86796a61968de,,,cap-pairwise-04,,,do-close-cell-fe83805cf69df203c4994c9c9d4bfbe0da7a51326159f142d52d765e0c1f04ae,1,,,True,,,"[""parameter_interactions""]",,,2026-08-25T00:26:05.509156+00:00,glm-5.2,,,8.580000000000001e-05,,length,False,2.192248973005917,False,0.6426852970034815,200,22,14.596882194508677,False,False,,,False,,request_payload_sha256_mismatch,32,14.370393807312414,billed_completion_tokens_over_request_minus_streamed_ttft_proxy,control_after,,,,,14.370393807312414,2.2268004919751547,True,34.21643914941707,True,0.0,True,False,0.642965795006603,orphaned,0852f0526518acb58e335d45ffb46f884d431636c6e98aeda5b3626afd85fb9d,,f4f6269e57525cb9bcfdded2d9918077c3ed68b51230dd6781634ea584dae1ec,do-close-request-3a51fac079aa6a8e78d3d54a5a61,fe83805cf69df203c4994c9c9d4bfbe0da7a51326159f142d52d765e0c1f04ae,f4f6269e57525cb9bcfdded2d9918077c3ed68b51230dd6781634ea584dae1ec,2.8697662869817577,,32,tokens,52bdb1358cfd043ef943031c3c72fe996c6d3ec4e862ee84024a9c6466d9d019,,do-hosted-closure-20260825-r1,digitalocean_public_request_v2,True,exact_text,,False,do-close-request-5dc3d22e74062dc4fafc3ec4331e,do-close-cell-fe83805cf69df203c4994c9c9d4bfbe0da7a51326159f142d52d765e0c1f04ae,False,22,matched_control_closure,do-hosted-closure-20260825-r1,direct_completion,,2026-08-25T00:26:02.637679+00:00,success,9,reasoning,streamed,2.227080989978276,,,cap-pairwise-04,False,valid_ordinary,[],True,0.642965795006603,parameter_interactions,request_declared
,0,,True,,0,cache_miss_observed,8b66f3fed616343a7c9d97741208e5a21de115c50305b38370a86796a61968de,,,cap-pairwise-23,,,do-close-cell-a860956ac71d229703acc4c15940ee58c79e9eff1b8bf82ca5080e8ef41f105c,1,,,True,,,"[""structured_output""]",,,2026-08-25T00:26:08.296772+00:00,qwen3.5-397b-a17b,,,0.00012355,,length,False,2.517005325993523,False,0.7208531849901192,200,21,12.713520972534623,False,False,,,False,,request_payload_sha256_mismatch,32,12.399160442231633,billed_completion_tokens_over_request_minus_streamed_ttft_proxy,control_before,,,,,12.399160442231633,2.5808198989834636,True,29.120010302934716,True,0.0,True,False,0.7211535910028033,orphaned,976f86141d313a2c805cf9bb4a1634c9873c619c8d463a9844990d016cd0c7c2,,c684c4204deb5e796649ab06938be04e0e547134bf366153f2d2942b10fc55c3,do-close-request-f2857d1e356f7f5d5e3315d3ed8d,a860956ac71d229703acc4c15940ee58c79e9eff1b8bf82ca5080e8ef41f105c,c684c4204deb5e796649ab06938be04e0e547134bf366153f2d2942b10fc55c3,3.301973489986267,,32,tokens,d214407b77b8a1def9dfed846f7e7f2d824ebb9f7db13a7ce568f07a9aa01bb5,,do-hosted-closure-20260825-r1,digitalocean_public_request_v2,True,exact_text,,False,do-close-request-d38d278bdd9b69ce5aad0debc59a,do-close-cell-a860956ac71d229703acc4c15940ee58c79e9eff1b8bf82ca5080e8ef41f105c,False,21,matched_control_closure,do-hosted-closure-20260825-r1,direct_completion,,2026-08-25T00:26:04.993994+00:00,success,32,reasoning,streamed,2.5811203049961478,,,cap-pairwise-23,False,valid_ordinary,[],True,0.7211535910028033,structured_output,request_declared
,0,,False,,,not_reported_unknown,8b66f3fed616343a7c9d97741208e5a21de115c50305b38370a86796a61968de,,,cap-pairwise-23,,,do-close-cell-a860956ac71d229703acc4c15940ee58c79e9eff1b8bf82ca5080e8ef41f105c,1,,,True,,,"[""structured_output""]",,,2026-08-25T00:26:09.509530+00:00,qwen3.5-397b-a17b,,ProviderHTTPError,0.0151819,,,False,,False,,500,,,False,False,,,False,,request_payload_sha256_mismatch,,,,probe,,,,,,,False,,True,0.0,True,False,,orphaned,976f86141d313a2c805cf9bb4a1634c9873c619c8d463a9844990d016cd0c7c2,,a7896205d249bbb415870eb39e404cedecfa683d82adfbbda7d34c91c526d83a,do-close-request-f1b923609a9ce024c95fd0e9219b,a860956ac71d229703acc4c15940ee58c79e9eff1b8bf82ca5080e8ef41f105c,a7896205d249bbb415870eb39e404cedecfa683d82adfbbda7d34c91c526d83a,1.207730485999491,,4096,tokens,,,do-hosted-closure-20260825-r1,digitalocean_public_request_v2,False,transport,,False,do-close-request-d38d278bdd9b69ce5aad0debc59a,do-close-cell-a860956ac71d229703acc4c15940ee58c79e9eff1b8bf82ca5080e8ef41f105c,True,,matched_control_closure,do-hosted-closure-20260825-r1,direct_completion,,2026-08-25T00:26:08.301740+00:00,provider_error,,,unknown,,,,cap-pairwise-23,False,invalid_or_censored,"[""not_streamed_ttft_unobservable""]",False,,structured_output,request_declared
,0,,True,,0,cache_miss_observed,8b66f3fed616343a7c9d97741208e5a21de115c50305b38370a86796a61968de,,,cap-pairwise-05,,,do-close-cell-6b667d75864be81a6646b025d42f1cf3ab74427248a7acd92f7cf6d0d3e1a5ab,1,,,True,,,"[""parameter_interactions""]",,,2026-08-25T00:26:09.695363+00:00,glm-5.2,,,8.580000000000001e-05,,length,False,3.678960473043844,False,0.4795906520448625,200,22,8.698109217119235,False,False,,,False,,request_payload_sha256_mismatch,32,8.650574051267787,billed_completion_tokens_over_request_minus_streamed_ttft_proxy,control_before,,,,,8.650574051267787,3.6991764720296487,True,45.84435116239063,True,0.0,True,False,0.47988464101217687,orphaned,78c4973978d24eb98905a40ea2261b86e4a5a38fe04b6c823265262c61baa4aa,,a22e370fb371e5da6c29afb5c4c51c922666f6d09afff569a2cef3625e4e7f07,do-close-request-a9f10d5928be5e6345e4890a2cde,6b667d75864be81a6646b025d42f1cf3ab74427248a7acd92f7cf6d0d3e1a5ab,a22e370fb371e5da6c29afb5c4c51c922666f6d09afff569a2cef3625e4e7f07,4.179061113041826,,32,tokens,7285183102c5be7b5f97d47c8d63199aeedb32f460ce80b7bf9bc782d64247cf,,do-hosted-closure-20260825-r1,digitalocean_public_request_v2,True,exact_text,,False,do-close-request-00f388ef7d9d477d1d24c67a3fd4,do-close-cell-6b667d75864be81a6646b025d42f1cf3ab74427248a7acd92f7cf6d0d3e1a5ab,False,22,matched_control_closure,do-hosted-closure-20260825-r1,direct_completion,,2026-08-25T00:26:05.515954+00:00,success,11,reasoning,streamed,3.699470460996963,,,cap-pairwise-05,False,valid_ordinary,[],True,0.47988464101217687,parameter_interactions,request_declared
,0,,False,,,not_reported_unknown,8b66f3fed616343a7c9d97741208e5a21de115c50305b38370a86796a61968de,,,cap-pairwise-05,,inconclusive,do-close-cell-6b667d75864be81a6646b025d42f1cf3ab74427248a7acd92f7cf6d0d3e1a5ab,1,,,True,matched_control_inconclusive,False,"[""parameter_interactions""]",,,2026-08-25T00:26:10.209049+00:00,glm-5.2,,ProviderHTTPError,0.0007637999999999999,,,False,,False,,400,,,False,False,,,False,,request_payload_sha256_mismatch,,,,probe,,,,,,,False,,True,0.0,True,False,,orphaned,78c4973978d24eb98905a40ea2261b86e4a5a38fe04b6c823265262c61baa4aa,,f8b6ca9f40da283aa2ba989c95cd86dd4b41960d1cdc5f6e42ee840b9be5b040,do-close-request-00f388ef7d9d477d1d24c67a3fd4,6b667d75864be81a6646b025d42f1cf3ab74427248a7acd92f7cf6d0d3e1a5ab,f8b6ca9f40da283aa2ba989c95cd86dd4b41960d1cdc5f6e42ee840b9be5b040,0.5086730199982412,,64,tokens,,,do-hosted-closure-20260825-r1,digitalocean_public_request_v2,False,transport,,True,do-close-request-00f388ef7d9d477d1d24c67a3fd4,do-close-cell-6b667d75864be81a6646b025d42f1cf3ab74427248a7acd92f7cf6d0d3e1a5ab,False,,matched_control_closure,do-hosted-closure-20260825-r1,direct_completion,,2026-08-25T00:26:09.700319+00:00,client_rejection,,,unknown,,,,cap-pairwise-05,False,invalid_or_censored,"[""not_streamed_ttft_unobservable""]",False,,parameter_interactions,request_declared
,0,,True,,0,cache_miss_observed,8b66f3fed616343a7c9d97741208e5a21de115c50305b38370a86796a61968de,,,cap-pairwise-23,,,do-close-cell-a860956ac71d229703acc4c15940ee58c79e9eff1b8bf82ca5080e8ef41f105c,1,,,True,,,"[""structured_output""]",,,2026-08-25T00:26:12.443506+00:00,qwen3.5-397b-a17b,,,0.00012355,,length,False,2.318206897994969,False,0.5633883110131137,200,21,13.80377222916427,False,False,,,False,,request_payload_sha256_mismatch,32,13.530415384958873,billed_completion_tokens_over_request_minus_streamed_ttft_proxy,control_after,,,,,13.530415384958873,2.3650419510086067,True,37.25394633192056,True,0.0,True,False,0.5636986700119451,orphaned,976f86141d313a2c805cf9bb4a1634c9873c619c8d463a9844990d016cd0c7c2,,250e7e7853cb295448400e6750c528d302552cba070ca2c97ff825f63c1c302e,do-close-request-79be2382fd70a97eba0cfb83ddae,a860956ac71d229703acc4c15940ee58c79e9eff1b8bf82ca5080e8ef41f105c,250e7e7853cb295448400e6750c528d302552cba070ca2c97ff825f63c1c302e,2.9287406210205518,,32,tokens,d214407b77b8a1def9dfed846f7e7f2d824ebb9f7db13a7ce568f07a9aa01bb5,,do-hosted-closure-20260825-r1,digitalocean_public_request_v2,True,exact_text,,False,do-close-request-d38d278bdd9b69ce5aad0debc59a,do-close-cell-a860956ac71d229703acc4c15940ee58c79e9eff1b8bf82ca5080e8ef41f105c,False,21,matched_control_closure,do-hosted-closure-20260825-r1,direct_completion,,2026-08-25T00:26:09.514384+00:00,success,32,reasoning,streamed,2.365352310007438,,,cap-pairwise-23,False,valid_ordinary,[],True,0.5636986700119451,structured_output,request_declared
,1,,True,,0,cache_miss_observed,8b66f3fed616343a7c9d97741208e5a21de115c50305b38370a86796a61968de,,,cap-pairwise-23,,,do-close-cell-a860956ac71d229703acc4c15940ee58c79e9eff1b8bf82ca5080e8ef41f105c,1,,,True,,,"[""structured_output""]",,,2026-08-25T00:26:17.688223+00:00,qwen3.5-397b-a17b,,,0.00012355,,length,False,2.4493592960061505,False,0.6000067599816248,200,21,13.064641048039872,False,False,,,False,,request_payload_sha256_mismatch,32,12.336568052385815,billed_completion_tokens_over_request_minus_streamed_ttft_proxy,control_before,,,,,12.336568052385815,2.5939142769784667,True,32.55557067358447,True,0.0,True,False,0.6450508949928917,orphaned,976f86141d313a2c805cf9bb4a1634c9873c619c8d463a9844990d016cd0c7c2,,c684c4204deb5e796649ab06938be04e0e547134bf366153f2d2942b10fc55c3,do-close-request-3e6a6c1d55a10dc88f58fd20b008,a860956ac71d229703acc4c15940ee58c79e9eff1b8bf82ca5080e8ef41f105c,c684c4204deb5e796649ab06938be04e0e547134bf366153f2d2942b10fc55c3,3.2389651719713584,,32,tokens,d214407b77b8a1def9dfed846f7e7f2d824ebb9f7db13a7ce568f07a9aa01bb5,,do-hosted-closure-20260825-r1,digitalocean_public_request_v2,True,exact_text,,False,do-close-request-d38d278bdd9b69ce5aad0debc59a,do-close-cell-a860956ac71d229703acc4c15940ee58c79e9eff1b8bf82ca5080e8ef41f105c,False,21,matched_control_closure,do-hosted-closure-20260825-r1,direct_completion,,2026-08-25T00:26:14.448911+00:00,success,32,reasoning,streamed,2.6389584119897336,,,cap-pairwise-23,False,valid_ordinary,[],True,0.6450508949928917,structured_output,request_declared
,1,,False,,,not_reported_unknown,8b66f3fed616343a7c9d97741208e5a21de115c50305b38370a86796a61968de,,,cap-pairwise-23,,inconclusive,do-close-cell-a860956ac71d229703acc4c15940ee58c79e9eff1b8bf82ca5080e8ef41f105c,1,,,True,matched_control_inconclusive,False,"[""structured_output""]",,,2026-08-25T00:26:18.902640+00:00,qwen3.5-397b-a17b,,ProviderHTTPError,0.0151819,,,False,,False,,500,,,False,False,,,False,,request_payload_sha256_mismatch,,,,probe,,,,,,,False,,True,0.0,True,False,,orphaned,976f86141d313a2c805cf9bb4a1634c9873c619c8d463a9844990d016cd0c7c2,,a7896205d249bbb415870eb39e404cedecfa683d82adfbbda7d34c91c526d83a,do-close-request-d38d278bdd9b69ce5aad0debc59a,a860956ac71d229703acc4c15940ee58c79e9eff1b8bf82ca5080e8ef41f105c,a7896205d249bbb415870eb39e404cedecfa683d82adfbbda7d34c91c526d83a,1.2084072600118816,,4096,tokens,,,do-hosted-closure-20260825-r1,digitalocean_public_request_v2,False,transport,,True,do-close-request-d38d278bdd9b69ce5aad0debc59a,do-close-cell-a860956ac71d229703acc4c15940ee58c79e9eff1b8bf82ca5080e8ef41f105c,True,,matched_control_closure,do-hosted-closure-20260825-r1,direct_completion,,2026-08-25T00:26:17.694144+00:00,provider_error,,,unknown,,,,cap-pairwise-23,False,invalid_or_censored,"[""not_streamed_ttft_unobservable""]",False,,structured_output,request_declared
,0,,True,,0,cache_miss_observed,8b66f3fed616343a7c9d97741208e5a21de115c50305b38370a86796a61968de,,,cap-pairwise-05,,,do-close-cell-6b667d75864be81a6646b025d42f1cf3ab74427248a7acd92f7cf6d0d3e1a5ab,1,,,True,,,"[""parameter_interactions""]",,,2026-08-25T00:26:21.109183+00:00,glm-5.2,,,8.580000000000001e-05,,length,False,10.462549592019059,False,0.4229545280104503,200,22,3.058527916026313,False,False,,,False,,request_payload_sha256_mismatch,32,3.055905240038754,billed_completion_tokens_over_request_minus_streamed_ttft_proxy,control_after,,,,,3.055905240038754,10.471528887981549,True,51.98055827103756,True,0.0,True,False,0.42323516198666766,orphaned,78c4973978d24eb98905a40ea2261b86e4a5a38fe04b6c823265262c61baa4aa,,26c9aac647174d0dfe83faffe1a966d14cdb6cb66bb1f3dd132851b9a2a8c9de,do-close-request-79596d02ed5f00a11ed58541644e,6b667d75864be81a6646b025d42f1cf3ab74427248a7acd92f7cf6d0d3e1a5ab,26c9aac647174d0dfe83faffe1a966d14cdb6cb66bb1f3dd132851b9a2a8c9de,10.894764049968217,,32,tokens,a4b33ac7ca6f20824651581b60a4d6890b51e85c4082f68ddafbbf24c2aeddb4,,do-hosted-closure-20260825-r1,digitalocean_public_request_v2,True,exact_text,,False,do-close-request-00f388ef7d9d477d1d24c67a3fd4,do-close-cell-6b667d75864be81a6646b025d42f1cf3ab74427248a7acd92f7cf6d0d3e1a5ab,False,22,matched_control_closure,do-hosted-closure-20260825-r1,direct_completion,,2026-08-25T00:26:10.214053+00:00,success,15,reasoning,streamed,10.471809521957766,,,cap-pairwise-05,False,valid_ordinary,[],True,0.42323516198666766,parameter_interactions,request_declared
,0,,True,,16,cache_hit_observed,8b66f3fed616343a7c9d97741208e5a21de115c50305b38370a86796a61968de,,,realized-output-1024,,accepted,do-close-cell-cea5cde1035c483245d1dbb62e0a0373d9399398de5aa8290e8abd50fd493d7d,1,,,True,accepted,True,"[""output_length""]",,,2026-08-25T00:26:22.011138+00:00,minimax-m2.5,,,0.0012477,,length,False,17.730337042012252,False,0.37939327099593356,200,63,57.75411925749744,False,False,,,False,,request_payload_sha256_mismatch,1024,57.297318057166564,billed_completion_tokens_over_request_minus_streamed_ttft_proxy,probe,,,,,57.297318057166564,17.871691637963522,False,,True,0.0,True,False,0.37965551298111677,orphaned,cea5cde1035c483245d1dbb62e0a0373d9399398de5aa8290e8abd50fd493d7d,,5e1eac2180e59fb97f7301e0cfed4ac17f41c3a9661e4d8e3c0ae03407ea6c7a,do-close-request-c26f5b1c34b638e829ec13eea626,cea5cde1035c483245d1dbb62e0a0373d9399398de5aa8290e8abd50fd493d7d,5e1eac2180e59fb97f7301e0cfed4ac17f41c3a9661e4d8e3c0ae03407ea6c7a,18.25134715094464,,1024,tokens,d4d5cf6ecd31269765099a41e1df73176fc6ccd9566a7ca815e8d9bc29535c92,,do-hosted-closure-20260825-r1,digitalocean_public_request_v2,True,controlled_words,,True,do-close-request-c26f5b1c34b638e829ec13eea626,do-close-cell-cea5cde1035c483245d1dbb62e0a0373d9399398de5aa8290e8abd50fd493d7d,False,63,matched_control_closure,do-hosted-closure-20260825-r1,direct_completion,,2026-08-25T00:26:03.759293+00:00,success,1024,reasoning,streamed,17.871953879948705,,,realized-output-1024,False,valid_ordinary,[],True,0.37965551298111677,output_length,request_declared
,0,,True,,0,cache_miss_observed,8b66f3fed616343a7c9d97741208e5a21de115c50305b38370a86796a61968de,,,cap-pairwise-06,,,do-close-cell-21fe1b9a2d9dddd86122606fbfdbf0a566cdd8fdd77924cbbc5308b20e005211,1,,,True,,,"[""parameter_interactions""]",,,2026-08-25T00:26:22.174138+00:00,glm-5.2,,,8.510000000000001e-05,,length,False,0.37018675095168874,False,0.6305552260018885,200,21,86.4428559848058,False,False,,,False,,request_payload_sha256_mismatch,32,75.16055081064015,billed_completion_tokens_over_request_minus_streamed_ttft_proxy,control_before,,,,,75.16055081064015,0.4257552619674243,True,33.28773283620663,True,0.0,True,False,0.6308630300336517,orphaned,542e35965c5bb3b82bf884a5b0572b476ad201e3c2f474a0aea25d5d06f564b7,,b278c077d970e1ecf58b301a3cb270c6165526576489b983652c75150b8a53d4,do-close-request-c5f7b4ee4531e80903cf673fd616,21fe1b9a2d9dddd86122606fbfdbf0a566cdd8fdd77924cbbc5308b20e005211,b278c077d970e1ecf58b301a3cb270c6165526576489b983652c75150b8a53d4,1.056618292001076,,32,tokens,21e4c12b789d5a5cc3ef4e0869f69c3648b1d6ec3a1c820596ca2720bc55a71f,,do-hosted-closure-20260825-r1,digitalocean_public_request_v2,True,exact_text,,False,do-close-request-3075139eb4651fd0fbd8c3ff780b,do-close-cell-21fe1b9a2d9dddd86122606fbfdbf0a566cdd8fdd77924cbbc5308b20e005211,False,21,matched_control_closure,do-hosted-closure-20260825-r1,direct_completion,,2026-08-25T00:26:21.116749+00:00,success,9,reasoning,streamed,0.42606306599918753,,,cap-pairwise-06,False,valid_ordinary,[],True,0.6308630300336517,parameter_interactions,request_declared
,1,,True,,0,cache_miss_observed,8b66f3fed616343a7c9d97741208e5a21de115c50305b38370a86796a61968de,,,cap-pairwise-23,,,do-close-cell-a860956ac71d229703acc4c15940ee58c79e9eff1b8bf82ca5080e8ef41f105c,1,,,True,,,"[""structured_output""]",,,2026-08-25T00:26:22.390845+00:00,qwen3.5-397b-a17b,,,0.00012355,,length,False,2.8920918669900857,False,0.5749267720384523,200,21,11.064655436863307,False,False,,,False,,request_payload_sha256_mismatch,32,11.003950151226327,billed_completion_tokens_over_request_minus_streamed_ttft_proxy,control_after,,,,,11.003950151226327,2.9080466160085052,True,36.50683284968498,True,0.0,True,False,0.5752347810193896,orphaned,976f86141d313a2c805cf9bb4a1634c9873c619c8d463a9844990d016cd0c7c2,,250e7e7853cb295448400e6750c528d302552cba070ca2c97ff825f63c1c302e,do-close-request-b0fad2afe70368f34dfb16a89383,a860956ac71d229703acc4c15940ee58c79e9eff1b8bf82ca5080e8ef41f105c,250e7e7853cb295448400e6750c528d302552cba070ca2c97ff825f63c1c302e,3.483281397027895,,32,tokens,d214407b77b8a1def9dfed846f7e7f2d824ebb9f7db13a7ce568f07a9aa01bb5,,do-hosted-closure-20260825-r1,digitalocean_public_request_v2,True,exact_text,,False,do-close-request-d38d278bdd9b69ce5aad0debc59a,do-close-cell-a860956ac71d229703acc4c15940ee58c79e9eff1b8bf82ca5080e8ef41f105c,False,21,matched_control_closure,do-hosted-closure-20260825-r1,direct_completion,,2026-08-25T00:26:18.907200+00:00,success,32,reasoning,streamed,2.9083546249894425,,,cap-pairwise-23,False,valid_ordinary,[],True,0.5752347810193896,structured_output,request_declared
,0,,False,,,not_reported_unknown,8b66f3fed616343a7c9d97741208e5a21de115c50305b38370a86796a61968de,,,cap-pairwise-06,,inconclusive,do-close-cell-21fe1b9a2d9dddd86122606fbfdbf0a566cdd8fdd77924cbbc5308b20e005211,1,,,True,matched_control_inconclusive,False,"[""parameter_interactions""]",,,2026-08-25T00:26:22.532575+00:00,glm-5.2,,ProviderHTTPError,0.0007483999999999999,,,False,,False,,400,,,False,False,,,False,,request_payload_sha256_mismatch,,,,probe,,,,,,,False,,True,0.0,True,False,,orphaned,542e35965c5bb3b82bf884a5b0572b476ad201e3c2f474a0aea25d5d06f564b7,,e9ab85be797a900f761ff4757193d1e72c8d35bc45e12a6c3fe335fbd5516d36,do-close-request-3075139eb4651fd0fbd8c3ff780b,21fe1b9a2d9dddd86122606fbfdbf0a566cdd8fdd77924cbbc5308b20e005211,e9ab85be797a900f761ff4757193d1e72c8d35bc45e12a6c3fe335fbd5516d36,0.35357270401436836,,64,tokens,,,do-hosted-closure-20260825-r1,digitalocean_public_request_v2,False,transport,,True,do-close-request-3075139eb4651fd0fbd8c3ff780b,do-close-cell-21fe1b9a2d9dddd86122606fbfdbf0a566cdd8fdd77924cbbc5308b20e005211,False,,matched_control_closure,do-hosted-closure-20260825-r1,direct_completion,,2026-08-25T00:26:22.178944+00:00,client_rejection,,,unknown,,,,cap-pairwise-06,False,invalid_or_censored,"[""not_streamed_ttft_unobservable""]",False,,parameter_interactions,request_declared
,0,,True,,0,cache_miss_observed,8b66f3fed616343a7c9d97741208e5a21de115c50305b38370a86796a61968de,,,cap-pairwise-06,,,do-close-cell-21fe1b9a2d9dddd86122606fbfdbf0a566cdd8fdd77924cbbc5308b20e005211,1,,,True,,,"[""parameter_interactions""]",,,2026-08-25T00:26:23.524746+00:00,glm-5.2,,,8.510000000000001e-05,,length,False,0.3521925089880824,False,0.5999962269561365,200,21,90.85939985476189,False,False,,,False,,request_payload_sha256_mismatch,32,82.99851300515725,billed_completion_tokens_over_request_minus_streamed_ttft_proxy,control_after,,,,,82.99851300515725,0.38554907601792365,True,34.95868966658317,True,0.0,True,False,0.6007090139901266,orphaned,542e35965c5bb3b82bf884a5b0572b476ad201e3c2f474a0aea25d5d06f564b7,,00c36d2088006de7f1cfcffe5fc78cac1120c478d3648f40a91e38df467cabdf,do-close-request-9063e6044960def1773a73a986b1,21fe1b9a2d9dddd86122606fbfdbf0a566cdd8fdd77924cbbc5308b20e005211,00c36d2088006de7f1cfcffe5fc78cac1120c478d3648f40a91e38df467cabdf,0.9862580900080502,,32,tokens,03c472f79bb665c824a6c84a599746f916ac422c5e1523cbefca8707aaa44104,,do-hosted-closure-20260825-r1,digitalocean_public_request_v2,True,exact_text,,False,do-close-request-3075139eb4651fd0fbd8c3ff780b,do-close-cell-21fe1b9a2d9dddd86122606fbfdbf0a566cdd8fdd77924cbbc5308b20e005211,False,21,matched_control_closure,do-hosted-closure-20260825-r1,direct_completion,,2026-08-25T00:26:22.538039+00:00,success,11,reasoning,streamed,0.3862618630519137,,,cap-pairwise-06,False,valid_ordinary,[],True,0.6007090139901266,parameter_interactions,request_declared
,0,,True,,0,cache_miss_observed,8b66f3fed616343a7c9d97741208e5a21de115c50305b38370a86796a61968de,,,cap-pairwise-07,,,do-close-cell-0aca0aa6179b4b329104da41eea1005c8e45543a49a1990c86ce7f168dde14b1,1,,,True,,,"[""structured_output""]",,,2026-08-25T00:26:24.213674+00:00,glm-5.2,,,8.580000000000001e-05,,length,False,0.25856733397813514,False,0.4167741890414618,200,22,123.75886585389773,False,False,,,False,,request_payload_sha256_mismatch,32,121.40015443539532,billed_completion_tokens_over_request_minus_streamed_ttft_proxy,control_before,,,,,121.40015443539532,0.2635910979588516,True,52.75446440947191,True,0.0,True,False,0.41702631703810766,orphaned,6a07a12fe09136d1d41393e0c81d2c8fd3a3fc582e6c09409fecddedef57ab62,,aa3a3becaa2a3c906665b6ca8a0ea54b0ac07216fefd51fa7bbfd79fb6b89b33,do-close-request-64d2259f9c19470c055ef610cea3,0aca0aa6179b4b329104da41eea1005c8e45543a49a1990c86ce7f168dde14b1,aa3a3becaa2a3c906665b6ca8a0ea54b0ac07216fefd51fa7bbfd79fb6b89b33,0.6806174149969593,,32,tokens,d90d53fd2fb6e063c458b09f49e5e30369d627e076ea07ae67e31fe6e8c45690,,do-hosted-closure-20260825-r1,digitalocean_public_request_v2,True,exact_text,,False,do-close-request-87841b32b7ea7e8f5645cad95159,do-close-cell-0aca0aa6179b4b329104da41eea1005c8e45543a49a1990c86ce7f168dde14b1,False,22,matched_control_closure,do-hosted-closure-20260825-r1,direct_completion,,2026-08-25T00:26:23.532430+00:00,success,10,reasoning,streamed,0.2638432259554975,,,cap-pairwise-07,False,valid_ordinary,[],True,0.41702631703810766,structured_output,request_declared
,0,,False,,,not_reported_unknown,8b66f3fed616343a7c9d97741208e5a21de115c50305b38370a86796a61968de,,,cap-pairwise-07,,inconclusive,do-close-cell-0aca0aa6179b4b329104da41eea1005c8e45543a49a1990c86ce7f168dde14b1,1,,,True,matched_control_inconclusive,False,"[""structured_output""]",,,2026-08-25T00:26:24.563225+00:00,glm-5.2,,ProviderHTTPError,0.0009255,,,False,,False,,400,,,False,False,,,False,,request_payload_sha256_mismatch,,,,probe,,,,,,,False,,True,0.0,True,False,,orphaned,6a07a12fe09136d1d41393e0c81d2c8fd3a3fc582e6c09409fecddedef57ab62,,b0198470832ce0e901d5db2c730b4ec55ee997949c46c7a24eb93599e9f480fe,do-close-request-87841b32b7ea7e8f5645cad95159,0aca0aa6179b4b329104da41eea1005c8e45543a49a1990c86ce7f168dde14b1,b0198470832ce0e901d5db2c730b4ec55ee997949c46c7a24eb93599e9f480fe,0.3441785420291126,,64,tokens,,,do-hosted-closure-20260825-r1,digitalocean_public_request_v2,False,transport,,True,do-close-request-87841b32b7ea7e8f5645cad95159,do-close-cell-0aca0aa6179b4b329104da41eea1005c8e45543a49a1990c86ce7f168dde14b1,False,,matched_control_closure,do-hosted-closure-20260825-r1,direct_completion,,2026-08-25T00:26:24.218975+00:00,client_rejection,,,unknown,,,,cap-pairwise-07,False,invalid_or_censored,"[""not_streamed_ttft_unobservable""]",False,,structured_output,request_declared
,0,,True,,0,cache_miss_observed,8b66f3fed616343a7c9d97741208e5a21de115c50305b38370a86796a61968de,,,cap-pairwise-07,,,do-close-cell-0aca0aa6179b4b329104da41eea1005c8e45543a49a1990c86ce7f168dde14b1,1,,,True,,,"[""structured_output""]",,,2026-08-25T00:26:25.465490+00:00,glm-5.2,,,8.580000000000001e-05,,length,False,0.4317668969742954,False,0.44257384596858174,200,22,74.11406530757051,False,False,,,False,,request_payload_sha256_mismatch,32,70.58094034289574,billed_completion_tokens_over_request_minus_streamed_ttft_proxy,control_after,,,,,70.58094034289574,0.4533801879733801,True,49.67523651404502,True,0.0,True,False,0.44287660298869014,orphaned,6a07a12fe09136d1d41393e0c81d2c8fd3a3fc582e6c09409fecddedef57ab62,,4bc19ba3dde062d92b128774891a5cd1066e886ba9ef15d872d9032698519346,do-close-request-40d08109a3f1afb87359d5510b63,0aca0aa6179b4b329104da41eea1005c8e45543a49a1990c86ce7f168dde14b1,4bc19ba3dde062d92b128774891a5cd1066e886ba9ef15d872d9032698519346,0.8962567909620702,,32,tokens,5538ea55fb7dd1cd6941ba115c5a39524cb957ba283d3caf10a1e30fa08b7380,,do-hosted-closure-20260825-r1,digitalocean_public_request_v2,True,exact_text,,False,do-close-request-87841b32b7ea7e8f5645cad95159,do-close-cell-0aca0aa6179b4b329104da41eea1005c8e45543a49a1990c86ce7f168dde14b1,False,22,matched_control_closure,do-hosted-closure-20260825-r1,direct_completion,,2026-08-25T00:26:24.568783+00:00,success,13,reasoning,streamed,0.4536829449934885,,,cap-pairwise-07,False,valid_ordinary,[],True,0.44287660298869014,structured_output,request_declared
,0,,True,,0,cache_miss_observed,8b66f3fed616343a7c9d97741208e5a21de115c50305b38370a86796a61968de,,,cap-pairwise-08,,,do-close-cell-a9d13d0b486f3a86f8696f6163b84e5e4834c0ef92c4207c4dcdac68f350d990,1,,,True,,,"[""parameter_interactions""]",,,2026-08-25T00:26:26.196342+00:00,glm-5.2,,,8.44e-05,,length,False,0.2300816309871152,False,0.4597444730461575,200,20,139.08107249896898,False,False,,,False,,request_payload_sha256_mismatch,32,121.40536822272286,billed_completion_tokens_over_request_minus_streamed_ttft_proxy,control_before,,,,,121.40536822272286,0.2635797779657878,True,43.47677131415406,True,0.0,True,False,0.4600157600361854,orphaned,6351db7259e8a5d7685c297ad49527d6bf663c3f08829bee0609469de95f1318,,a96c1e5d6723015c6b19ea500c573abaea4f05ad09866ab4b09e1ca90c2c73d9,do-close-request-65fde923eb523a842e577b8bde9a,a9d13d0b486f3a86f8696f6163b84e5e4834c0ef92c4207c4dcdac68f350d990,a96c1e5d6723015c6b19ea500c573abaea4f05ad09866ab4b09e1ca90c2c73d9,0.7235955380019732,,32,tokens,aafd5fb928830bfc577047111edfffa87f4a4bb2e4082187a23f8eee53e05292,,do-hosted-closure-20260825-r1,digitalocean_public_request_v2,True,exact_text,,False,do-close-request-79594f3b5b926e715fd7373bbdf6,do-close-cell-a9d13d0b486f3a86f8696f6163b84e5e4834c0ef92c4207c4dcdac68f350d990,False,20,matched_control_closure,do-hosted-closure-20260825-r1,direct_completion,,2026-08-25T00:26:25.472380+00:00,success,10,reasoning,streamed,0.2638510649558157,,,cap-pairwise-08,False,valid_ordinary,[],True,0.4600157600361854,parameter_interactions,request_declared
,0,,False,,,not_reported_unknown,8b66f3fed616343a7c9d97741208e5a21de115c50305b38370a86796a61968de,,,cap-pairwise-08,,inconclusive,do-close-cell-a9d13d0b486f3a86f8696f6163b84e5e4834c0ef92c4207c4dcdac68f350d990,1,,,True,matched_control_inconclusive,False,"[""parameter_interactions""]",,,2026-08-25T00:26:26.560745+00:00,glm-5.2,,ProviderHTTPError,0.0007848,,,False,,False,,400,,,False,False,,,False,,request_payload_sha256_mismatch,,,,probe,,,,,,,False,,True,0.0,True,False,,orphaned,6351db7259e8a5d7685c297ad49527d6bf663c3f08829bee0609469de95f1318,,32dd103cb2467c68e4a633b0538577dabfc9bba1b43b81539a2b470075b2f974,do-close-request-79594f3b5b926e715fd7373bbdf6,a9d13d0b486f3a86f8696f6163b84e5e4834c0ef92c4207c4dcdac68f350d990,32dd103cb2467c68e4a633b0538577dabfc9bba1b43b81539a2b470075b2f974,0.35961046000011265,,64,tokens,,,do-hosted-closure-20260825-r1,digitalocean_public_request_v2,False,transport,,True,do-close-request-79594f3b5b926e715fd7373bbdf6,do-close-cell-a9d13d0b486f3a86f8696f6163b84e5e4834c0ef92c4207c4dcdac68f350d990,False,,matched_control_closure,do-hosted-closure-20260825-r1,direct_completion,,2026-08-25T00:26:26.201081+00:00,client_rejection,,,unknown,,,,cap-pairwise-08,False,invalid_or_censored,"[""not_streamed_ttft_unobservable""]",False,,parameter_interactions,request_declared
,0,,True,,16,cache_hit_observed,8b66f3fed616343a7c9d97741208e5a21de115c50305b38370a86796a61968de,,,realized-output-256,,accepted,do-close-cell-933a59430c99793ceb96e07f4881a96da93636fe3c8cb11862d762f07ecc6f36,1,,,True,accepted,True,"[""output_length""]",,,2026-08-25T00:26:26.665067+00:00,minimax-m2.5,,,0.00032609999999999996,,length,False,4.3038078370154835,False,0.3058702860143967,200,63,59.48220963729776,False,False,,,False,,request_payload_sha256_mismatch,256,58.98309623837467,billed_completion_tokens_over_request_minus_streamed_ttft_proxy,probe,,,,,58.98309623837467,4.340226544998586,False,,True,0.0,True,False,0.30618132499512285,orphaned,933a59430c99793ceb96e07f4881a96da93636fe3c8cb11862d762f07ecc6f36,,e4dac2463372bbaaf7e00df5be389bf52a2cf5db4f064b97666aa5222b38e9cb,do-close-request-09db6eb6f65e9dca9435754f7cb7,933a59430c99793ceb96e07f4881a96da93636fe3c8cb11862d762f07ecc6f36,e4dac2463372bbaaf7e00df5be389bf52a2cf5db4f064b97666aa5222b38e9cb,4.646407869993709,,256,tokens,e12449719312dad46420e439e75ee137ce51e316775395d0daf291780e7f873f,,do-hosted-closure-20260825-r1,digitalocean_public_request_v2,True,controlled_words,,True,do-close-request-09db6eb6f65e9dca9435754f7cb7,do-close-cell-933a59430c99793ceb96e07f4881a96da93636fe3c8cb11862d762f07ecc6f36,False,63,matched_control_closure,do-hosted-closure-20260825-r1,direct_completion,,2026-08-25T00:26:22.018280+00:00,success,256,reasoning,streamed,4.340537583979312,,,realized-output-256,False,valid_ordinary,[],True,0.30618132499512285,output_length,request_declared
,0,,True,,0,cache_miss_observed,8b66f3fed616343a7c9d97741208e5a21de115c50305b38370a86796a61968de,,,cap-pairwise-08,,,do-close-cell-a9d13d0b486f3a86f8696f6163b84e5e4834c0ef92c4207c4dcdac68f350d990,1,,,True,,,"[""parameter_interactions""]",,,2026-08-25T00:26:27.919305+00:00,glm-5.2,,,8.44e-05,,length,False,0.9053631689748727,False,0.4430829440243542,200,20,35.34493239462464,False,False,,,False,,request_payload_sha256_mismatch,32,35.141590433256766,billed_completion_tokens_over_request_minus_streamed_ttft_proxy,control_after,,,,,35.141590433256766,0.9106019279570319,True,45.10841901896917,True,0.0,True,False,0.44337621302111074,orphaned,6351db7259e8a5d7685c297ad49527d6bf663c3f08829bee0609469de95f1318,,e6c5f35d958e0ab666ca60788da5a219e8a8c7965902154d830b89dc631619ea,do-close-request-82ae791ec127a2c50abc84c5e4b9,a9d13d0b486f3a86f8696f6163b84e5e4834c0ef92c4207c4dcdac68f350d990,e6c5f35d958e0ab666ca60788da5a219e8a8c7965902154d830b89dc631619ea,1.3539781409781426,,32,tokens,4c98e39844e075173812c8b10aab760922f5ef41857af81c5920cab78b1421cd,,do-hosted-closure-20260825-r1,digitalocean_public_request_v2,True,exact_text,,False,do-close-request-79594f3b5b926e715fd7373bbdf6,do-close-cell-a9d13d0b486f3a86f8696f6163b84e5e4834c0ef92c4207c4dcdac68f350d990,False,20,matched_control_closure,do-hosted-closure-20260825-r1,direct_completion,,2026-08-25T00:26:26.565006+00:00,success,12,reasoning,streamed,0.9108951969537884,,,cap-pairwise-08,False,valid_ordinary,[],True,0.44337621302111074,parameter_interactions,request_declared
,0,,True,,0,cache_miss_observed,8b66f3fed616343a7c9d97741208e5a21de115c50305b38370a86796a61968de,,,cap-pairwise-09,,,do-close-cell-df0a60abf1613f8cf8cf9fd33bcfcb7c3ebabc45188454c3612cdda66861f63b,1,,,True,,,"[""parameter_interactions""]",,,2026-08-25T00:26:29.087080+00:00,glm-5.2,,,8.580000000000001e-05,,length,False,0.5200260980054736,False,0.5807998239761218,200,22,61.5353731721041,False,False,,,False,,request_payload_sha256_mismatch,32,56.3699086266323,billed_completion_tokens_over_request_minus_streamed_ttft_proxy,control_before,,,,,56.3699086266323,0.5676787630072795,True,37.075724870585155,True,0.0,True,False,0.5933801719802432,orphaned,67c656ef7d34b3ca05531745cc82fab188df9888667514e9fe5d1010782095f0,,c74cad0f1913546fb081a416df67c0336dc23c0cefff19dec3a7dadff1874620,do-close-request-230bcf10e1ff1290e1dcf3827228,df0a60abf1613f8cf8cf9fd33bcfcb7c3ebabc45188454c3612cdda66861f63b,c74cad0f1913546fb081a416df67c0336dc23c0cefff19dec3a7dadff1874620,1.1610589349875227,,32,tokens,2c9180a72864c137d72afbf584e67ab604fedabf3627f761e4ee1fc199220e3e,,do-hosted-closure-20260825-r1,digitalocean_public_request_v2,True,exact_text,,False,do-close-request-d3a81d00a5dfbe91ba09406af782,do-close-cell-df0a60abf1613f8cf8cf9fd33bcfcb7c3ebabc45188454c3612cdda66861f63b,False,22,matched_control_closure,do-hosted-closure-20260825-r1,direct_completion,,2026-08-25T00:26:27.925712+00:00,success,13,reasoning,streamed,0.5802591110114008,,,cap-pairwise-09,False,valid_ordinary,[],True,0.5933801719802432,parameter_interactions,request_declared
,0,,True,,0,cache_miss_observed,8b66f3fed616343a7c9d97741208e5a21de115c50305b38370a86796a61968de,,,cap-pairwise-24,,,do-close-cell-8f3d72126c4927977ac8069eb1200531689a35321d2403ced1991428bd60e8ea,1,,,True,,,"[""parameter_interactions""]",,,2026-08-25T00:26:29.386609+00:00,qwen3.5-397b-a17b,,,0.000123,,length,False,2.381731437984854,False,0.5855633069877513,200,20,13.435603817311453,False,False,,,False,,request_payload_sha256_mismatch,32,13.322729589812674,billed_completion_tokens_over_request_minus_streamed_ttft_proxy,control_before,,,,,13.322729589812674,2.401910192973446,True,34.139570295654295,True,0.0,True,False,0.5858304550056346,orphaned,ff3c0ed9b52bbc16879700f5a8ceaf3067b6d1173f34265ee2e491001510d2c4,,24e649369cf26e7502df3632094147915f18a75e05f47ddf48f1a39ba2585a3a,do-close-request-a3e7d26c45bc5c704d28e708e49c,8f3d72126c4927977ac8069eb1200531689a35321d2403ced1991428bd60e8ea,24e649369cf26e7502df3632094147915f18a75e05f47ddf48f1a39ba2585a3a,2.9877406479790807,,32,tokens,626a58a3f07dd4c4375603196865d5bed3ad26d65c5262d955f2b0c8e0a108a2,,do-hosted-closure-20260825-r1,digitalocean_public_request_v2,True,exact_text,,False,do-close-request-1e0fc8b5b4755bb1ffc3dcd2e735,do-close-cell-8f3d72126c4927977ac8069eb1200531689a35321d2403ced1991428bd60e8ea,False,20,matched_control_closure,do-hosted-closure-20260825-r1,direct_completion,,2026-08-25T00:26:26.398494+00:00,success,32,reasoning,streamed,2.4021773409913294,,,cap-pairwise-24,False,valid_ordinary,[],True,0.5858304550056346,parameter_interactions,request_declared
,0,,False,,,not_reported_unknown,8b66f3fed616343a7c9d97741208e5a21de115c50305b38370a86796a61968de,,,cap-pairwise-09,,inconclusive,do-close-cell-df0a60abf1613f8cf8cf9fd33bcfcb7c3ebabc45188454c3612cdda66861f63b,1,,,True,matched_control_inconclusive,False,"[""parameter_interactions""]",,,2026-08-25T00:26:29.451164+00:00,glm-5.2,,ProviderHTTPError,0.0007918,,,False,,False,,400,,,False,False,,,False,,request_payload_sha256_mismatch,,,,probe,,,,,,,False,,True,0.0,True,False,,orphaned,67c656ef7d34b3ca05531745cc82fab188df9888667514e9fe5d1010782095f0,,d801d1e1e72d2f0275780153939d796799d08bf00522042ab909dc1ffffa1bdd,do-close-request-d3a81d00a5dfbe91ba09406af782,df0a60abf1613f8cf8cf9fd33bcfcb7c3ebabc45188454c3612cdda66861f63b,d801d1e1e72d2f0275780153939d796799d08bf00522042ab909dc1ffffa1bdd,0.35777000099187717,,64,tokens,,,do-hosted-closure-20260825-r1,digitalocean_public_request_v2,False,transport,,True,do-close-request-d3a81d00a5dfbe91ba09406af782,do-close-cell-df0a60abf1613f8cf8cf9fd33bcfcb7c3ebabc45188454c3612cdda66861f63b,False,,matched_control_closure,do-hosted-closure-20260825-r1,direct_completion,,2026-08-25T00:26:29.093330+00:00,client_rejection,,,unknown,,,,cap-pairwise-09,False,invalid_or_censored,"[""not_streamed_ttft_unobservable""]",False,,parameter_interactions,request_declared
,0,,False,,,not_reported_unknown,8b66f3fed616343a7c9d97741208e5a21de115c50305b38370a86796a61968de,,,cap-pairwise-24,,,do-close-cell-8f3d72126c4927977ac8069eb1200531689a35321d2403ced1991428bd60e8ea,1,,,True,,,"[""parameter_interactions""]",,,2026-08-25T00:26:30.466204+00:00,qwen3.5-397b-a17b,,ProviderHTTPError,0.0025081,,,False,,False,,500,,,False,False,,,False,,request_payload_sha256_mismatch,,,,probe,,,,,,,False,,True,0.0,True,False,,orphaned,ff3c0ed9b52bbc16879700f5a8ceaf3067b6d1173f34265ee2e491001510d2c4,,25ff22e733e2dfe8cd3ecbe84fa1e1895de4ca104a288fb79b67b434509599a5,do-close-request-5f19aad1aa37612f2539b816b2f9,8f3d72126c4927977ac8069eb1200531689a35321d2403ced1991428bd60e8ea,25ff22e733e2dfe8cd3ecbe84fa1e1895de4ca104a288fb79b67b434509599a5,1.0750225840019993,,512,tokens,,,do-hosted-closure-20260825-r1,digitalocean_public_request_v2,False,transport,,False,do-close-request-1e0fc8b5b4755bb1ffc3dcd2e735,do-close-cell-8f3d72126c4927977ac8069eb1200531689a35321d2403ced1991428bd60e8ea,True,,matched_control_closure,do-hosted-closure-20260825-r1,direct_completion,,2026-08-25T00:26:29.391125+00:00,provider_error,,,unknown,,,,cap-pairwise-24,False,invalid_or_censored,"[""not_streamed_ttft_unobservable""]",False,,parameter_interactions,request_declared
,0,,True,,0,cache_miss_observed,8b66f3fed616343a7c9d97741208e5a21de115c50305b38370a86796a61968de,,,cap-pairwise-24,,,do-close-cell-8f3d72126c4927977ac8069eb1200531689a35321d2403ced1991428bd60e8ea,1,,,True,,,"[""parameter_interactions""]",,,2026-08-25T00:26:33.791181+00:00,qwen3.5-397b-a17b,,,0.000123,,length,False,2.642498061002698,False,0.547222989029251,200,20,12.109753445895652,False,False,,,False,,request_payload_sha256_mismatch,32,11.543781722094678,billed_completion_tokens_over_request_minus_streamed_ttft_proxy,control_after,,,,,11.543781722094678,2.7720551869715564,True,36.50083863413389,True,0.0,True,False,0.5479326160275377,orphaned,ff3c0ed9b52bbc16879700f5a8ceaf3067b6d1173f34265ee2e491001510d2c4,,78c56077993f589f21ec0bf42b3f1e895dc825172ee05c1743bb1b3d68a6b779,do-close-request-0febcd5613f07163046d3ceff384,8f3d72126c4927977ac8069eb1200531689a35321d2403ced1991428bd60e8ea,78c56077993f589f21ec0bf42b3f1e895dc825172ee05c1743bb1b3d68a6b779,3.319987802999094,,32,tokens,626a58a3f07dd4c4375603196865d5bed3ad26d65c5262d955f2b0c8e0a108a2,,do-hosted-closure-20260825-r1,digitalocean_public_request_v2,True,exact_text,,False,do-close-request-1e0fc8b5b4755bb1ffc3dcd2e735,do-close-cell-8f3d72126c4927977ac8069eb1200531689a35321d2403ced1991428bd60e8ea,False,20,matched_control_closure,do-hosted-closure-20260825-r1,direct_completion,,2026-08-25T00:26:30.470849+00:00,success,32,reasoning,streamed,2.772764813969843,,,cap-pairwise-24,False,valid_ordinary,[],True,0.5479326160275377,parameter_interactions,request_declared
,0,,True,,0,cache_miss_observed,8b66f3fed616343a7c9d97741208e5a21de115c50305b38370a86796a61968de,,,cap-pairwise-09,,,do-close-cell-df0a60abf1613f8cf8cf9fd33bcfcb7c3ebabc45188454c3612cdda66861f63b,1,,,True,,,"[""parameter_interactions""]",,,2026-08-25T00:26:39.267006+00:00,glm-5.2,,,8.580000000000001e-05,,length,False,9.368579333997332,False,0.42279207200044766,200,22,3.4156726285997543,False,False,,,False,,request_payload_sha256_mismatch,32,3.4087752409050656,billed_completion_tokens_over_request_minus_streamed_ttft_proxy,control_after,,,,,3.4087752409050656,9.387535914953332,True,51.99903912484272,True,0.0,True,False,0.4230847409926355,orphaned,67c656ef7d34b3ca05531745cc82fab188df9888667514e9fe5d1010782095f0,,938314e867ab33da3ed568a67b6125f03a7be75d604cf75595f08374452c0d04,do-close-request-dc728dbc28d76504a7e09168483a,df0a60abf1613f8cf8cf9fd33bcfcb7c3ebabc45188454c3612cdda66861f63b,938314e867ab33da3ed568a67b6125f03a7be75d604cf75595f08374452c0d04,9.810620655945968,,32,tokens,f3e49e422ccb2c23af5162d931b6b7155c301a8bf849fb2f5611719d4cd6d043,,do-hosted-closure-20260825-r1,digitalocean_public_request_v2,True,exact_text,,False,do-close-request-d3a81d00a5dfbe91ba09406af782,do-close-cell-df0a60abf1613f8cf8cf9fd33bcfcb7c3ebabc45188454c3612cdda66861f63b,False,22,matched_control_closure,do-hosted-closure-20260825-r1,direct_completion,,2026-08-25T00:26:29.456004+00:00,success,12,reasoning,streamed,9.38782858394552,,,cap-pairwise-09,False,valid_ordinary,[],True,0.4230847409926355,parameter_interactions,request_declared
,0,,True,,0,cache_miss_observed,8b66f3fed616343a7c9d97741208e5a21de115c50305b38370a86796a61968de,,,cap-pairwise-10,,,do-close-cell-3a30ef5d1d19993b62ebb3454c68aad924f542f48c87a68c72d04e522c3fd192,1,,,True,,,"[""parameter_interactions""]",,,2026-08-25T00:26:40.397821+00:00,glm-5.2,,,8.510000000000001e-05,,length,False,0.5715212359791622,False,0.5461167480098084,200,21,55.99092034642564,False,False,,,False,,request_payload_sha256_mismatch,32,55.49304957560621,billed_completion_tokens_over_request_minus_streamed_ttft_proxy,control_before,,,,,55.49304957560621,0.5766487919609062,True,38.43045856623691,True,0.0,True,False,0.5464415670139715,orphaned,8f3297dde14641e1d5611b3e595d90cb8d6c99bfd12effe32e7d1d51ef7ccc99,,d5a880c14cc86892a9ea6a604db4cb32bb08ed9abe81c430a941eacfd5aca535,do-close-request-d11a2b6b164df2279bbf9d5708e9,3a30ef5d1d19993b62ebb3454c68aad924f542f48c87a68c72d04e522c3fd192,d5a880c14cc86892a9ea6a604db4cb32bb08ed9abe81c430a941eacfd5aca535,1.1230903589748777,,32,tokens,6d675ce5475a9a5d61d0c43adccbcb59bd2c56a824e7d32fe6a9279eacadb0e4,,do-hosted-closure-20260825-r1,digitalocean_public_request_v2,True,exact_text,,False,do-close-request-0f809b296f3742e3a74ca207886e,do-close-cell-3a30ef5d1d19993b62ebb3454c68aad924f542f48c87a68c72d04e522c3fd192,False,21,matched_control_closure,do-hosted-closure-20260825-r1,direct_completion,,2026-08-25T00:26:39.274035+00:00,success,10,reasoning,streamed,0.5769736109650694,,,cap-pairwise-10,False,valid_ordinary,[],True,0.5464415670139715,parameter_interactions,request_declared
,0,,False,,,not_reported_unknown,8b66f3fed616343a7c9d97741208e5a21de115c50305b38370a86796a61968de,,,cap-pairwise-10,,inconclusive,do-close-cell-3a30ef5d1d19993b62ebb3454c68aad924f542f48c87a68c72d04e522c3fd192,1,,,True,matched_control_inconclusive,False,"[""parameter_interactions""]",,,2026-08-25T00:26:40.697869+00:00,glm-5.2,,ProviderHTTPError,0.0009815,,,False,,False,,400,,,False,False,,,False,,request_payload_sha256_mismatch,,,,probe,,,,,,,False,,True,0.0,True,False,,orphaned,8f3297dde14641e1d5611b3e595d90cb8d6c99bfd12effe32e7d1d51ef7ccc99,,c3423608173645376aec04452665d9736e9866f4ae3ed87fcc3371451fb747ad,do-close-request-0f809b296f3742e3a74ca207886e,3a30ef5d1d19993b62ebb3454c68aad924f542f48c87a68c72d04e522c3fd192,c3423608173645376aec04452665d9736e9866f4ae3ed87fcc3371451fb747ad,0.2951520659844391,,64,tokens,,,do-hosted-closure-20260825-r1,digitalocean_public_request_v2,False,transport,,True,do-close-request-0f809b296f3742e3a74ca207886e,do-close-cell-3a30ef5d1d19993b62ebb3454c68aad924f542f48c87a68c72d04e522c3fd192,False,,matched_control_closure,do-hosted-closure-20260825-r1,direct_completion,,2026-08-25T00:26:40.402666+00:00,client_rejection,,,unknown,,,,cap-pairwise-10,False,invalid_or_censored,"[""not_streamed_ttft_unobservable""]",False,,parameter_interactions,request_declared
,0,,True,,0,cache_miss_observed,8b66f3fed616343a7c9d97741208e5a21de115c50305b38370a86796a61968de,,,cap-pairwise-10,,,do-close-cell-3a30ef5d1d19993b62ebb3454c68aad924f542f48c87a68c72d04e522c3fd192,1,,,True,,,"[""parameter_interactions""]",,,2026-08-25T00:26:41.998314+00:00,glm-5.2,,,8.510000000000001e-05,,length,False,0.584216000046581,False,0.6915299459942617,200,21,54.77426157011886,False,False,,,False,,request_payload_sha256_mismatch,32,52.974913105641406,billed_completion_tokens_over_request_minus_streamed_ttft_proxy,control_after,,,,,52.974913105641406,0.6040595090016723,True,30.349033220336768,True,0.0,True,False,0.6919495539623313,orphaned,8f3297dde14641e1d5611b3e595d90cb8d6c99bfd12effe32e7d1d51ef7ccc99,,a260ad87a67e85e85068188f4df002e3decf3ead9cb6c93db5eb92f9223f9a23,do-close-request-d1bb3223124b97c43c1a5c77d332,3a30ef5d1d19993b62ebb3454c68aad924f542f48c87a68c72d04e522c3fd192,a260ad87a67e85e85068188f4df002e3decf3ead9cb6c93db5eb92f9223f9a23,1.2960090629640035,,32,tokens,7557213e5568870cf843244c9f4ae506b217c364833a2e48a2dfd2eb4ca02c04,,do-hosted-closure-20260825-r1,digitalocean_public_request_v2,True,exact_text,,False,do-close-request-0f809b296f3742e3a74ca207886e,do-close-cell-3a30ef5d1d19993b62ebb3454c68aad924f542f48c87a68c72d04e522c3fd192,False,21,matched_control_closure,do-hosted-closure-20260825-r1,direct_completion,,2026-08-25T00:26:40.701994+00:00,success,10,reasoning,streamed,0.6044791169697419,,,cap-pairwise-10,False,valid_ordinary,[],True,0.6919495539623313,parameter_interactions,request_declared
,1,,True,,0,cache_miss_observed,8b66f3fed616343a7c9d97741208e5a21de115c50305b38370a86796a61968de,,,cap-pairwise-24,,,do-close-cell-8f3d72126c4927977ac8069eb1200531689a35321d2403ced1991428bd60e8ea,1,,,True,,,"[""parameter_interactions""]",,,2026-08-25T00:26:42.061616+00:00,qwen3.5-397b-a17b,,,0.000123,,length,False,5.621272337040864,False,0.5654688409995288,200,20,5.692661390756485,False,False,,,False,,request_payload_sha256_mismatch,32,5.615680584567424,billed_completion_tokens_over_request_minus_streamed_ttft_proxy,control_before,,,,,5.615680584567424,5.698329796025064,True,35.34523931787424,True,0.0,True,False,0.5658470669877715,orphaned,ff3c0ed9b52bbc16879700f5a8ceaf3067b6d1173f34265ee2e491001510d2c4,,24e649369cf26e7502df3632094147915f18a75e05f47ddf48f1a39ba2585a3a,do-close-request-bab7029ad3713f3582c4ce4ef98c,8f3d72126c4927977ac8069eb1200531689a35321d2403ced1991428bd60e8ea,24e649369cf26e7502df3632094147915f18a75e05f47ddf48f1a39ba2585a3a,6.264176863012835,,32,tokens,626a58a3f07dd4c4375603196865d5bed3ad26d65c5262d955f2b0c8e0a108a2,,do-hosted-closure-20260825-r1,digitalocean_public_request_v2,True,exact_text,,False,do-close-request-1e0fc8b5b4755bb1ffc3dcd2e735,do-close-cell-8f3d72126c4927977ac8069eb1200531689a35321d2403ced1991428bd60e8ea,False,20,matched_control_closure,do-hosted-closure-20260825-r1,direct_completion,,2026-08-25T00:26:35.797010+00:00,success,32,reasoning,streamed,5.698708022013307,,,cap-pairwise-24,False,valid_ordinary,[],True,0.5658470669877715,parameter_interactions,request_declared
,1,,False,,,not_reported_unknown,8b66f3fed616343a7c9d97741208e5a21de115c50305b38370a86796a61968de,,,cap-pairwise-24,,inconclusive,do-close-cell-8f3d72126c4927977ac8069eb1200531689a35321d2403ced1991428bd60e8ea,1,,,True,matched_control_inconclusive,False,"[""parameter_interactions""]",,,2026-08-25T00:26:43.103227+00:00,qwen3.5-397b-a17b,,ProviderHTTPError,0.0025081,,,False,,False,,500,,,False,False,,,False,,request_payload_sha256_mismatch,,,,probe,,,,,,,False,,True,0.0,True,False,,orphaned,ff3c0ed9b52bbc16879700f5a8ceaf3067b6d1173f34265ee2e491001510d2c4,,25ff22e733e2dfe8cd3ecbe84fa1e1895de4ca104a288fb79b67b434509599a5,do-close-request-1e0fc8b5b4755bb1ffc3dcd2e735,8f3d72126c4927977ac8069eb1200531689a35321d2403ced1991428bd60e8ea,25ff22e733e2dfe8cd3ecbe84fa1e1895de4ca104a288fb79b67b434509599a5,1.0368276060326025,,512,tokens,,,do-hosted-closure-20260825-r1,digitalocean_public_request_v2,False,transport,,True,do-close-request-1e0fc8b5b4755bb1ffc3dcd2e735,do-close-cell-8f3d72126c4927977ac8069eb1200531689a35321d2403ced1991428bd60e8ea,True,,matched_control_closure,do-hosted-closure-20260825-r1,direct_completion,,2026-08-25T00:26:42.066348+00:00,provider_error,,,unknown,,,,cap-pairwise-24,False,invalid_or_censored,"[""not_streamed_ttft_unobservable""]",False,,parameter_interactions,request_declared
,1,,True,,0,cache_miss_observed,8b66f3fed616343a7c9d97741208e5a21de115c50305b38370a86796a61968de,,,cap-pairwise-24,,,do-close-cell-8f3d72126c4927977ac8069eb1200531689a35321d2403ced1991428bd60e8ea,1,,,True,,,"[""parameter_interactions""]",,,2026-08-25T00:26:46.038760+00:00,qwen3.5-397b-a17b,,,0.000123,,length,False,2.2666245060390793,False,0.628591893997509,200,20,14.11790965585205,False,False,,,False,,request_payload_sha256_mismatch,32,13.902361991046908,billed_completion_tokens_over_request_minus_streamed_ttft_proxy,control_after,,,,,13.902361991046908,2.3017671400448307,True,31.793172999182374,True,0.0,True,False,0.6290658689686097,orphaned,ff3c0ed9b52bbc16879700f5a8ceaf3067b6d1173f34265ee2e491001510d2c4,,78c56077993f589f21ec0bf42b3f1e895dc825172ee05c1743bb1b3d68a6b779,do-close-request-bff7c11afa714db8218eec9eaf32,8f3d72126c4927977ac8069eb1200531689a35321d2403ced1991428bd60e8ea,78c56077993f589f21ec0bf42b3f1e895dc825172ee05c1743bb1b3d68a6b779,2.9308330090134405,,32,tokens,626a58a3f07dd4c4375603196865d5bed3ad26d65c5262d955f2b0c8e0a108a2,,do-hosted-closure-20260825-r1,digitalocean_public_request_v2,True,exact_text,,False,do-close-request-1e0fc8b5b4755bb1ffc3dcd2e735,do-close-cell-8f3d72126c4927977ac8069eb1200531689a35321d2403ced1991428bd60e8ea,False,20,matched_control_closure,do-hosted-closure-20260825-r1,direct_completion,,2026-08-25T00:26:43.107536+00:00,success,32,reasoning,streamed,2.3022411150159314,,,cap-pairwise-24,False,valid_ordinary,[],True,0.6290658689686097,parameter_interactions,request_declared
,0,,True,,0,cache_miss_observed,8b66f3fed616343a7c9d97741208e5a21de115c50305b38370a86796a61968de,,,cap-pairwise-11,,,do-close-cell-a425733e84c5c7a56caabaf2f5742be859e048c306e8cbff66b2adbc254c62ce,1,,,True,,,"[""parameter_interactions""]",,,2026-08-25T00:26:47.978275+00:00,glm-5.2,,,8.510000000000001e-05,,length,False,5.3122643799870275,False,0.6396855799830519,200,21,6.023796579205296,False,False,,,False,,request_payload_sha256_mismatch,32,6.001093276573235,billed_completion_tokens_over_request_minus_streamed_ttft_proxy,control_before,,,,,6.001093276573235,5.33236170897726,True,32.80464564470834,True,0.0,True,False,0.640153234009631,orphaned,9a76bbafeca566c20aa05617180af868c86be63852324e488956adbec8c69b12,,57cce49db7161b5b1435304910d1eeb5f7f728b756d2aea768011a47cf6d7982,do-close-request-eb67422e93730661f9461b6e5fbd,a425733e84c5c7a56caabaf2f5742be859e048c306e8cbff66b2adbc254c62ce,57cce49db7161b5b1435304910d1eeb5f7f728b756d2aea768011a47cf6d7982,5.972514942986891,,32,tokens,60ba830898a44e1ad5f81df1824d11062e963697ddbf5071bb95a7e193721992,,do-hosted-closure-20260825-r1,digitalocean_public_request_v2,True,exact_text,,False,do-close-request-25a5d0422c87616d1698d3899b81,do-close-cell-a425733e84c5c7a56caabaf2f5742be859e048c306e8cbff66b2adbc254c62ce,False,21,matched_control_closure,do-hosted-closure-20260825-r1,direct_completion,,2026-08-25T00:26:42.005403+00:00,success,12,reasoning,streamed,5.332829363003839,,,cap-pairwise-11,False,valid_ordinary,[],True,0.640153234009631,parameter_interactions,request_declared
,0,,False,,,not_reported_unknown,8b66f3fed616343a7c9d97741208e5a21de115c50305b38370a86796a61968de,,,cap-pairwise-11,,inconclusive,do-close-cell-a425733e84c5c7a56caabaf2f5742be859e048c306e8cbff66b2adbc254c62ce,1,,,True,matched_control_inconclusive,False,"[""parameter_interactions""]",,,2026-08-25T00:26:48.258312+00:00,glm-5.2,,ProviderHTTPError,0.0097322,,,False,,False,,400,,,False,False,,,False,,request_payload_sha256_mismatch,,,,probe,,,,,,,False,,True,0.0,True,False,,orphaned,9a76bbafeca566c20aa05617180af868c86be63852324e488956adbec8c69b12,,2ea5ab982d047b7e93c8fbb646e5717c029862696f5e68b9af8be6414030c8d8,do-close-request-25a5d0422c87616d1698d3899b81,a425733e84c5c7a56caabaf2f5742be859e048c306e8cbff66b2adbc254c62ce,2ea5ab982d047b7e93c8fbb646e5717c029862696f5e68b9af8be6414030c8d8,0.2753832780290395,,4096,tokens,,,do-hosted-closure-20260825-r1,digitalocean_public_request_v2,False,transport,,True,do-close-request-25a5d0422c87616d1698d3899b81,do-close-cell-a425733e84c5c7a56caabaf2f5742be859e048c306e8cbff66b2adbc254c62ce,False,,matched_control_closure,do-hosted-closure-20260825-r1,direct_completion,,2026-08-25T00:26:47.982867+00:00,client_rejection,,,unknown,,,,cap-pairwise-11,False,invalid_or_censored,"[""not_streamed_ttft_unobservable""]",False,,parameter_interactions,request_declared
,0,,True,,0,cache_miss_observed,8b66f3fed616343a7c9d97741208e5a21de115c50305b38370a86796a61968de,,,cap-pairwise-11,,,do-close-cell-a425733e84c5c7a56caabaf2f5742be859e048c306e8cbff66b2adbc254c62ce,1,,,True,,,"[""parameter_interactions""]",,,2026-08-25T00:26:51.046860+00:00,glm-5.2,,,8.510000000000001e-05,,length,False,1.9742504690075293,False,0.8018253989866935,200,21,16.208682992531664,False,False,,,False,,request_payload_sha256_mismatch,32,16.1524877951095,billed_completion_tokens_over_request_minus_streamed_ttft_proxy,control_after,,,,,16.1524877951095,1.981118971016258,True,26.178857645407216,True,0.0,True,False,0.8021740399999544,orphaned,9a76bbafeca566c20aa05617180af868c86be63852324e488956adbec8c69b12,,8b47d9a8d622e32c0e9165801715a426cd4bdfd703996222d3c4a8cf24b711be,do-close-request-a97f35dd7e0d3ea7fc084cde8605,a425733e84c5c7a56caabaf2f5742be859e048c306e8cbff66b2adbc254c62ce,8b47d9a8d622e32c0e9165801715a426cd4bdfd703996222d3c4a8cf24b711be,2.7832930110162124,,32,tokens,2af83d0ffe7db157c07c9dfa8ccf65d1aad1270d7319cf92098d9a5fd9bc330a,,do-hosted-closure-20260825-r1,digitalocean_public_request_v2,True,exact_text,,False,do-close-request-25a5d0422c87616d1698d3899b81,do-close-cell-a425733e84c5c7a56caabaf2f5742be859e048c306e8cbff66b2adbc254c62ce,False,21,matched_control_closure,do-hosted-closure-20260825-r1,direct_completion,,2026-08-25T00:26:48.263226+00:00,success,11,reasoning,streamed,1.981467612029519,,,cap-pairwise-11,False,valid_ordinary,[],True,0.8021740399999544,parameter_interactions,request_declared
,0,,True,,0,cache_miss_observed,8b66f3fed616343a7c9d97741208e5a21de115c50305b38370a86796a61968de,,,cap-pairwise-12,,,do-close-cell-b158a25e7bd34b97ab8c05294af5e9e5819b2ca2a69d87b487c1c4bebc91c8cf,1,,,True,,,"[""structured_output""]",,,2026-08-25T00:26:51.962229+00:00,glm-5.2,,,8.510000000000001e-05,,length,False,0.3296753570321016,False,0.572800047986675,200,21,97.0651864551831,False,False,,,False,,request_payload_sha256_mismatch,32,95.58085414470182,billed_completion_tokens_over_request_minus_streamed_ttft_proxy,control_before,,,,,95.58085414470182,0.3347950830357149,True,36.6446238506196,True,0.0,True,False,0.5730717849801295,orphaned,dec433f49f155d58cf39e1540ea6b09a0d29a0f4f752f62b1d56d14d18535c29,,0578ffc65d74d8da3719fe5a83c10683cde56b7b8152717af2804c4a97b47a62,do-close-request-2dfab10f12c09d9266f63dd837e1,b158a25e7bd34b97ab8c05294af5e9e5819b2ca2a69d87b487c1c4bebc91c8cf,0578ffc65d74d8da3719fe5a83c10683cde56b7b8152717af2804c4a97b47a62,0.9078668680158444,,32,tokens,35d02cb62000e4b4f824aa164bb05fb20e760b769d689dc987aa5d4056703f8a,,do-hosted-closure-20260825-r1,digitalocean_public_request_v2,True,exact_text,,False,do-close-request-860a0c2345b7515fb61b9e1ca537,do-close-cell-b158a25e7bd34b97ab8c05294af5e9e5819b2ca2a69d87b487c1c4bebc91c8cf,False,21,matched_control_closure,do-hosted-closure-20260825-r1,direct_completion,,2026-08-25T00:26:51.054032+00:00,success,10,reasoning,streamed,0.3350668200291693,,,cap-pairwise-12,False,valid_ordinary,[],True,0.5730717849801295,structured_output,request_declared
,0,,False,,,not_reported_unknown,8b66f3fed616343a7c9d97741208e5a21de115c50305b38370a86796a61968de,,,cap-pairwise-12,,inconclusive,do-close-cell-b158a25e7bd34b97ab8c05294af5e9e5819b2ca2a69d87b487c1c4bebc91c8cf,1,,,True,matched_control_inconclusive,False,"[""structured_output""]",,,2026-08-25T00:26:52.319331+00:00,glm-5.2,,ProviderHTTPError,0.0021232,,,False,,False,,400,,,False,False,,,False,,request_payload_sha256_mismatch,,,,probe,,,,,,,False,,True,0.0,True,False,,orphaned,dec433f49f155d58cf39e1540ea6b09a0d29a0f4f752f62b1d56d14d18535c29,,ece7849f3009372e0f3fe3f9dc9f52dae4c998bc64790a95dbbb9ed42b1ee258,do-close-request-860a0c2345b7515fb61b9e1ca537,b158a25e7bd34b97ab8c05294af5e9e5819b2ca2a69d87b487c1c4bebc91c8cf,ece7849f3009372e0f3fe3f9dc9f52dae4c998bc64790a95dbbb9ed42b1ee258,0.3516661259927787,,512,tokens,,,do-hosted-closure-20260825-r1,digitalocean_public_request_v2,False,transport,,True,do-close-request-860a0c2345b7515fb61b9e1ca537,do-close-cell-b158a25e7bd34b97ab8c05294af5e9e5819b2ca2a69d87b487c1c4bebc91c8cf,False,,matched_control_closure,do-hosted-closure-20260825-r1,direct_completion,,2026-08-25T00:26:51.967609+00:00,client_rejection,,,unknown,,,,cap-pairwise-12,False,invalid_or_censored,"[""not_streamed_ttft_unobservable""]",False,,structured_output,request_declared
,0,,True,,0,cache_miss_observed,8b66f3fed616343a7c9d97741208e5a21de115c50305b38370a86796a61968de,,,cap-pairwise-28,,,do-close-cell-e501ee19f8ccd8b1366cc831385ea1afe6352048ea7f8c815bbc17950a57dae5,1,,,True,,,"[""parameter_interactions""]",,,2026-08-25T00:26:53.458724+00:00,qwen3.5-397b-a17b,,,0.00012355,,length,False,2.660309305007104,False,0.731143508979585,200,21,12.028676492530838,False,False,,,False,,request_payload_sha256_mismatch,32,11.94103562121408,billed_completion_tokens_over_request_minus_streamed_ttft_proxy,control_before,,,,,11.94103562121408,2.679834565031342,True,28.710216650446156,True,0.0,True,False,0.7314469359698705,orphaned,ca87c4d9357010487a3d9b4e93d9a255244c38d2f8b932c10e525d2a55b904f5,,a4aa731553105a6cb713049b228b4c246025c8474939a1bf6bc758cc27c8d2d9,do-close-request-4cc6da4f3b2f24a64dcedab1326c,e501ee19f8ccd8b1366cc831385ea1afe6352048ea7f8c815bbc17950a57dae5,a4aa731553105a6cb713049b228b4c246025c8474939a1bf6bc758cc27c8d2d9,3.4112815010012127,,32,tokens,b83dfb7147e518bb862f0360017de2377aec75bb3b7d6fcaa92fa2e05de31170,,do-hosted-closure-20260825-r1,digitalocean_public_request_v2,True,exact_text,,False,do-close-request-74394a06bfde5c3db480308edd75,do-close-cell-e501ee19f8ccd8b1366cc831385ea1afe6352048ea7f8c815bbc17950a57dae5,False,21,matched_control_closure,do-hosted-closure-20260825-r1,direct_completion,,2026-08-25T00:26:50.047081+00:00,success,32,reasoning,streamed,2.6801379920216277,,,cap-pairwise-28,False,valid_ordinary,[],True,0.7314469359698705,parameter_interactions,request_declared
,0,,True,,0,cache_miss_observed,8b66f3fed616343a7c9d97741208e5a21de115c50305b38370a86796a61968de,,,cap-pairwise-12,,,do-close-cell-b158a25e7bd34b97ab8c05294af5e9e5819b2ca2a69d87b487c1c4bebc91c8cf,1,,,True,,,"[""structured_output""]",,,2026-08-25T00:26:53.536070+00:00,glm-5.2,,,8.290000000000001e-05,,stop,True,0.6597376450081356,True,0.514525574981235,200,21,46.98837520423398,False,False,,,False,,request_payload_sha256_mismatch,31,44.51485564956089,billed_completion_tokens_over_request_minus_streamed_ttft_proxy,control_after,,,,,44.51485564956089,0.6963967320043594,True,40.79171014310495,True,1.0,True,False,0.5148104829713702,orphaned,dec433f49f155d58cf39e1540ea6b09a0d29a0f4f752f62b1d56d14d18535c29,,57400c1b530c6e058fcae3ab3b55dec12c35a9d7137376c26f72d35c13779f79,do-close-request-6ca54e2c4a14beb06f351a57e246,b158a25e7bd34b97ab8c05294af5e9e5819b2ca2a69d87b487c1c4bebc91c8cf,57400c1b530c6e058fcae3ab3b55dec12c35a9d7137376c26f72d35c13779f79,1.2112072149757296,,32,tokens,b146ceb3b41d21cc08e6afe84dcec770758796a973c4596c56eebece842dabf0,,do-hosted-closure-20260825-r1,digitalocean_public_request_v2,True,exact_text,,False,do-close-request-860a0c2345b7515fb61b9e1ca537,do-close-cell-b158a25e7bd34b97ab8c05294af5e9e5819b2ca2a69d87b487c1c4bebc91c8cf,False,21,matched_control_closure,do-hosted-closure-20260825-r1,direct_completion,,2026-08-25T00:26:52.324475+00:00,success,13,reasoning,streamed,0.6966816399944946,,,cap-pairwise-12,False,valid_ordinary,[],True,0.5148104829713702,structured_output,request_declared
,0,,False,,,not_reported_unknown,8b66f3fed616343a7c9d97741208e5a21de115c50305b38370a86796a61968de,,,cap-pairwise-28,,inconclusive,do-close-cell-e501ee19f8ccd8b1366cc831385ea1afe6352048ea7f8c815bbc17950a57dae5,1,,,True,matched_control_inconclusive,False,"[""parameter_interactions""]",,,2026-08-25T00:26:53.905971+00:00,qwen3.5-397b-a17b,,ProviderHTTPError,0.0009181,,,False,,False,,400,,,False,False,,,False,,request_payload_sha256_mismatch,,,,probe,,,,,,,False,,True,0.0,True,False,,orphaned,ca87c4d9357010487a3d9b4e93d9a255244c38d2f8b932c10e525d2a55b904f5,,d5f9123ad873bd1262d75542e6b41854f23c60d0ea57efebc04e42c7fb14ba1c,do-close-request-74394a06bfde5c3db480308edd75,e501ee19f8ccd8b1366cc831385ea1afe6352048ea7f8c815bbc17950a57dae5,d5f9123ad873bd1262d75542e6b41854f23c60d0ea57efebc04e42c7fb14ba1c,0.44255956303095445,,64,tokens,,,do-hosted-closure-20260825-r1,digitalocean_public_request_v2,False,transport,,True,do-close-request-74394a06bfde5c3db480308edd75,do-close-cell-e501ee19f8ccd8b1366cc831385ea1afe6352048ea7f8c815bbc17950a57dae5,False,,matched_control_closure,do-hosted-closure-20260825-r1,direct_completion,,2026-08-25T00:26:53.463343+00:00,client_rejection,,,unknown,,,,cap-pairwise-28,False,invalid_or_censored,"[""not_streamed_ttft_unobservable""]",False,,parameter_interactions,request_declared
,0,,True,,0,cache_miss_observed,8b66f3fed616343a7c9d97741208e5a21de115c50305b38370a86796a61968de,,,cap-pairwise-13,,,do-close-cell-866313a0822f24aabc449b2ae7d3b9a8bd08046651c409db365f65909577e3bb,1,,,True,,,"[""parameter_interactions""]",,,2026-08-25T00:26:54.385610+00:00,glm-5.2,,,8.580000000000001e-05,,length,False,0.37922216299921274,False,0.4431220859987661,200,22,84.38325372893998,False,False,,,False,,request_payload_sha256_mismatch,32,80.20350175449997,billed_completion_tokens_over_request_minus_streamed_ttft_proxy,control_before,,,,,80.20350175449997,0.3989850729703903,True,49.614280542002774,True,0.0,True,False,0.44342071999562904,orphaned,76b08d9940b21c8ad953c6b8c78be7e01aa28caf8dc08e339adf6ccc2ce550b7,,0b67f1ddd6cd3d135ffa3127de715654a59804f987b6728058fe948415e750d0,do-close-request-edd48c1372f1d9255d40a65103c2,866313a0822f24aabc449b2ae7d3b9a8bd08046651c409db365f65909577e3bb,0b67f1ddd6cd3d135ffa3127de715654a59804f987b6728058fe948415e750d0,0.8424057929660194,,32,tokens,a3ec1329b670d4d842159c9d82bed96b704cec92278df7436d0361d16234a38d,,do-hosted-closure-20260825-r1,digitalocean_public_request_v2,True,exact_text,,False,do-close-request-f247316e6f86dd02cb1f84851ba7,do-close-cell-866313a0822f24aabc449b2ae7d3b9a8bd08046651c409db365f65909577e3bb,False,22,matched_control_closure,do-hosted-closure-20260825-r1,direct_completion,,2026-08-25T00:26:53.542868+00:00,success,10,reasoning,streamed,0.39928370696725324,,,cap-pairwise-13,False,valid_ordinary,[],True,0.44342071999562904,parameter_interactions,request_declared
,0,,False,,,not_reported_unknown,8b66f3fed616343a7c9d97741208e5a21de115c50305b38370a86796a61968de,,,cap-pairwise-13,,inconclusive,do-close-cell-866313a0822f24aabc449b2ae7d3b9a8bd08046651c409db365f65909577e3bb,1,,,True,matched_control_inconclusive,False,"[""parameter_interactions""]",,,2026-08-25T00:26:54.677151+00:00,glm-5.2,,ProviderHTTPError,0.0009906,,,False,,False,,400,,,False,False,,,False,,request_payload_sha256_mismatch,,,,probe,,,,,,,False,,True,0.0,True,False,,orphaned,76b08d9940b21c8ad953c6b8c78be7e01aa28caf8dc08e339adf6ccc2ce550b7,,2caf1eb1dc44c2c7e2f4b2f5a53959c45e6341f9e2d2dce4e36a597411b2c73b,do-close-request-f247316e6f86dd02cb1f84851ba7,866313a0822f24aabc449b2ae7d3b9a8bd08046651c409db365f65909577e3bb,2caf1eb1dc44c2c7e2f4b2f5a53959c45e6341f9e2d2dce4e36a597411b2c73b,0.2866228760103695,,64,tokens,,,do-hosted-closure-20260825-r1,digitalocean_public_request_v2,False,transport,,True,do-close-request-f247316e6f86dd02cb1f84851ba7,do-close-cell-866313a0822f24aabc449b2ae7d3b9a8bd08046651c409db365f65909577e3bb,False,,matched_control_closure,do-hosted-closure-20260825-r1,direct_completion,,2026-08-25T00:26:54.390477+00:00,client_rejection,,,unknown,,,,cap-pairwise-13,False,invalid_or_censored,"[""not_streamed_ttft_unobservable""]",False,,parameter_interactions,request_declared
,0,,True,,0,cache_miss_observed,8b66f3fed616343a7c9d97741208e5a21de115c50305b38370a86796a61968de,,,cap-pairwise-13,,,do-close-cell-866313a0822f24aabc449b2ae7d3b9a8bd08046651c409db365f65909577e3bb,1,,,True,,,"[""parameter_interactions""]",,,2026-08-25T00:26:55.906711+00:00,glm-5.2,,,8.580000000000001e-05,,length,False,0.68404283298878,False,0.4985120090423152,200,22,46.78069626164021,False,False,,,False,,request_payload_sha256_mismatch,32,44.11172714944813,billed_completion_tokens_over_request_minus_streamed_ttft_proxy,control_after,,,,,44.11172714944813,0.725430674967356,True,44.07190445478008,True,0.0,True,False,0.49918423703638837,orphaned,76b08d9940b21c8ad953c6b8c78be7e01aa28caf8dc08e339adf6ccc2ce550b7,,7cf373a8816e980b424b1bf9ac743549fa231d76f9617042945bcbdb91471d34,do-close-request-c1c2afd390a3dc107166d1363484,866313a0822f24aabc449b2ae7d3b9a8bd08046651c409db365f65909577e3bb,7cf373a8816e980b424b1bf9ac743549fa231d76f9617042945bcbdb91471d34,1.2246149120037444,,32,tokens,83858e2de57b347e33e25fc25db813dc7a99efc259ae20c81083e35bd4366fdf,,do-hosted-closure-20260825-r1,digitalocean_public_request_v2,True,exact_text,,False,do-close-request-f247316e6f86dd02cb1f84851ba7,do-close-cell-866313a0822f24aabc449b2ae7d3b9a8bd08046651c409db365f65909577e3bb,False,22,matched_control_closure,do-hosted-closure-20260825-r1,direct_completion,,2026-08-25T00:26:54.681749+00:00,success,10,reasoning,streamed,0.7261029029614292,,,cap-pairwise-13,False,valid_ordinary,[],True,0.49918423703638837,parameter_interactions,request_declared
,0,,True,,0,cache_miss_observed,8b66f3fed616343a7c9d97741208e5a21de115c50305b38370a86796a61968de,,,cap-pairwise-28,,,do-close-cell-e501ee19f8ccd8b1366cc831385ea1afe6352048ea7f8c815bbc17950a57dae5,1,,,True,,,"[""parameter_interactions""]",,,2026-08-25T00:26:57.161648+00:00,qwen3.5-397b-a17b,,,0.00012355,,length,False,2.367344489961397,False,0.8584161589969881,200,21,13.517255361733099,False,False,,,False,,request_payload_sha256_mismatch,32,13.380700349245318,billed_completion_tokens_over_request_minus_streamed_ttft_proxy,control_after,,,,,13.380700349245318,2.3915041189757176,True,24.45483200980691,True,0.0,True,False,0.8587259970372543,orphaned,ca87c4d9357010487a3d9b4e93d9a255244c38d2f8b932c10e525d2a55b904f5,,c74411d995707a279f51c6fd56f8e799a367637038fab5df3b4c16af36ed0677,do-close-request-5fd9b300898e0189fd4156400631,e501ee19f8ccd8b1366cc831385ea1afe6352048ea7f8c815bbc17950a57dae5,c74411d995707a279f51c6fd56f8e799a367637038fab5df3b4c16af36ed0677,3.250230116012972,,32,tokens,b83dfb7147e518bb862f0360017de2377aec75bb3b7d6fcaa92fa2e05de31170,,do-hosted-closure-20260825-r1,digitalocean_public_request_v2,True,exact_text,,False,do-close-request-74394a06bfde5c3db480308edd75,do-close-cell-e501ee19f8ccd8b1366cc831385ea1afe6352048ea7f8c815bbc17950a57dae5,False,21,matched_control_closure,do-hosted-closure-20260825-r1,direct_completion,,2026-08-25T00:26:53.911077+00:00,success,32,reasoning,streamed,2.3918139570159838,,,cap-pairwise-28,False,valid_ordinary,[],True,0.8587259970372543,parameter_interactions,request_declared
,0,,True,,0,cache_miss_observed,8b66f3fed616343a7c9d97741208e5a21de115c50305b38370a86796a61968de,,,cap-pairwise-29,,,do-close-cell-59ff8f2c927f1bd56a1a456483c9bf7a36201169160089b4f5985f903efd0bf8,1,,,True,,,"[""parameter_interactions""]",,,2026-08-25T00:27:00.327314+00:00,qwen3.5-397b-a17b,,,0.000123,,length,False,2.4994869679794647,False,0.6339031629613601,200,20,12.802627263093179,False,False,,,False,,request_payload_sha256_mismatch,32,12.678884358771146,billed_completion_tokens_over_request_minus_streamed_ttft_proxy,control_before,,,,,12.678884358771146,2.5238813679898158,True,31.535989443021368,True,0.0,True,False,0.6341960519785061,orphaned,cdc220f231d738c9ee52a81cad4940c32fda26345565086f6436e4528c49b235,,c80fef2a4ec1dfc98fbccf9d4e3a9074d1c71a217c351c831b6f15a4f093630c,do-close-request-82e7c1ff05f937088dd72ef8e32b,59ff8f2c927f1bd56a1a456483c9bf7a36201169160089b4f5985f903efd0bf8,c80fef2a4ec1dfc98fbccf9d4e3a9074d1c71a217c351c831b6f15a4f093630c,3.158077419968322,,32,tokens,be0940b5a0e2b689c0ff9e13900f0b32b00f07dd4ef3c18a8e91ef2ba9cef931,,do-hosted-closure-20260825-r1,digitalocean_public_request_v2,True,exact_text,,False,do-close-request-30bc2abc81b4aac3e5968bc9b7a3,do-close-cell-59ff8f2c927f1bd56a1a456483c9bf7a36201169160089b4f5985f903efd0bf8,False,20,matched_control_closure,do-hosted-closure-20260825-r1,direct_completion,,2026-08-25T00:26:57.168873+00:00,success,32,reasoning,streamed,2.524174257006962,,,cap-pairwise-29,False,valid_ordinary,[],True,0.6341960519785061,parameter_interactions,request_declared
,0,,False,,,not_reported_unknown,8b66f3fed616343a7c9d97741208e5a21de115c50305b38370a86796a61968de,,,cap-pairwise-29,,inconclusive,do-close-cell-59ff8f2c927f1bd56a1a456483c9bf7a36201169160089b4f5985f903efd0bf8,1,,,True,matched_control_inconclusive,False,"[""parameter_interactions""]",,,2026-08-25T00:27:00.885751+00:00,qwen3.5-397b-a17b,,ProviderHTTPError,0.00251635,,,False,,False,,400,,,False,False,,,False,,request_payload_sha256_mismatch,,,,probe,,,,,,,False,,True,0.0,True,False,,orphaned,cdc220f231d738c9ee52a81cad4940c32fda26345565086f6436e4528c49b235,,e174e95a309211e1c71b9fb44446b78ff204874e28762572dc69db4cc292ea34,do-close-request-30bc2abc81b4aac3e5968bc9b7a3,59ff8f2c927f1bd56a1a456483c9bf7a36201169160089b4f5985f903efd0bf8,e174e95a309211e1c71b9fb44446b78ff204874e28762572dc69db4cc292ea34,0.5526689380058087,,512,tokens,,,do-hosted-closure-20260825-r1,digitalocean_public_request_v2,False,transport,,True,do-close-request-30bc2abc81b4aac3e5968bc9b7a3,do-close-cell-59ff8f2c927f1bd56a1a456483c9bf7a36201169160089b4f5985f903efd0bf8,False,,matched_control_closure,do-hosted-closure-20260825-r1,direct_completion,,2026-08-25T00:27:00.332992+00:00,client_rejection,,,unknown,,,,cap-pairwise-29,False,invalid_or_censored,"[""not_streamed_ttft_unobservable""]",False,,parameter_interactions,request_declared
,0,,True,,0,cache_miss_observed,8b66f3fed616343a7c9d97741208e5a21de115c50305b38370a86796a61968de,,,cap-pairwise-14,,,do-close-cell-12468b53114af76ca18e381a05e6ba73fb7c8360a2f23e3fbf534eb4cf7eb767,1,,,True,,,"[""parameter_interactions""]",,,2026-08-25T00:27:00.934759+00:00,glm-5.2,,,8.510000000000001e-05,,length,False,4.381472735025454,False,0.5966451240237802,200,21,7.303480344449546,False,False,,,False,,request_payload_sha256_mismatch,32,7.234736587313172,billed_completion_tokens_over_request_minus_streamed_ttft_proxy,control_before,,,,,7.234736587313172,4.423105059016962,True,35.18005940091876,True,0.0,True,False,0.596929065999575,orphaned,a363543cbced856c0906dbdedd4bc9b5491b49fccca6f3c8846ab4ba7ab14527,,cbf2011a4e88f11bd96c8caa4efbd242434ffdac7e565534d9b1cbbfa72a2b7b,do-close-request-d4afc07e6816c69675457d322373,12468b53114af76ca18e381a05e6ba73fb7c8360a2f23e3fbf534eb4cf7eb767,cbf2011a4e88f11bd96c8caa4efbd242434ffdac7e565534d9b1cbbfa72a2b7b,5.020034125016537,,32,tokens,8d15e39415f9fe48bd42551f9b489ee0ddea43f2f392382de27886d7ef40e50b,,do-hosted-closure-20260825-r1,digitalocean_public_request_v2,True,exact_text,,False,do-close-request-884c37527f412339f3c2f3572734,do-close-cell-12468b53114af76ca18e381a05e6ba73fb7c8360a2f23e3fbf534eb4cf7eb767,False,21,matched_control_closure,do-hosted-closure-20260825-r1,direct_completion,,2026-08-25T00:26:55.914346+00:00,success,10,reasoning,streamed,4.423389000992756,,,cap-pairwise-14,False,valid_ordinary,[],True,0.596929065999575,parameter_interactions,request_declared
,0,,False,,,not_reported_unknown,8b66f3fed616343a7c9d97741208e5a21de115c50305b38370a86796a61968de,,,cap-pairwise-14,,inconclusive,do-close-cell-12468b53114af76ca18e381a05e6ba73fb7c8360a2f23e3fbf534eb4cf7eb767,1,,,True,matched_control_inconclusive,False,"[""parameter_interactions""]",,,2026-08-25T00:27:01.271718+00:00,glm-5.2,,ProviderHTTPError,0.0019951,,,False,,False,,400,,,False,False,,,False,,request_payload_sha256_mismatch,,,,probe,,,,,,,False,,True,0.0,True,False,,orphaned,a363543cbced856c0906dbdedd4bc9b5491b49fccca6f3c8846ab4ba7ab14527,,e99444e8dd76abf779c95c6569425f697466bf945b86fe17e420b6c0ef2ad4c2,do-close-request-884c37527f412339f3c2f3572734,12468b53114af76ca18e381a05e6ba73fb7c8360a2f23e3fbf534eb4cf7eb767,e99444e8dd76abf779c95c6569425f697466bf945b86fe17e420b6c0ef2ad4c2,0.33198270999128,,512,tokens,,,do-hosted-closure-20260825-r1,digitalocean_public_request_v2,False,transport,,True,do-close-request-884c37527f412339f3c2f3572734,do-close-cell-12468b53114af76ca18e381a05e6ba73fb7c8360a2f23e3fbf534eb4cf7eb767,False,,matched_control_closure,do-hosted-closure-20260825-r1,direct_completion,,2026-08-25T00:27:00.939684+00:00,client_rejection,,,unknown,,,,cap-pairwise-14,False,invalid_or_censored,"[""not_streamed_ttft_unobservable""]",False,,parameter_interactions,request_declared
,0,,True,,0,cache_miss_observed,8b66f3fed616343a7c9d97741208e5a21de115c50305b38370a86796a61968de,,,cap-pairwise-14,,,do-close-cell-12468b53114af76ca18e381a05e6ba73fb7c8360a2f23e3fbf534eb4cf7eb767,1,,,True,,,"[""parameter_interactions""]",,,2026-08-25T00:27:02.955419+00:00,glm-5.2,,,8.510000000000001e-05,,length,False,0.6662787940003909,False,0.9763337289914489,200,21,48.0279430895128,False,False,,,False,,request_payload_sha256_mismatch,32,45.60965787492263,billed_completion_tokens_over_request_minus_streamed_ttft_proxy,control_after,,,,,45.60965787492263,0.7016057890141383,True,21.502451615282872,True,0.0,True,False,0.9766328219557181,orphaned,a363543cbced856c0906dbdedd4bc9b5491b49fccca6f3c8846ab4ba7ab14527,,33cd58837b3950dfede55cb591f00948c8e7660f9d06403840d7f96ca7cf05a8,do-close-request-4ab0355e86cbdfe35ad669e39ba9,12468b53114af76ca18e381a05e6ba73fb7c8360a2f23e3fbf534eb4cf7eb767,33cd58837b3950dfede55cb591f00948c8e7660f9d06403840d7f96ca7cf05a8,1.6782386109698564,,32,tokens,411b87ff7742ed792e696ba0883e4dbd90270ed0baadecf797d16fca0c593f40,,do-hosted-closure-20260825-r1,digitalocean_public_request_v2,True,exact_text,,False,do-close-request-884c37527f412339f3c2f3572734,do-close-cell-12468b53114af76ca18e381a05e6ba73fb7c8360a2f23e3fbf534eb4cf7eb767,False,21,matched_control_closure,do-hosted-closure-20260825-r1,direct_completion,,2026-08-25T00:27:01.276824+00:00,success,11,reasoning,streamed,0.7019048819784075,,,cap-pairwise-14,False,valid_ordinary,[],True,0.9766328219557181,parameter_interactions,request_declared
,0,,True,,0,cache_miss_observed,8b66f3fed616343a7c9d97741208e5a21de115c50305b38370a86796a61968de,,,cap-pairwise-15,,,do-close-cell-128bffc8ab63b153d40f940ef030e27a51b78e6ecdf29d8606bc1f4d89c00163,1,,,True,,,"[""parameter_interactions""]",,,2026-08-25T00:27:03.835779+00:00,glm-5.2,,,8.44e-05,,length,False,0.44473891804227605,False,0.422031173016876,200,20,71.95232686373119,False,False,,,False,,request_payload_sha256_mismatch,32,71.12396779122972,billed_completion_tokens_over_request_minus_streamed_ttft_proxy,control_before,,,,,71.12396779122972,0.44991865602787584,True,47.356851674357046,True,0.0,True,False,0.4223253719974309,orphaned,7f41caacdc1646a2c4573c8c62016792029986b652bf8e8b0832d854fc7c8265,,868f1f5613ebf92324d6e93813d0845ffb161838f3abe7ebc473e55687535584,do-close-request-13d4e7e6cc2a9e41128b395d3c9a,128bffc8ab63b153d40f940ef030e27a51b78e6ecdf29d8606bc1f4d89c00163,868f1f5613ebf92324d6e93813d0845ffb161838f3abe7ebc473e55687535584,0.8722440280253068,,32,tokens,806fc121fff71aea049b730c04576aa9b0f380d4cd2fa1ff60c434dd0449490c,,do-hosted-closure-20260825-r1,digitalocean_public_request_v2,True,exact_text,,False,do-close-request-a155d3a4ebdc540ceb40ff11fe28,do-close-cell-128bffc8ab63b153d40f940ef030e27a51b78e6ecdf29d8606bc1f4d89c00163,False,20,matched_control_closure,do-hosted-closure-20260825-r1,direct_completion,,2026-08-25T00:27:02.963136+00:00,success,10,reasoning,streamed,0.4502128550084308,,,cap-pairwise-15,False,valid_ordinary,[],True,0.4223253719974309,parameter_interactions,request_declared
,0,,True,,0,cache_miss_observed,8b66f3fed616343a7c9d97741208e5a21de115c50305b38370a86796a61968de,,,cap-pairwise-29,,,do-close-cell-59ff8f2c927f1bd56a1a456483c9bf7a36201169160089b4f5985f903efd0bf8,1,,,True,,,"[""parameter_interactions""]",,,2026-08-25T00:27:04.017411+00:00,qwen3.5-397b-a17b,,,0.000123,,length,False,2.52458371699322,False,0.5844643009477295,200,20,12.675357043858307,False,False,,,False,,request_payload_sha256_mismatch,32,12.590803403707026,billed_completion_tokens_over_request_minus_streamed_ttft_proxy,control_after,,,,,12.590803403707026,2.541537578974385,True,34.20274797710296,True,0.0,True,False,0.5847483369871043,orphaned,cdc220f231d738c9ee52a81cad4940c32fda26345565086f6436e4528c49b235,,76b4c7ab1619f96d1c44b895b44b3186386f3738bf4813f230ca9a415387d714,do-close-request-9e658de0cd36db2257409b729f8f,59ff8f2c927f1bd56a1a456483c9bf7a36201169160089b4f5985f903efd0bf8,76b4c7ab1619f96d1c44b895b44b3186386f3738bf4813f230ca9a415387d714,3.126285915961489,,32,tokens,be0940b5a0e2b689c0ff9e13900f0b32b00f07dd4ef3c18a8e91ef2ba9cef931,,do-hosted-closure-20260825-r1,digitalocean_public_request_v2,True,exact_text,,False,do-close-request-30bc2abc81b4aac3e5968bc9b7a3,do-close-cell-59ff8f2c927f1bd56a1a456483c9bf7a36201169160089b4f5985f903efd0bf8,False,20,matched_control_closure,do-hosted-closure-20260825-r1,direct_completion,,2026-08-25T00:27:00.890759+00:00,success,32,reasoning,streamed,2.5418216150137596,,,cap-pairwise-29,False,valid_ordinary,[],True,0.5847483369871043,parameter_interactions,request_declared
,0,,False,,,not_reported_unknown,8b66f3fed616343a7c9d97741208e5a21de115c50305b38370a86796a61968de,,,cap-pairwise-15,,inconclusive,do-close-cell-128bffc8ab63b153d40f940ef030e27a51b78e6ecdf29d8606bc1f4d89c00163,1,,,True,matched_control_inconclusive,False,"[""parameter_interactions""]",,,2026-08-25T00:27:04.103555+00:00,glm-5.2,,ProviderHTTPError,0.009903700000000001,,,False,,False,,400,,,False,False,,,False,,request_payload_sha256_mismatch,,,,probe,,,,,,,False,,True,0.0,True,False,,orphaned,7f41caacdc1646a2c4573c8c62016792029986b652bf8e8b0832d854fc7c8265,,2bd2c49bf837d506692de2e1a4ba9bd753398836507f07105148cf6d85175a66,do-close-request-a155d3a4ebdc540ceb40ff11fe28,128bffc8ab63b153d40f940ef030e27a51b78e6ecdf29d8606bc1f4d89c00163,2bd2c49bf837d506692de2e1a4ba9bd753398836507f07105148cf6d85175a66,0.26218788599362597,,4096,tokens,,,do-hosted-closure-20260825-r1,digitalocean_public_request_v2,False,transport,,True,do-close-request-a155d3a4ebdc540ceb40ff11fe28,do-close-cell-128bffc8ab63b153d40f940ef030e27a51b78e6ecdf29d8606bc1f4d89c00163,False,,matched_control_closure,do-hosted-closure-20260825-r1,direct_completion,,2026-08-25T00:27:03.841308+00:00,client_rejection,,,unknown,,,,cap-pairwise-15,False,invalid_or_censored,"[""not_streamed_ttft_unobservable""]",False,,parameter_interactions,request_declared
,0,,True,,0,cache_miss_observed,8b66f3fed616343a7c9d97741208e5a21de115c50305b38370a86796a61968de,,,cap-pairwise-15,,,do-close-cell-128bffc8ab63b153d40f940ef030e27a51b78e6ecdf29d8606bc1f4d89c00163,1,,,True,,,"[""parameter_interactions""]",,,2026-08-25T00:27:05.074627+00:00,glm-5.2,,,8.44e-05,,length,False,0.34036697895498946,False,0.5911021109786816,200,20,94.01617071740593,False,False,,,False,,request_payload_sha256_mismatch,32,85.55995382072386,billed_completion_tokens_over_request_minus_streamed_ttft_proxy,control_after,,,,,85.55995382072386,0.374006746977102,True,33.81811848483518,True,0.0,True,False,0.5913989570108242,orphaned,7f41caacdc1646a2c4573c8c62016792029986b652bf8e8b0832d854fc7c8265,,55dd241033b8271766be4902116ff9448c8b8a7f61b973e3d3bbf727a49583ad,do-close-request-7ceeb6399c78f51a55cff92f78d0,128bffc8ab63b153d40f940ef030e27a51b78e6ecdf29d8606bc1f4d89c00163,55dd241033b8271766be4902116ff9448c8b8a7f61b973e3d3bbf727a49583ad,0.9654057039879262,,32,tokens,7a356994e9433eb733dbe6d89cd27bc1f0f4e4b6137f5b68082161e47ef59a22,,do-hosted-closure-20260825-r1,digitalocean_public_request_v2,True,exact_text,,False,do-close-request-a155d3a4ebdc540ceb40ff11fe28,do-close-cell-128bffc8ab63b153d40f940ef030e27a51b78e6ecdf29d8606bc1f4d89c00163,False,20,matched_control_closure,do-hosted-closure-20260825-r1,direct_completion,,2026-08-25T00:27:04.108765+00:00,success,10,reasoning,streamed,0.37430359300924465,,,cap-pairwise-15,False,valid_ordinary,[],True,0.5913989570108242,parameter_interactions,request_declared
,0,,True,,0,cache_miss_observed,8b66f3fed616343a7c9d97741208e5a21de115c50305b38370a86796a61968de,,,cap-pairwise-15,,accepted,do-close-cell-3454890f5d53f2b62ea55f8f3b54a532b8b074a31e6f36ca19eb49eeff0a7577,1,,,True,accepted,True,"[""parameter_interactions""]",,,2026-08-25T00:27:05.846796+00:00,gemma-4-31B-it,,,0.0020627600000000003,,length,False,89.91059166600462,False,0.3395584889804013,200,82,45.55636798849702,False,False,,,False,,request_payload_sha256_mismatch,4096,45.36891061622034,billed_completion_tokens_over_request_minus_streamed_ttft_proxy,probe,,,,,45.36891061622034,90.28208842501044,True,117.31968691239473,True,0.0,True,False,0.6989449269603938,orphaned,493fb73d5ebd6f7874f78c412b44354f19e6a31e937e1daa758e958c87fb1397,,9a5cd8347665826e0bfe2f03f77b466442baad8f88a84611df008859649f17dd,do-close-request-6d68f9085de5616030299993eaba,3454890f5d53f2b62ea55f8f3b54a532b8b074a31e6f36ca19eb49eeff0a7577,9a5cd8347665826e0bfe2f03f77b466442baad8f88a84611df008859649f17dd,90.98103335197084,,4096,tokens,9e3b6e457d0c150d1a0fa4244c90b808b4c53036ac27c5208d25b34c1dc97836,,do-hosted-closure-20260825-r1,digitalocean_public_request_v2,True,tool_exact,,True,do-close-request-6d68f9085de5616030299993eaba,do-close-cell-3454890f5d53f2b62ea55f8f3b54a532b8b074a31e6f36ca19eb49eeff0a7577,False,82,matched_control_closure,do-hosted-closure-20260825-r1,direct_completion,,2026-08-25T00:25:34.865285+00:00,success,4083,reasoning,streamed,90.64147486299044,,,cap-pairwise-15,False,valid_ordinary,[],True,0.6989449269603938,parameter_interactions,request_declared
,0,,True,,0,cache_miss_observed,8b66f3fed616343a7c9d97741208e5a21de115c50305b38370a86796a61968de,,,cap-pairwise-16,,,do-close-cell-c5f224b4d86da1a98197c881d3e2ec1f516076c264308dd9894bf65d0cea41d9,1,,,True,,,"[""parameter_interactions""]",,,2026-08-25T00:27:06.182398+00:00,glm-5.2,,,8.580000000000001e-05,,length,False,0.4585237849969417,False,0.6093834689818323,200,22,69.78918225629982,False,False,,,False,,request_payload_sha256_mismatch,32,65.26252295105223,billed_completion_tokens_over_request_minus_streamed_ttft_proxy,control_before,,,,,65.26252295105223,0.49032735102809966,True,36.08183662323763,True,0.0,True,False,0.6097250599996187,orphaned,a6ee9208762147da0260ed06aaf1d6c719aa4ed47f5f72aeecdc72cc292da055,,02cf0ff4f00e646c833627bdfcba5ba2dd1e80e63aba2947d28c5aaee7cf452e,do-close-request-bc504964a69bc39ad073ec3e382b,c5f224b4d86da1a98197c881d3e2ec1f516076c264308dd9894bf65d0cea41d9,02cf0ff4f00e646c833627bdfcba5ba2dd1e80e63aba2947d28c5aaee7cf452e,1.1000524110277183,,32,tokens,35e0ee7309ed0ac9828fa2494caa00f01fe0193aa7b85b50490c67fd2a99d4a2,,do-hosted-closure-20260825-r1,digitalocean_public_request_v2,True,exact_text,,False,do-close-request-2e1fbbe200fd228925074628131f,do-close-cell-c5f224b4d86da1a98197c881d3e2ec1f516076c264308dd9894bf65d0cea41d9,False,22,matched_control_closure,do-hosted-closure-20260825-r1,direct_completion,,2026-08-25T00:27:05.081981+00:00,success,10,reasoning,streamed,0.49066894204588607,,,cap-pairwise-16,False,valid_ordinary,[],True,0.6097250599996187,parameter_interactions,request_declared
,0,,True,,0,cache_miss_observed,8b66f3fed616343a7c9d97741208e5a21de115c50305b38370a86796a61968de,,,cap-pairwise-15,,,do-close-cell-3454890f5d53f2b62ea55f8f3b54a532b8b074a31e6f36ca19eb49eeff0a7577,1,,,True,,,"[""parameter_interactions""]",,,2026-08-25T00:27:06.379227+00:00,gemma-4-31B-it,,,9.32e-06,,stop,True,0.15621148596983403,True,0.33754967898130417,200,24,64.01577923617664,False,False,,,False,,request_payload_sha256_mismatch,10,52.9071981621454,billed_completion_tokens_over_request_minus_streamed_ttft_proxy,control_after,,,,,52.9071981621454,0.18901019799523056,True,71.04165784141253,True,1.0,True,False,0.3378299539908767,orphaned,493fb73d5ebd6f7874f78c412b44354f19e6a31e937e1daa758e958c87fb1397,,36d0f2a9048f49a96cc222fc08ade83696174351a414544c3f8fc38699a68071,do-close-request-8061b146dbb7c2bcdded640ea12b,3454890f5d53f2b62ea55f8f3b54a532b8b074a31e6f36ca19eb49eeff0a7577,36d0f2a9048f49a96cc222fc08ade83696174351a414544c3f8fc38699a68071,0.5268401519861072,,32,tokens,b584c9e483eb32afd1f09e1600a564512fbe03d92c341263111ebcf53d180281,,do-hosted-closure-20260825-r1,digitalocean_public_request_v2,True,exact_text,,False,do-close-request-6d68f9085de5616030299993eaba,do-close-cell-3454890f5d53f2b62ea55f8f3b54a532b8b074a31e6f36ca19eb49eeff0a7577,False,24,matched_control_closure,do-hosted-closure-20260825-r1,direct_completion,,2026-08-25T00:27:05.852061+00:00,success,9,content,streamed,0.18929047300480306,,,cap-pairwise-15,False,valid_ordinary,[],True,0.3378299539908767,parameter_interactions,request_declared
,0,,False,,,not_reported_unknown,8b66f3fed616343a7c9d97741208e5a21de115c50305b38370a86796a61968de,,,cap-pairwise-16,,inconclusive,do-close-cell-c5f224b4d86da1a98197c881d3e2ec1f516076c264308dd9894bf65d0cea41d9,1,,,True,matched_control_inconclusive,False,"[""parameter_interactions""]",,,2026-08-25T00:27:06.449312+00:00,glm-5.2,,ProviderHTTPError,0.0009703,,,False,,False,,400,,,False,False,,,False,,request_payload_sha256_mismatch,,,,probe,,,,,,,False,,True,0.0,True,False,,orphaned,a6ee9208762147da0260ed06aaf1d6c719aa4ed47f5f72aeecdc72cc292da055,,c46b122cee9cd7c6b244f0666625759e384a86095e3a475327242d930f299c48,do-close-request-2e1fbbe200fd228925074628131f,c5f224b4d86da1a98197c881d3e2ec1f516076c264308dd9894bf65d0cea41d9,c46b122cee9cd7c6b244f0666625759e384a86095e3a475327242d930f299c48,0.2618702449835837,,64,tokens,,,do-hosted-closure-20260825-r1,digitalocean_public_request_v2,False,transport,,True,do-close-request-2e1fbbe200fd228925074628131f,do-close-cell-c5f224b4d86da1a98197c881d3e2ec1f516076c264308dd9894bf65d0cea41d9,False,,matched_control_closure,do-hosted-closure-20260825-r1,direct_completion,,2026-08-25T00:27:06.187388+00:00,client_rejection,,,unknown,,,,cap-pairwise-16,False,invalid_or_censored,"[""not_streamed_ttft_unobservable""]",False,,parameter_interactions,request_declared
,0,,True,,0,cache_miss_observed,8b66f3fed616343a7c9d97741208e5a21de115c50305b38370a86796a61968de,,,cap-pairwise-19,,,do-close-cell-490bd75eecceb960091108100044219bd307356c2049c931c95db758f419b2e1,1,,,True,,,"[""parameter_interactions""]",,,2026-08-25T00:27:06.983213+00:00,gemma-4-31B-it,,,1e-05,,stop,True,0.18414527201093733,True,0.3683983639930375,200,25,59.73544625868349,False,False,,,False,,request_payload_sha256_mismatch,11,48.272428725947464,billed_completion_tokens_over_request_minus_streamed_ttft_proxy,control_before,,,,,48.272428725947464,0.22787334903841838,True,67.80898312632425,True,1.0,True,False,0.36868271499406546,orphaned,f48b51a6551774ec04dce2eed2f57a3938b2d4280005bba190b1b88f393fce23,,79294071ceb1001a23aab8e1171a001741d2306d94e56eebaaa3b7e03692e94f,do-close-request-145343c2b9282140f7e52d28cfd9,490bd75eecceb960091108100044219bd307356c2049c931c95db758f419b2e1,79294071ceb1001a23aab8e1171a001741d2306d94e56eebaaa3b7e03692e94f,0.5965560640324838,,32,tokens,a9fd3637b803e9426797df511086d9c9e2033b821636e28ddf42223e33568299,,do-hosted-closure-20260825-r1,digitalocean_public_request_v2,True,exact_text,,False,do-close-request-174bd5fdaae4a861ad8cc7d89aa1,do-close-cell-490bd75eecceb960091108100044219bd307356c2049c931c95db758f419b2e1,False,25,matched_control_closure,do-hosted-closure-20260825-r1,direct_completion,,2026-08-25T00:27:06.386321+00:00,success,10,content,streamed,0.22815770003944635,,,cap-pairwise-19,False,valid_ordinary,[],True,0.36868271499406546,parameter_interactions,request_declared
,0,,True,,0,cache_miss_observed,8b66f3fed616343a7c9d97741208e5a21de115c50305b38370a86796a61968de,,,cap-pairwise-32,,,do-close-cell-0f9599bdcca9b4a689d9feb865d882f81e12a54299ca96b021a83d2cebad4418,1,,,True,,,"[""parameter_interactions""]",,,2026-08-25T00:27:07.136636+00:00,qwen3.5-397b-a17b,,,0.000123,,length,False,2.4568005289766006,False,0.5713492270442657,200,20,13.025070461593335,False,False,,,False,,request_payload_sha256_mismatch,32,12.597330528713826,billed_completion_tokens_over_request_minus_streamed_ttft_proxy,control_before,,,,,12.597330528713826,2.540220717957709,True,34.987456661984844,True,0.0,True,False,0.5716334340395406,orphaned,3bf65be6a62ecccc7c38205a54c5cd1f3b50ecb09510897365839706323af06c,,a5f5abb27e30bc4fdeae6b94ab8551adaccbb9fb635f4d7fafe4b90e6abcccc7,do-close-request-4213a2ab2dded05e0ea8fa4d3e88,0f9599bdcca9b4a689d9feb865d882f81e12a54299ca96b021a83d2cebad4418,a5f5abb27e30bc4fdeae6b94ab8551adaccbb9fb635f4d7fafe4b90e6abcccc7,3.1118541519972496,,32,tokens,3be729b7f31de567d30d2b86f3586366519582c02c55e3904078d7537c96f4a2,,do-hosted-closure-20260825-r1,digitalocean_public_request_v2,True,exact_text,,False,do-close-request-29d545a0e7f00ba7af187e66c46e,do-close-cell-0f9599bdcca9b4a689d9feb865d882f81e12a54299ca96b021a83d2cebad4418,False,20,matched_control_closure,do-hosted-closure-20260825-r1,direct_completion,,2026-08-25T00:27:04.024398+00:00,success,32,reasoning,streamed,2.540504924952984,,,cap-pairwise-32,False,valid_ordinary,[],True,0.5716334340395406,parameter_interactions,request_declared
,0,,False,,,not_reported_unknown,8b66f3fed616343a7c9d97741208e5a21de115c50305b38370a86796a61968de,,,cap-pairwise-32,,inconclusive,do-close-cell-0f9599bdcca9b4a689d9feb865d882f81e12a54299ca96b021a83d2cebad4418,1,,,True,matched_control_inconclusive,False,"[""parameter_interactions""]",,,2026-08-25T00:27:07.480750+00:00,qwen3.5-397b-a17b,,ProviderHTTPError,0.0007294500000000001,,,False,,False,,400,,,False,False,,,False,,request_payload_sha256_mismatch,,,,probe,,,,,,,False,,True,0.0,True,False,,orphaned,3bf65be6a62ecccc7c38205a54c5cd1f3b50ecb09510897365839706323af06c,,394d479f2309690ebdd416203e25fab8b50dffbdaba47fc7c71e250eeb678749,do-close-request-29d545a0e7f00ba7af187e66c46e,0f9599bdcca9b4a689d9feb865d882f81e12a54299ca96b021a83d2cebad4418,394d479f2309690ebdd416203e25fab8b50dffbdaba47fc7c71e250eeb678749,0.3389369279611856,,64,tokens,,,do-hosted-closure-20260825-r1,digitalocean_public_request_v2,False,transport,,True,do-close-request-29d545a0e7f00ba7af187e66c46e,do-close-cell-0f9599bdcca9b4a689d9feb865d882f81e12a54299ca96b021a83d2cebad4418,False,,matched_control_closure,do-hosted-closure-20260825-r1,direct_completion,,2026-08-25T00:27:07.141706+00:00,client_rejection,,,unknown,,,,cap-pairwise-32,False,invalid_or_censored,"[""not_streamed_ttft_unobservable""]",False,,parameter_interactions,request_declared
,0,,True,,0,cache_miss_observed,8b66f3fed616343a7c9d97741208e5a21de115c50305b38370a86796a61968de,,,cap-pairwise-16,,,do-close-cell-c5f224b4d86da1a98197c881d3e2ec1f516076c264308dd9894bf65d0cea41d9,1,,,True,,,"[""parameter_interactions""]",,,2026-08-25T00:27:08.124375+00:00,glm-5.2,,,8.580000000000001e-05,,length,False,0.9578591280151159,False,0.6987038079532795,200,22,33.40783531113879,False,False,,,False,,request_payload_sha256_mismatch,32,32.95377073813267,billed_completion_tokens_over_request_minus_streamed_ttft_proxy,control_after,,,,,32.95377073813267,0.9710573109914549,True,31.47362957207622,True,0.0,True,False,0.698997868981678,orphaned,a6ee9208762147da0260ed06aaf1d6c719aa4ed47f5f72aeecdc72cc292da055,,a1e566e9e73c2dee545133a966d577b36b368062bcff2a07cfaf665c0c527930,do-close-request-125c40478b0c7fdd124b39dcabe4,c5f224b4d86da1a98197c881d3e2ec1f516076c264308dd9894bf65d0cea41d9,a1e566e9e73c2dee545133a966d577b36b368062bcff2a07cfaf665c0c527930,1.670055179973133,,32,tokens,27bdf34ba3ccddb7e167a443effb2ed8b9fc95e08a236ef647013c485a549156,,do-hosted-closure-20260825-r1,digitalocean_public_request_v2,True,exact_text,,False,do-close-request-2e1fbbe200fd228925074628131f,do-close-cell-c5f224b4d86da1a98197c881d3e2ec1f516076c264308dd9894bf65d0cea41d9,False,22,matched_control_closure,do-hosted-closure-20260825-r1,direct_completion,,2026-08-25T00:27:06.453983+00:00,success,13,reasoning,streamed,0.9713513720198534,,,cap-pairwise-16,False,valid_ordinary,[],True,0.698997868981678,parameter_interactions,request_declared
,0,,True,,0,cache_miss_observed,8b66f3fed616343a7c9d97741208e5a21de115c50305b38370a86796a61968de,,,cap-pairwise-17,,,do-close-cell-1bdcd5c3c163dc26c587c4b087ba0bddc067e871dd76411e98ae53a18320947e,1,,,True,,,"[""parameter_interactions""]",,,2026-08-25T00:27:09.044253+00:00,glm-5.2,,,8.580000000000001e-05,,length,True,0.41771659901132807,True,0.4738274730043486,200,22,76.60696289239918,False,False,,,False,,request_payload_sha256_mismatch,32,72.99885767177935,billed_completion_tokens_over_request_minus_streamed_ttft_proxy,control_before,,,,,72.99885767177935,0.43836302403360605,True,46.400805713084345,True,1.0,True,False,0.47412969800643623,orphaned,e2f8bb28a9389530f91059f8ebfd23e177d91e4d7db5db834167e4db98cf0ec3,,11845047e5fdcc49309953e1a52404b06f66c3086dbed65918ac833bf80f77af,do-close-request-8ed79a7c9a00688490665d217366,1bdcd5c3c163dc26c587c4b087ba0bddc067e871dd76411e98ae53a18320947e,11845047e5fdcc49309953e1a52404b06f66c3086dbed65918ac833bf80f77af,0.9124927220400423,,32,tokens,c51f5efbf3d46461625255fc5dba184e872c2fd60cf9a7eccd65b9b4dc16de06,,do-hosted-closure-20260825-r1,digitalocean_public_request_v2,True,exact_text,,False,do-close-request-d68476923c0dd9aac48065ba8e77,do-close-cell-1bdcd5c3c163dc26c587c4b087ba0bddc067e871dd76411e98ae53a18320947e,False,22,matched_control_closure,do-hosted-closure-20260825-r1,direct_completion,,2026-08-25T00:27:08.131016+00:00,success,12,reasoning,streamed,0.4386652490356937,,,cap-pairwise-17,False,valid_ordinary,[],True,0.47412969800643623,parameter_interactions,request_declared
,0,,False,,,not_reported_unknown,8b66f3fed616343a7c9d97741208e5a21de115c50305b38370a86796a61968de,,,cap-pairwise-17,,inconclusive,do-close-cell-1bdcd5c3c163dc26c587c4b087ba0bddc067e871dd76411e98ae53a18320947e,1,,,True,matched_control_inconclusive,False,"[""parameter_interactions""]",,,2026-08-25T00:27:09.460887+00:00,glm-5.2,,ProviderHTTPError,0.0010438,,,False,,False,,400,,,False,False,,,False,,request_payload_sha256_mismatch,,,,probe,,,,,,,False,,True,0.0,True,False,,orphaned,e2f8bb28a9389530f91059f8ebfd23e177d91e4d7db5db834167e4db98cf0ec3,,6cb73458e08572377092f172c33b307d6bc409e236672c63bbd9099db8afd83c,do-close-request-d68476923c0dd9aac48065ba8e77,1bdcd5c3c163dc26c587c4b087ba0bddc067e871dd76411e98ae53a18320947e,6cb73458e08572377092f172c33b307d6bc409e236672c63bbd9099db8afd83c,0.4114802650292404,,64,tokens,,,do-hosted-closure-20260825-r1,digitalocean_public_request_v2,False,transport,,True,do-close-request-d68476923c0dd9aac48065ba8e77,do-close-cell-1bdcd5c3c163dc26c587c4b087ba0bddc067e871dd76411e98ae53a18320947e,False,,matched_control_closure,do-hosted-closure-20260825-r1,direct_completion,,2026-08-25T00:27:09.049352+00:00,client_rejection,,,unknown,,,,cap-pairwise-17,False,invalid_or_censored,"[""not_streamed_ttft_unobservable""]",False,,parameter_interactions,request_declared
,0,,True,,0,cache_miss_observed,8b66f3fed616343a7c9d97741208e5a21de115c50305b38370a86796a61968de,,,cap-pairwise-32,,,do-close-cell-0f9599bdcca9b4a689d9feb865d882f81e12a54299ca96b021a83d2cebad4418,1,,,True,,,"[""parameter_interactions""]",,,2026-08-25T00:27:10.458733+00:00,qwen3.5-397b-a17b,,,0.000123,,length,False,2.379552509984933,False,0.5349081390304491,200,20,13.447906640313064,False,False,,,False,,request_payload_sha256_mismatch,32,13.12774144286204,billed_completion_tokens_over_request_minus_streamed_ttft_proxy,control_after,,,,,13.12774144286204,2.4375860950094648,True,37.36904857477106,True,0.0,True,False,0.5352022800361738,orphaned,3bf65be6a62ecccc7c38205a54c5cd1f3b50ecb09510897365839706323af06c,,16dc244407e854790c67b9b900b326d8392a90cf69cd7c3c5a73f73b7f783adb,do-close-request-4971c0677993c2f407bf3f3e674b,0f9599bdcca9b4a689d9feb865d882f81e12a54299ca96b021a83d2cebad4418,16dc244407e854790c67b9b900b326d8392a90cf69cd7c3c5a73f73b7f783adb,2.9727883750456385,,32,tokens,3be729b7f31de567d30d2b86f3586366519582c02c55e3904078d7537c96f4a2,,do-hosted-closure-20260825-r1,digitalocean_public_request_v2,True,exact_text,,False,do-close-request-29d545a0e7f00ba7af187e66c46e,do-close-cell-0f9599bdcca9b4a689d9feb865d882f81e12a54299ca96b021a83d2cebad4418,False,20,matched_control_closure,do-hosted-closure-20260825-r1,direct_completion,,2026-08-25T00:27:07.485533+00:00,success,32,reasoning,streamed,2.4378802360151894,,,cap-pairwise-32,False,valid_ordinary,[],True,0.5352022800361738,parameter_interactions,request_declared
,0,,True,,0,cache_miss_observed,8b66f3fed616343a7c9d97741208e5a21de115c50305b38370a86796a61968de,,,cap-pairwise-37,,,do-close-cell-c94f3a3e06bc41f694525eae153667a554efb98d68aa00dde3fd555a6258429c,1,,,True,,,"[""parameter_interactions""]",,,2026-08-25T00:27:14.000001+00:00,qwen3.5-397b-a17b,,,0.0001241,,length,False,2.7394683649763465,False,0.6777736130170524,200,22,11.68109856974979,False,False,,,False,,request_payload_sha256_mismatch,32,11.247756346007286,billed_completion_tokens_over_request_minus_streamed_ttft_proxy,control_before,,,,,11.247756346007286,2.845011841971427,True,31.94307493134562,True,0.0,True,False,0.6887251790030859,orphaned,b582245a0a30f781535bcb6936dc27b7887ff7351ad2a301e6c9a0733b6bd515,,20a668af366880ccd853a18c87ceafbe7188b88b73b3af6d1aa685f07c11d33f,do-close-request-2e218d5ff6fbd6406b5b3252cf94,c94f3a3e06bc41f694525eae153667a554efb98d68aa00dde3fd555a6258429c,20a668af366880ccd853a18c87ceafbe7188b88b73b3af6d1aa685f07c11d33f,3.533737020974513,,32,tokens,b86e1643ae96fc62b04e2134e76307a46ec5499bcaa1e3e55f22bcaab1285d30,,do-hosted-closure-20260825-r1,digitalocean_public_request_v2,True,exact_text,,False,do-close-request-919edd49c2002e7486846076138e,do-close-cell-c94f3a3e06bc41f694525eae153667a554efb98d68aa00dde3fd555a6258429c,False,22,matched_control_closure,do-hosted-closure-20260825-r1,direct_completion,,2026-08-25T00:27:10.465923+00:00,success,32,reasoning,streamed,2.8559634079574607,,,cap-pairwise-37,False,valid_ordinary,[],True,0.6887251790030859,parameter_interactions,request_declared
,0,,False,,,not_reported_unknown,8b66f3fed616343a7c9d97741208e5a21de115c50305b38370a86796a61968de,,,cap-pairwise-37,,inconclusive,do-close-cell-c94f3a3e06bc41f694525eae153667a554efb98d68aa00dde3fd555a6258429c,1,,,True,matched_control_inconclusive,False,"[""parameter_interactions""]",,,2026-08-25T00:27:14.468451+00:00,qwen3.5-397b-a17b,,ProviderHTTPError,0.0007531,,,False,,False,,400,,,False,False,,,False,,request_payload_sha256_mismatch,,,,probe,,,,,,,False,,True,0.0,True,False,,orphaned,b582245a0a30f781535bcb6936dc27b7887ff7351ad2a301e6c9a0733b6bd515,,5443049bb5e53d9aa48c54daaded835e1a03d725f195a67fb7b0bebb4fbae3dd,do-close-request-919edd49c2002e7486846076138e,c94f3a3e06bc41f694525eae153667a554efb98d68aa00dde3fd555a6258429c,5443049bb5e53d9aa48c54daaded835e1a03d725f195a67fb7b0bebb4fbae3dd,0.46305508696241304,,64,tokens,,,do-hosted-closure-20260825-r1,digitalocean_public_request_v2,False,transport,,True,do-close-request-919edd49c2002e7486846076138e,do-close-cell-c94f3a3e06bc41f694525eae153667a554efb98d68aa00dde3fd555a6258429c,False,,matched_control_closure,do-hosted-closure-20260825-r1,direct_completion,,2026-08-25T00:27:14.005340+00:00,client_rejection,,,unknown,,,,cap-pairwise-37,False,invalid_or_censored,"[""not_streamed_ttft_unobservable""]",False,,parameter_interactions,request_declared
,0,,True,,0,cache_miss_observed,8b66f3fed616343a7c9d97741208e5a21de115c50305b38370a86796a61968de,,,cap-pairwise-17,,,do-close-cell-1bdcd5c3c163dc26c587c4b087ba0bddc067e871dd76411e98ae53a18320947e,1,,,True,,,"[""parameter_interactions""]",,,2026-08-25T00:27:15.426434+00:00,glm-5.2,,,8.580000000000001e-05,,length,False,5.313882365997415,False,0.6263023829669692,200,22,6.021962436496955,False,False,,,False,,request_payload_sha256_mismatch,32,6.0001664633435015,billed_completion_tokens_over_request_minus_streamed_ttft_proxy,control_after,,,,,6.0001664633435015,5.333185370021965,True,35.11179910707609,True,0.0,True,False,0.6265700009535067,orphaned,e2f8bb28a9389530f91059f8ebfd23e177d91e4d7db5db834167e4db98cf0ec3,,e6e0774aa63f5b4e191de8aaeff5725dedbb4bc284187a8811639c24b8dee847,do-close-request-133edd05f8610a9ebce1f51fa303,1bdcd5c3c163dc26c587c4b087ba0bddc067e871dd76411e98ae53a18320947e,e6e0774aa63f5b4e191de8aaeff5725dedbb4bc284187a8811639c24b8dee847,5.959755370975472,,32,tokens,00fc46bffe3411ce9f530edeca8a5bec3d2b58b5f8f7319f90d4660522bbc0f4,,do-hosted-closure-20260825-r1,digitalocean_public_request_v2,True,exact_text,,False,do-close-request-d68476923c0dd9aac48065ba8e77,do-close-cell-1bdcd5c3c163dc26c587c4b087ba0bddc067e871dd76411e98ae53a18320947e,False,22,matched_control_closure,do-hosted-closure-20260825-r1,direct_completion,,2026-08-25T00:27:09.465476+00:00,success,13,reasoning,streamed,5.333452988008503,,,cap-pairwise-17,False,valid_ordinary,[],True,0.6265700009535067,parameter_interactions,request_declared
,0,,True,,0,cache_miss_observed,8b66f3fed616343a7c9d97741208e5a21de115c50305b38370a86796a61968de,,,cap-pairwise-37,,,do-close-cell-c94f3a3e06bc41f694525eae153667a554efb98d68aa00dde3fd555a6258429c,1,,,True,,,"[""parameter_interactions""]",,,2026-08-25T00:27:17.550730+00:00,qwen3.5-397b-a17b,,,0.0001241,,length,False,2.471081650990527,False,0.5592885080259293,200,22,12.949794672779378,False,False,,,False,,request_payload_sha256_mismatch,32,12.71321076973983,billed_completion_tokens_over_request_minus_streamed_ttft_proxy,control_after,,,,,12.71321076973983,2.517066741012968,True,39.313081806141106,True,0.0,True,False,0.5596101600094698,orphaned,b582245a0a30f781535bcb6936dc27b7887ff7351ad2a301e6c9a0733b6bd515,,3de996ffe42086548a49ac7df6718732baf324af8c000f2c2a2194649e4dfeeb,do-close-request-9098940e8b7589d226f9c6da82ee,c94f3a3e06bc41f694525eae153667a554efb98d68aa00dde3fd555a6258429c,3de996ffe42086548a49ac7df6718732baf324af8c000f2c2a2194649e4dfeeb,3.076676901022438,,32,tokens,b86e1643ae96fc62b04e2134e76307a46ec5499bcaa1e3e55f22bcaab1285d30,,do-hosted-closure-20260825-r1,digitalocean_public_request_v2,True,exact_text,,False,do-close-request-919edd49c2002e7486846076138e,do-close-cell-c94f3a3e06bc41f694525eae153667a554efb98d68aa00dde3fd555a6258429c,False,22,matched_control_closure,do-hosted-closure-20260825-r1,direct_completion,,2026-08-25T00:27:14.473607+00:00,success,32,reasoning,streamed,2.5173883929965086,,,cap-pairwise-37,False,valid_ordinary,[],True,0.5596101600094698,parameter_interactions,request_declared
,0,,True,,0,cache_miss_observed,8b66f3fed616343a7c9d97741208e5a21de115c50305b38370a86796a61968de,,,cap-pairwise-38,,,do-close-cell-d72672359ec43ffe2cf1c2a267c2666c59acf24e609fa7ec0b7a260a3509d019,1,,,True,,,"[""structured_output""]",,,2026-08-25T00:27:20.521411+00:00,qwen3.5-397b-a17b,,,0.0001241,,length,False,2.373640701000113,False,0.5413214410073124,200,22,13.481400106813586,False,False,,,False,,request_payload_sha256_mismatch,32,13.214646312393224,billed_completion_tokens_over_request_minus_streamed_ttft_proxy,control_before,,,,,13.214646312393224,2.4215555409900844,True,40.61931749007507,True,0.0,True,False,0.5416142210015096,orphaned,8ad49681e7ee5945860603db5b460f0b9901f8af7a2c5e803de685327ea2a75c,,fd4f1d8e5f30b556ee661aa4d207ab2b02380a6f3a5cb790d186ad98e2a03efd,do-close-request-59e6f7a22fa3a678004ab39acd04,d72672359ec43ffe2cf1c2a267c2666c59acf24e609fa7ec0b7a260a3509d019,fd4f1d8e5f30b556ee661aa4d207ab2b02380a6f3a5cb790d186ad98e2a03efd,2.963169761991594,,32,tokens,c50081ff8aa1a2fa0117e8057129329589f9fe2d91371c40ac73e466caee6729,,do-hosted-closure-20260825-r1,digitalocean_public_request_v2,True,exact_text,,False,do-close-request-3a27b11ac5d57921ea5c659b3eac,do-close-cell-d72672359ec43ffe2cf1c2a267c2666c59acf24e609fa7ec0b7a260a3509d019,False,22,matched_control_closure,do-hosted-closure-20260825-r1,direct_completion,,2026-08-25T00:27:17.557866+00:00,success,32,reasoning,streamed,2.4218483209842816,,,cap-pairwise-38,False,valid_ordinary,[],True,0.5416142210015096,structured_output,request_declared
,0,,False,,,not_reported_unknown,8b66f3fed616343a7c9d97741208e5a21de115c50305b38370a86796a61968de,,,cap-pairwise-38,,inconclusive,do-close-cell-d72672359ec43ffe2cf1c2a267c2666c59acf24e609fa7ec0b7a260a3509d019,1,,,True,matched_control_inconclusive,False,"[""structured_output""]",,,2026-08-25T00:27:21.042498+00:00,qwen3.5-397b-a17b,,ProviderHTTPError,0.0151962,,,False,,False,,400,,,False,False,,,False,,request_payload_sha256_mismatch,,,,probe,,,,,,,False,,True,0.0,True,False,,orphaned,8ad49681e7ee5945860603db5b460f0b9901f8af7a2c5e803de685327ea2a75c,,6633cdd67b64e2e774cc4aee95680e2b4666b47c59d2c8de481a8edacb14e759,do-close-request-3a27b11ac5d57921ea5c659b3eac,d72672359ec43ffe2cf1c2a267c2666c59acf24e609fa7ec0b7a260a3509d019,6633cdd67b64e2e774cc4aee95680e2b4666b47c59d2c8de481a8edacb14e759,0.5155294379801489,,4096,tokens,,,do-hosted-closure-20260825-r1,digitalocean_public_request_v2,False,transport,,True,do-close-request-3a27b11ac5d57921ea5c659b3eac,do-close-cell-d72672359ec43ffe2cf1c2a267c2666c59acf24e609fa7ec0b7a260a3509d019,False,,matched_control_closure,do-hosted-closure-20260825-r1,direct_completion,,2026-08-25T00:27:20.526911+00:00,client_rejection,,,unknown,,,,cap-pairwise-38,False,invalid_or_censored,"[""not_streamed_ttft_unobservable""]",False,,structured_output,request_declared
,0,,True,,0,cache_miss_observed,8b66f3fed616343a7c9d97741208e5a21de115c50305b38370a86796a61968de,,,cap-pairwise-38,,,do-close-cell-d72672359ec43ffe2cf1c2a267c2666c59acf24e609fa7ec0b7a260a3509d019,1,,,True,,,"[""structured_output""]",,,2026-08-25T00:27:23.959672+00:00,qwen3.5-397b-a17b,,,0.0001241,,length,False,2.3389372390229255,False,0.5515113610308617,200,22,13.681427387665936,False,False,,,False,,request_payload_sha256_mismatch,32,13.561767473269397,billed_completion_tokens_over_request_minus_streamed_ttft_proxy,control_after,,,,,13.561767473269397,2.359574448026251,True,39.85561896286307,True,0.0,True,False,0.5519924309919588,orphaned,8ad49681e7ee5945860603db5b460f0b9901f8af7a2c5e803de685327ea2a75c,,375803ea8b4a4c0ed4d63c72fa9123a6c2b281760d8bb21c73ccba60dbb7953e,do-close-request-fe63e94c437300912a85a3234c8d,d72672359ec43ffe2cf1c2a267c2666c59acf24e609fa7ec0b7a260a3509d019,375803ea8b4a4c0ed4d63c72fa9123a6c2b281760d8bb21c73ccba60dbb7953e,2.91156687901821,,32,tokens,c50081ff8aa1a2fa0117e8057129329589f9fe2d91371c40ac73e466caee6729,,do-hosted-closure-20260825-r1,digitalocean_public_request_v2,True,exact_text,,False,do-close-request-3a27b11ac5d57921ea5c659b3eac,do-close-cell-d72672359ec43ffe2cf1c2a267c2666c59acf24e609fa7ec0b7a260a3509d019,False,22,matched_control_closure,do-hosted-closure-20260825-r1,direct_completion,,2026-08-25T00:27:21.047683+00:00,success,32,reasoning,streamed,2.360055517987348,,,cap-pairwise-38,False,valid_ordinary,[],True,0.5519924309919588,structured_output,request_declared
,0,,True,,0,cache_miss_observed,8b66f3fed616343a7c9d97741208e5a21de115c50305b38370a86796a61968de,,,extended-parameters-1,,,do-close-cell-dfa22886a5842d02a73954b41af0a4c293fdb65e368c7fc0ac6c882ec9b5c092,1,,,True,,,"[""parameter_interactions""]",,,2026-08-25T00:27:27.138059+00:00,qwen3.5-397b-a17b,,,0.00012355,,length,False,2.5768686730298214,False,0.554027842998039,200,21,12.418172619707141,False,False,,,False,,request_payload_sha256_mismatch,32,12.233598740320815,billed_completion_tokens_over_request_minus_streamed_ttft_proxy,control_before,,,,,12.233598740320815,2.6157470650505275,True,37.88556846724443,True,0.0,True,False,0.5543007759843022,orphaned,0dbebdb8574e27695c3666440c63145853c2b2e6c5b00407d36f3e94e2ad8e6e,,20c96a78dadc8a3a0d35a8b75dad952b9e367f7d329a84fcfde3c208a68eead7,do-close-request-ff41f9423a2de55c506c9c4253e4,dfa22886a5842d02a73954b41af0a4c293fdb65e368c7fc0ac6c882ec9b5c092,20c96a78dadc8a3a0d35a8b75dad952b9e367f7d329a84fcfde3c208a68eead7,3.1700478410348296,,32,tokens,08c8a247cfeab3c457634f77fc9d8c5df58a0611f314033e9195435bf87ef439,,do-hosted-closure-20260825-r1,digitalocean_public_request_v2,True,exact_text,,False,do-close-request-1edeae09cfaaa95113c24c700c06,do-close-cell-dfa22886a5842d02a73954b41af0a4c293fdb65e368c7fc0ac6c882ec9b5c092,False,21,matched_control_closure,do-hosted-closure-20260825-r1,direct_completion,,2026-08-25T00:27:23.967162+00:00,success,32,reasoning,streamed,2.6160199980367906,,,cap-extended-1,False,valid_ordinary,[],True,0.5543007759843022,parameter_interactions,request_declared
,0,,False,,,not_reported_unknown,8b66f3fed616343a7c9d97741208e5a21de115c50305b38370a86796a61968de,,,extended-parameters-1,,inconclusive,do-close-cell-dfa22886a5842d02a73954b41af0a4c293fdb65e368c7fc0ac6c882ec9b5c092,1,,,True,matched_control_inconclusive,False,"[""parameter_interactions""]",,,2026-08-25T00:27:27.422779+00:00,qwen3.5-397b-a17b,,ProviderHTTPError,0.00066455,,,False,,False,,400,,,False,False,,,False,,request_payload_sha256_mismatch,,,,probe,,,,,,,False,,True,0.0,True,False,,orphaned,0dbebdb8574e27695c3666440c63145853c2b2e6c5b00407d36f3e94e2ad8e6e,,b8eb42c7073dff5eb876254870ebb48698f99179458aa9b3443fdbdd69983b9d,do-close-request-1edeae09cfaaa95113c24c700c06,dfa22886a5842d02a73954b41af0a4c293fdb65e368c7fc0ac6c882ec9b5c092,b8eb42c7073dff5eb876254870ebb48698f99179458aa9b3443fdbdd69983b9d,0.2799884100095369,,64,tokens,,,do-hosted-closure-20260825-r1,digitalocean_public_request_v2,False,transport,,True,do-close-request-1edeae09cfaaa95113c24c700c06,do-close-cell-dfa22886a5842d02a73954b41af0a4c293fdb65e368c7fc0ac6c882ec9b5c092,False,,matched_control_closure,do-hosted-closure-20260825-r1,direct_completion,,2026-08-25T00:27:27.142739+00:00,client_rejection,,,unknown,,,,cap-extended-1,False,invalid_or_censored,"[""not_streamed_ttft_unobservable""]",False,,parameter_interactions,request_declared
,0,,True,,0,cache_miss_observed,8b66f3fed616343a7c9d97741208e5a21de115c50305b38370a86796a61968de,,,cap-pairwise-18,,,do-close-cell-b9408407b8b83afeb64dc6b213580875bcd93c74a618a86834e67d139e4abce9,1,,,True,,,"[""parameter_interactions""]",,,2026-08-25T00:27:30.132720+00:00,glm-5.2,,,8.580000000000001e-05,,length,False,10.112453451030888,False,4.540776124049444,200,22,3.1644150605942065,False,False,,,False,,request_payload_sha256_mismatch,32,3.151368385908207,billed_completion_tokens_over_request_minus_streamed_ttft_proxy,control_before,,,,,3.151368385908207,10.154319039022084,True,4.842960412301304,True,0.0,True,False,4.542675992997829,orphaned,74d45606f871d3556265b642bb07a7e331f9cbe2534234ce2e7b48a79eebe5ed,,04d3202ae5c30317a6a352aca34016b1db9c88c5eb10af936b6f038215d0f161,do-close-request-fdfebefae9b3b4e16915cdb1d510,b9408407b8b83afeb64dc6b213580875bcd93c74a618a86834e67d139e4abce9,04d3202ae5c30317a6a352aca34016b1db9c88c5eb10af936b6f038215d0f161,14.696995032019913,,32,tokens,d911fe7fe80432bde740fa9789e765a54a8ed7f18ff69db6d4d8b89a2e65dff2,,do-hosted-closure-20260825-r1,digitalocean_public_request_v2,True,exact_text,,False,do-close-request-3fb6217c3d7326eaf79a61dcfe85,do-close-cell-b9408407b8b83afeb64dc6b213580875bcd93c74a618a86834e67d139e4abce9,False,22,matched_control_closure,do-hosted-closure-20260825-r1,direct_completion,,2026-08-25T00:27:15.434935+00:00,success,10,reasoning,streamed,10.15621890797047,,,cap-pairwise-18,False,valid_ordinary,[],True,4.542675992997829,parameter_interactions,request_declared
,0,,True,,0,cache_miss_observed,8b66f3fed616343a7c9d97741208e5a21de115c50305b38370a86796a61968de,,,extended-parameters-1,,,do-close-cell-dfa22886a5842d02a73954b41af0a4c293fdb65e368c7fc0ac6c882ec9b5c092,1,,,True,,,"[""parameter_interactions""]",,,2026-08-25T00:27:30.370063+00:00,qwen3.5-397b-a17b,,,0.00012355,,length,False,2.3969749250099994,False,0.5072795720188878,200,21,13.350160515286369,False,False,,,False,,request_payload_sha256_mismatch,32,13.146605494859305,billed_completion_tokens_over_request_minus_streamed_ttft_proxy,control_after,,,,,13.146605494859305,2.43408840498887,True,41.37421442736923,True,0.0,True,False,0.5075625070021488,orphaned,0dbebdb8574e27695c3666440c63145853c2b2e6c5b00407d36f3e94e2ad8e6e,,3af65075bd7886325da6fb104cd8d212a22afbd478da0a7e44a03e5f0497390f,do-close-request-29e88639e530187003e5297001ea,dfa22886a5842d02a73954b41af0a4c293fdb65e368c7fc0ac6c882ec9b5c092,3af65075bd7886325da6fb104cd8d212a22afbd478da0a7e44a03e5f0497390f,2.941650911991019,,32,tokens,08c8a247cfeab3c457634f77fc9d8c5df58a0611f314033e9195435bf87ef439,,do-hosted-closure-20260825-r1,digitalocean_public_request_v2,True,exact_text,,False,do-close-request-1edeae09cfaaa95113c24c700c06,do-close-cell-dfa22886a5842d02a73954b41af0a4c293fdb65e368c7fc0ac6c882ec9b5c092,False,21,matched_control_closure,do-hosted-closure-20260825-r1,direct_completion,,2026-08-25T00:27:27.428074+00:00,success,32,reasoning,streamed,2.434371339972131,,,cap-extended-1,False,valid_ordinary,[],True,0.5075625070021488,parameter_interactions,request_declared
,0,,False,,,not_reported_unknown,8b66f3fed616343a7c9d97741208e5a21de115c50305b38370a86796a61968de,,,cap-pairwise-18,,inconclusive,do-close-cell-b9408407b8b83afeb64dc6b213580875bcd93c74a618a86834e67d139e4abce9,1,,,True,matched_control_inconclusive,False,"[""parameter_interactions""]",,,2026-08-25T00:27:30.551292+00:00,glm-5.2,,ProviderHTTPError,0.0007980999999999999,,,False,,False,,400,,,False,False,,,False,,request_payload_sha256_mismatch,,,,probe,,,,,,,False,,True,0.0,True,False,,orphaned,74d45606f871d3556265b642bb07a7e331f9cbe2534234ce2e7b48a79eebe5ed,,3a7ec44ba2fd48a0b38056854287aac366c81791434ffabe7b0c2b706c9c5816,do-close-request-3fb6217c3d7326eaf79a61dcfe85,b9408407b8b83afeb64dc6b213580875bcd93c74a618a86834e67d139e4abce9,3a7ec44ba2fd48a0b38056854287aac366c81791434ffabe7b0c2b706c9c5816,0.413751499960199,,64,tokens,,,do-hosted-closure-20260825-r1,digitalocean_public_request_v2,False,transport,,True,do-close-request-3fb6217c3d7326eaf79a61dcfe85,do-close-cell-b9408407b8b83afeb64dc6b213580875bcd93c74a618a86834e67d139e4abce9,False,,matched_control_closure,do-hosted-closure-20260825-r1,direct_completion,,2026-08-25T00:27:30.137486+00:00,client_rejection,,,unknown,,,,cap-pairwise-18,False,invalid_or_censored,"[""not_streamed_ttft_unobservable""]",False,,parameter_interactions,request_declared
,0,,True,,0,cache_miss_observed,8b66f3fed616343a7c9d97741208e5a21de115c50305b38370a86796a61968de,,,cap-pairwise-19,,accepted,do-close-cell-490bd75eecceb960091108100044219bd307356c2049c931c95db758f419b2e1,1,,,True,accepted,True,"[""parameter_interactions""]",,,2026-08-25T00:27:31.009704+00:00,gemma-4-31B-it,,,0.0005165,,length,False,23.27113135001855,False,0.5106762630166486,200,25,44.003017498295534,False,False,,,False,,request_payload_sha256_mismatch,1024,43.681843592132516,billed_completion_tokens_over_request_minus_streamed_ttft_proxy,probe,,,,,43.681843592132516,23.442234022018965,True,43.20090937779878,True,0.0,True,False,0.5786915220087394,orphaned,f48b51a6551774ec04dce2eed2f57a3938b2d4280005bba190b1b88f393fce23,,48f51fc96acd709a1eb176ec42c91a2331665154313481af7766ea5f26640247,do-close-request-174bd5fdaae4a861ad8cc7d89aa1,490bd75eecceb960091108100044219bd307356c2049c931c95db758f419b2e1,48f51fc96acd709a1eb176ec42c91a2331665154313481af7766ea5f26640247,24.020925544027705,,64,tokens,4eb0f848fbc943c1d099638cc0b87796a7b7742b61d46d68f8a64e2557fc8212,,do-hosted-closure-20260825-r1,digitalocean_public_request_v2,True,json_exact,,True,do-close-request-174bd5fdaae4a861ad8cc7d89aa1,do-close-cell-490bd75eecceb960091108100044219bd307356c2049c931c95db758f419b2e1,False,25,matched_control_closure,do-hosted-closure-20260825-r1,direct_completion,,2026-08-25T00:27:06.988358+00:00,success,1017,reasoning,streamed,23.510249281011056,,,cap-pairwise-19,False,valid_ordinary,[],True,0.5786915220087394,parameter_interactions,request_declared
,0,,True,,0,cache_miss_observed,8b66f3fed616343a7c9d97741208e5a21de115c50305b38370a86796a61968de,,,cap-pairwise-18,,,do-close-cell-b9408407b8b83afeb64dc6b213580875bcd93c74a618a86834e67d139e4abce9,1,,,True,,,"[""parameter_interactions""]",,,2026-08-25T00:27:31.344247+00:00,glm-5.2,,,8.580000000000001e-05,,stop,True,0.27861495199613273,True,0.4691642849938944,200,22,114.85385034340932,False,False,,,False,,request_payload_sha256_mismatch,32,100.5037641251565,billed_completion_tokens_over_request_minus_streamed_ttft_proxy,control_after,,,,,100.5037641251565,0.31839603499975055,True,46.86162659780215,True,1.0,True,False,0.46946727199247107,orphaned,74d45606f871d3556265b642bb07a7e331f9cbe2534234ce2e7b48a79eebe5ed,,438005aa94a5fb325e1f64105968657451555d0e4b061061c598d76406200f35,do-close-request-cd73d09cd7a07d3fe4f5ea1850bd,b9408407b8b83afeb64dc6b213580875bcd93c74a618a86834e67d139e4abce9,438005aa94a5fb325e1f64105968657451555d0e4b061061c598d76406200f35,0.7878633069922216,,32,tokens,d4704aed643bc2335957899eccd6156be92f45495a1e96dd09861c796061517c,,do-hosted-closure-20260825-r1,digitalocean_public_request_v2,True,exact_text,,False,do-close-request-3fb6217c3d7326eaf79a61dcfe85,do-close-cell-b9408407b8b83afeb64dc6b213580875bcd93c74a618a86834e67d139e4abce9,False,22,matched_control_closure,do-hosted-closure-20260825-r1,direct_completion,,2026-08-25T00:27:30.556038+00:00,success,11,reasoning,streamed,0.3186990219983272,,,cap-pairwise-18,False,valid_ordinary,[],True,0.46946727199247107,parameter_interactions,request_declared
,0,,True,,0,cache_miss_observed,8b66f3fed616343a7c9d97741208e5a21de115c50305b38370a86796a61968de,,,cap-pairwise-19,,,do-close-cell-490bd75eecceb960091108100044219bd307356c2049c931c95db758f419b2e1,1,,,True,,,"[""parameter_interactions""]",,,2026-08-25T00:27:31.653234+00:00,gemma-4-31B-it,,,1e-05,,stop,True,0.19581476203165948,True,0.38827034103451297,200,25,56.175540014810075,False,False,,,False,,request_payload_sha256_mismatch,11,44.05550994465397,billed_completion_tokens_over_request_minus_streamed_ttft_proxy,control_after,,,,,44.05550994465397,0.24968499998794869,True,64.34268638672934,True,1.0,True,False,0.38854454801185057,orphaned,f48b51a6551774ec04dce2eed2f57a3938b2d4280005bba190b1b88f393fce23,,bf55828cc767f0358144fc04832893cbf1c0712639146242da8a9f0aa3fbcfdb,do-close-request-cb36b1eddfcefac90c06ea8e4ce9,490bd75eecceb960091108100044219bd307356c2049c931c95db758f419b2e1,bf55828cc767f0358144fc04832893cbf1c0712639146242da8a9f0aa3fbcfdb,0.6382295479997993,,32,tokens,a9fd3637b803e9426797df511086d9c9e2033b821636e28ddf42223e33568299,,do-hosted-closure-20260825-r1,digitalocean_public_request_v2,True,exact_text,,False,do-close-request-174bd5fdaae4a861ad8cc7d89aa1,do-close-cell-490bd75eecceb960091108100044219bd307356c2049c931c95db758f419b2e1,False,25,matched_control_closure,do-hosted-closure-20260825-r1,direct_completion,,2026-08-25T00:27:31.014653+00:00,success,10,content,streamed,0.24995920696528628,,,cap-pairwise-19,False,valid_ordinary,[],True,0.38854454801185057,parameter_interactions,request_declared
,0,,True,,0,cache_miss_observed,8b66f3fed616343a7c9d97741208e5a21de115c50305b38370a86796a61968de,,,cap-pairwise-20,,,do-close-cell-f9ac7e93caf0b5214b3314412b391628316db4db5c97254fc0cb6563332fafe2,1,,,True,,,"[""parameter_interactions""]",,,2026-08-25T00:27:32.193383+00:00,gemma-4-31B-it,,,8.64e-06,,stop,True,0.13654867699369788,True,0.3569003909942694,200,23,65.9105616996595,False,False,,,False,,request_payload_sha256_mismatch,9,51.22579893948159,billed_completion_tokens_over_request_minus_streamed_ttft_proxy,control_before,,,,,51.22579893948159,0.17569272097898647,True,64.37016313510506,True,1.0,True,False,0.3573084000381641,orphaned,b39ab5739f7326492d8b5bb32d3a2d4d1878a54f3b047102c8b1fe33793e037b,,60d68bed2e5ff1d1ff9a85860006327aae1d475b08b9a991a7ecf3b6e8af3d4c,do-close-request-1d8837af9b81a04a3e67ef7371e1,f9ac7e93caf0b5214b3314412b391628316db4db5c97254fc0cb6563332fafe2,60d68bed2e5ff1d1ff9a85860006327aae1d475b08b9a991a7ecf3b6e8af3d4c,0.5330011210171506,,32,tokens,e595fc4ff0f9cf0597c5381fb30cc604a915ea270ca18c3d465eb78ce9bf72e3,,do-hosted-closure-20260825-r1,digitalocean_public_request_v2,True,exact_text,,False,do-close-request-32847deef85f063b0d32602a4e80,do-close-cell-f9ac7e93caf0b5214b3314412b391628316db4db5c97254fc0cb6563332fafe2,False,23,matched_control_closure,do-hosted-closure-20260825-r1,direct_completion,,2026-08-25T00:27:31.660029+00:00,success,8,content,streamed,0.17610073002288118,,,cap-pairwise-20,False,valid_ordinary,[],True,0.3573084000381641,parameter_interactions,request_declared
,0,,True,,0,cache_miss_observed,8b66f3fed616343a7c9d97741208e5a21de115c50305b38370a86796a61968de,,,cap-pairwise-19,,,do-close-cell-6c61e36bd9b756911da15e561ffffdaab82c19d4170ccd9a7eb510ba45d83f44,1,,,True,,,"[""parameter_interactions""]",,,2026-08-25T00:27:32.946178+00:00,glm-5.2,,,8.510000000000001e-05,,length,False,1.0024722120142542,False,0.5540150980232283,200,21,31.92108431185621,False,False,,,False,,request_payload_sha256_mismatch,32,30.766133566134645,billed_completion_tokens_over_request_minus_streamed_ttft_proxy,control_before,,,,,30.766133566134645,1.0401046960032545,True,37.853845787011,True,0.0,True,False,0.5547652969835326,orphaned,be26c6274dc29f59d937ce725339cce480a7778e38c93adcc08737460bf349a7,,fffb99a12f872f3e075bf0746fbbce19834fba9b2f9acfb30202499f13d6f024,do-close-request-e61069044e5218112c00979b1279,6c61e36bd9b756911da15e561ffffdaab82c19d4170ccd9a7eb510ba45d83f44,fffb99a12f872f3e075bf0746fbbce19834fba9b2f9acfb30202499f13d6f024,1.594869992986787,,32,tokens,49e1d48af7349f0520456aa1906406beacc66235d5a3cc64c3e3e030864fe0a3,,do-hosted-closure-20260825-r1,digitalocean_public_request_v2,True,exact_text,,False,do-close-request-07f722fe962b28302b5b1898a3dc,do-close-cell-6c61e36bd9b756911da15e561ffffdaab82c19d4170ccd9a7eb510ba45d83f44,False,21,matched_control_closure,do-hosted-closure-20260825-r1,direct_completion,,2026-08-25T00:27:31.350930+00:00,success,10,reasoning,streamed,1.0408548949635588,,,cap-pairwise-19,False,valid_ordinary,[],True,0.5547652969835326,parameter_interactions,request_declared
,0,,True,,0,cache_miss_observed,8b66f3fed616343a7c9d97741208e5a21de115c50305b38370a86796a61968de,,,extended-parameters-2,,,do-close-cell-5575904c5fa2fa193c52592480adafdb540459f0f15cdff5de94fb1c1bfef385,1,,,True,,,"[""parameter_interactions""]",,,2026-08-25T00:27:33.220534+00:00,qwen3.5-397b-a17b,,,0.00012355,,length,False,2.2739266200223938,False,0.5565644380403683,200,21,14.07257372257899,False,False,,,False,,request_payload_sha256_mismatch,32,14.000056029987311,billed_completion_tokens_over_request_minus_streamed_ttft_proxy,control_before,,,,,14.000056029987311,2.2857051379978657,True,37.710271666260475,True,0.0,True,False,0.5568774520070292,orphaned,3bd99a2eab2ef4c730db1e685830b3a4e6b087bfcfacc255062149c86958e985,,9ff907cb611575461a7d7892d21f2693f746057dfd8c3b1323b6c8ef23857f75,do-close-request-2184f528ce45afb1896757464bca,5575904c5fa2fa193c52592480adafdb540459f0f15cdff5de94fb1c1bfef385,9ff907cb611575461a7d7892d21f2693f746057dfd8c3b1323b6c8ef23857f75,2.842582590004895,,32,tokens,f2eafd277e012675135912be0e45e6a4c0e758c2efaa46a8afb3aabef9a6a2c1,,do-hosted-closure-20260825-r1,digitalocean_public_request_v2,True,exact_text,,False,do-close-request-d33faea52756e26561fd097394c2,do-close-cell-5575904c5fa2fa193c52592480adafdb540459f0f15cdff5de94fb1c1bfef385,False,21,matched_control_closure,do-hosted-closure-20260825-r1,direct_completion,,2026-08-25T00:27:30.377557+00:00,success,32,reasoning,streamed,2.2860181519645266,,,cap-extended-2,False,valid_ordinary,[],True,0.5568774520070292,parameter_interactions,request_declared
,0,,False,,,not_reported_unknown,8b66f3fed616343a7c9d97741208e5a21de115c50305b38370a86796a61968de,,,cap-pairwise-19,,inconclusive,do-close-cell-6c61e36bd9b756911da15e561ffffdaab82c19d4170ccd9a7eb510ba45d83f44,1,,,True,matched_control_inconclusive,False,"[""parameter_interactions""]",,,2026-08-25T00:27:33.249843+00:00,glm-5.2,,ProviderHTTPError,0.0008225999999999999,,,False,,False,,400,,,False,False,,,False,,request_payload_sha256_mismatch,,,,probe,,,,,,,False,,True,0.0,True,False,,orphaned,be26c6274dc29f59d937ce725339cce480a7778e38c93adcc08737460bf349a7,,5b1ba2a9ba562da1ffa333149b5eb764863677f69ecc1e9c91fe2421b4312a27,do-close-request-07f722fe962b28302b5b1898a3dc,6c61e36bd9b756911da15e561ffffdaab82c19d4170ccd9a7eb510ba45d83f44,5b1ba2a9ba562da1ffa333149b5eb764863677f69ecc1e9c91fe2421b4312a27,0.29888664599275216,,64,tokens,,,do-hosted-closure-20260825-r1,digitalocean_public_request_v2,False,transport,,True,do-close-request-07f722fe962b28302b5b1898a3dc,do-close-cell-6c61e36bd9b756911da15e561ffffdaab82c19d4170ccd9a7eb510ba45d83f44,False,,matched_control_closure,do-hosted-closure-20260825-r1,direct_completion,,2026-08-25T00:27:32.950882+00:00,client_rejection,,,unknown,,,,cap-pairwise-19,False,invalid_or_censored,"[""not_streamed_ttft_unobservable""]",False,,parameter_interactions,request_declared
,0,,False,,,not_reported_unknown,8b66f3fed616343a7c9d97741208e5a21de115c50305b38370a86796a61968de,,,extended-parameters-2,,inconclusive,do-close-cell-5575904c5fa2fa193c52592480adafdb540459f0f15cdff5de94fb1c1bfef385,1,,,True,matched_control_inconclusive,False,"[""parameter_interactions""]",,,2026-08-25T00:27:33.584366+00:00,qwen3.5-397b-a17b,,ProviderHTTPError,0.0006546500000000001,,,False,,False,,400,,,False,False,,,False,,request_payload_sha256_mismatch,,,,probe,,,,,,,False,,True,0.0,True,False,,orphaned,3bd99a2eab2ef4c730db1e685830b3a4e6b087bfcfacc255062149c86958e985,,74f774af7ca0f00e87fd0b7bad7dd02b91954cca442d57796d071f51dd0d01a5,do-close-request-d33faea52756e26561fd097394c2,5575904c5fa2fa193c52592480adafdb540459f0f15cdff5de94fb1c1bfef385,74f774af7ca0f00e87fd0b7bad7dd02b91954cca442d57796d071f51dd0d01a5,0.35932648699963465,,64,tokens,,,do-hosted-closure-20260825-r1,digitalocean_public_request_v2,False,transport,,True,do-close-request-d33faea52756e26561fd097394c2,do-close-cell-5575904c5fa2fa193c52592480adafdb540459f0f15cdff5de94fb1c1bfef385,False,,matched_control_closure,do-hosted-closure-20260825-r1,direct_completion,,2026-08-25T00:27:33.224988+00:00,client_rejection,,,unknown,,,,cap-extended-2,False,invalid_or_censored,"[""not_streamed_ttft_unobservable""]",False,,parameter_interactions,request_declared
,0,,True,,0,cache_miss_observed,8b66f3fed616343a7c9d97741208e5a21de115c50305b38370a86796a61968de,,,cap-pairwise-19,,,do-close-cell-6c61e36bd9b756911da15e561ffffdaab82c19d4170ccd9a7eb510ba45d83f44,1,,,True,,,"[""parameter_interactions""]",,,2026-08-25T00:27:34.096604+00:00,glm-5.2,,,8.510000000000001e-05,,length,False,0.32859246898442507,False,0.4824716549483128,200,21,97.38506819374722,False,False,,,False,,request_payload_sha256_mismatch,32,89.16589115417162,billed_completion_tokens_over_request_minus_streamed_ttft_proxy,control_after,,,,,89.16589115417162,0.3588816259871237,True,43.50130467197397,True,0.0,True,False,0.4827441420056857,orphaned,be26c6274dc29f59d937ce725339cce480a7778e38c93adcc08737460bf349a7,,28e5f66a7137f49d1727569765475b574f881a35ef2f305c2bf97cd1946300ff,do-close-request-e3743af853b27cb16971270d1a7d,6c61e36bd9b756911da15e561ffffdaab82c19d4170ccd9a7eb510ba45d83f44,28e5f66a7137f49d1727569765475b574f881a35ef2f305c2bf97cd1946300ff,0.8416257679928094,,32,tokens,cd5c8676b706a3cd0779e1d44bc8d72929b32615e89d41b3810e6bf14b9fc122,,do-hosted-closure-20260825-r1,digitalocean_public_request_v2,True,exact_text,,False,do-close-request-07f722fe962b28302b5b1898a3dc,do-close-cell-6c61e36bd9b756911da15e561ffffdaab82c19d4170ccd9a7eb510ba45d83f44,False,21,matched_control_closure,do-hosted-closure-20260825-r1,direct_completion,,2026-08-25T00:27:33.254511+00:00,success,10,reasoning,streamed,0.3591541130444966,,,cap-pairwise-19,False,valid_ordinary,[],True,0.4827441420056857,parameter_interactions,request_declared
,0,,True,,64,cache_hit_observed,8b66f3fed616343a7c9d97741208e5a21de115c50305b38370a86796a61968de,,,cap-pairwise-20,,accepted,do-close-cell-f9ac7e93caf0b5214b3314412b391628316db4db5c97254fc0cb6563332fafe2,1,,,True,accepted,True,"[""parameter_interactions""]",,,2026-08-25T00:27:34.779292+00:00,gemma-4-31B-it,,,6.426000000000001e-05,,stop,False,2.0015073029790074,False,0.4250017250305973,200,82,49.46272234562931,False,False,,,False,,request_payload_sha256_mismatch,99,47.47558883570441,billed_completion_tokens_over_request_minus_streamed_ttft_proxy,probe,,,,,47.47558883570441,2.0852821929729544,False,,True,0.0,True,False,0.4949347380315885,orphaned,b39ab5739f7326492d8b5bb32d3a2d4d1878a54f3b047102c8b1fe33793e037b,,f8612a03901c2265f9aaea3b5fd470ebd92eaa61b0b0abb8c959791298243aae,do-close-request-32847deef85f063b0d32602a4e80,f9ac7e93caf0b5214b3314412b391628316db4db5c97254fc0cb6563332fafe2,f8612a03901c2265f9aaea3b5fd470ebd92eaa61b0b0abb8c959791298243aae,2.580216931004543,,512,tokens,22609d3d39061bd5d2af450c17b4ee118b74abcb331cf48af51c04f443df95a3,,do-hosted-closure-20260825-r1,digitalocean_public_request_v2,True,tool_exact,,True,do-close-request-32847deef85f063b0d32602a4e80,do-close-cell-f9ac7e93caf0b5214b3314412b391628316db4db5c97254fc0cb6563332fafe2,False,82,matched_control_closure,do-hosted-closure-20260825-r1,direct_completion,,2026-08-25T00:27:32.198664+00:00,success,88,reasoning,streamed,2.1552152059739456,,,cap-pairwise-20,False,valid_ordinary,[],True,0.4949347380315885,parameter_interactions,request_declared
,0,,True,,0,cache_miss_observed,8b66f3fed616343a7c9d97741208e5a21de115c50305b38370a86796a61968de,,,cap-pairwise-20,,,do-close-cell-f9ac7e93caf0b5214b3314412b391628316db4db5c97254fc0cb6563332fafe2,1,,,True,,,"[""parameter_interactions""]",,,2026-08-25T00:27:35.399282+00:00,gemma-4-31B-it,,,8.64e-06,,stop,True,0.1356578270206228,True,0.41415533499093726,200,23,66.34338908164742,False,False,,,False,,request_payload_sha256_mismatch,9,45.13523939289299,billed_completion_tokens_over_request_minus_streamed_ttft_proxy,control_after,,,,,45.13523939289299,0.19940073700854555,True,55.49253078955152,True,1.0,True,False,0.4144701939658262,orphaned,b39ab5739f7326492d8b5bb32d3a2d4d1878a54f3b047102c8b1fe33793e037b,,3ad6319c7e99aca14064999f86a0a9fc6378d678d29a2d1aaf8365b14da94b00,do-close-request-509a3cd08fc6831cb086c8320cbf,f9ac7e93caf0b5214b3314412b391628316db4db5c97254fc0cb6563332fafe2,3ad6319c7e99aca14064999f86a0a9fc6378d678d29a2d1aaf8365b14da94b00,0.6138709309743717,,32,tokens,e595fc4ff0f9cf0597c5381fb30cc604a915ea270ca18c3d465eb78ce9bf72e3,,do-hosted-closure-20260825-r1,digitalocean_public_request_v2,True,exact_text,,False,do-close-request-32847deef85f063b0d32602a4e80,do-close-cell-f9ac7e93caf0b5214b3314412b391628316db4db5c97254fc0cb6563332fafe2,False,23,matched_control_closure,do-hosted-closure-20260825-r1,direct_completion,,2026-08-25T00:27:34.785028+00:00,success,8,content,streamed,0.19971559598343447,,,cap-pairwise-20,False,valid_ordinary,[],True,0.4144701939658262,parameter_interactions,request_declared
,0,,True,,0,cache_miss_observed,8b66f3fed616343a7c9d97741208e5a21de115c50305b38370a86796a61968de,,,cap-pairwise-23,,,do-close-cell-eb5b7796403ccee6e59f2bbfcd5439da2ae3c9a01a044a9dd43edda59912fb31,1,,,True,,,"[""structured_output""]",,,2026-08-25T00:27:35.948045+00:00,gemma-4-31B-it,,,9.32e-06,,stop,True,0.1343844020157121,True,0.3575339959934354,200,24,74.41339805813779,False,False,,,False,,request_payload_sha256_mismatch,10,54.38851401369404,billed_completion_tokens_over_request_minus_streamed_ttft_proxy,control_before,,,,,54.38851401369404,0.1838623500079848,True,67.07252362854432,True,1.0,True,False,0.35782163398107514,orphaned,7727d6fd0f8b0023eb0bf4d271959e360ef00509dd825dfc9dd442e77a75235a,,5b1716facb566d679e370180666cd4eb591737b83ca8e315fd643ae15acc6a69,do-close-request-494efd175bffed4da26c23df2bd5,eb5b7796403ccee6e59f2bbfcd5439da2ae3c9a01a044a9dd43edda59912fb31,5b1716facb566d679e370180666cd4eb591737b83ca8e315fd643ae15acc6a69,0.5416839839890599,,32,tokens,9a80056979e320c8de3571a89a3728c39c238999e5586d65262fbf3863047af9,,do-hosted-closure-20260825-r1,digitalocean_public_request_v2,True,exact_text,,False,do-close-request-4733dbb81245b8df327bc1d22653,do-close-cell-eb5b7796403ccee6e59f2bbfcd5439da2ae3c9a01a044a9dd43edda59912fb31,False,24,matched_control_closure,do-hosted-closure-20260825-r1,direct_completion,,2026-08-25T00:27:35.406008+00:00,success,9,content,streamed,0.18414998799562454,,,cap-pairwise-23,False,valid_ordinary,[],True,0.35782163398107514,structured_output,request_declared
,0,,True,,0,cache_miss_observed,8b66f3fed616343a7c9d97741208e5a21de115c50305b38370a86796a61968de,,,cap-pairwise-20,,,do-close-cell-fbc4d1a82d6717efaa9ec40ac97f559f11510f2f15bbdb8ffbbdfefa1fd92630,1,,,True,,,"[""parameter_interactions""]",,,2026-08-25T00:27:36.389324+00:00,glm-5.2,,,8.510000000000001e-05,,length,False,1.590583331999369,False,0.6880342439981177,200,21,20.11840521412725,False,False,,,False,,request_payload_sha256_mismatch,32,20.046022284055418,billed_completion_tokens_over_request_minus_streamed_ttft_proxy,control_before,,,,,20.046022284055418,1.596326670027338,True,30.48474759630992,True,0.0,True,False,0.688869078992866,orphaned,1705f33009e6cc8b0e69850d24d2251c550758f930ef19c37db169195d1f04c4,,3522927edb87a6b6cd054fa2525224cc6189223813b6d9ad8518c5ed041f4e9f,do-close-request-94911343abe2c700b57e73644cc9,fbc4d1a82d6717efaa9ec40ac97f559f11510f2f15bbdb8ffbbdfefa1fd92630,3522927edb87a6b6cd054fa2525224cc6189223813b6d9ad8518c5ed041f4e9f,2.285195749020204,,32,tokens,f96027253f37e48f3aefcc990a250e80b6458f4d6a783009bb055bfa4d2c7c3f,,do-hosted-closure-20260825-r1,digitalocean_public_request_v2,True,exact_text,,False,do-close-request-0643d97550d02dc49514ba42aa04,do-close-cell-fbc4d1a82d6717efaa9ec40ac97f559f11510f2f15bbdb8ffbbdfefa1fd92630,False,21,matched_control_closure,do-hosted-closure-20260825-r1,direct_completion,,2026-08-25T00:27:34.103187+00:00,success,12,reasoning,streamed,1.5971615050220862,,,cap-pairwise-20,False,valid_ordinary,[],True,0.688869078992866,parameter_interactions,request_declared
,0,,True,,0,cache_miss_observed,8b66f3fed616343a7c9d97741208e5a21de115c50305b38370a86796a61968de,,,extended-parameters-2,,,do-close-cell-5575904c5fa2fa193c52592480adafdb540459f0f15cdff5de94fb1c1bfef385,1,,,True,,,"[""parameter_interactions""]",,,2026-08-25T00:27:36.534452+00:00,qwen3.5-397b-a17b,,,0.00012355,,length,False,2.401331230008509,False,0.5301782170427032,200,21,13.325941711042757,False,False,,,False,,request_payload_sha256_mismatch,32,13.261004213953097,billed_completion_tokens_over_request_minus_streamed_ttft_proxy,control_after,,,,,13.261004213953097,2.4130902519682422,True,39.483177834062474,True,0.0,True,False,0.5318720820359886,orphaned,3bd99a2eab2ef4c730db1e685830b3a4e6b087bfcfacc255062149c86958e985,,03003acd22e42a1f830a377a2d22f098a005b78beee38bf31958d573a1a10d63,do-close-request-34e8e02b3436a370f36ae8960edc,5575904c5fa2fa193c52592480adafdb540459f0f15cdff5de94fb1c1bfef385,03003acd22e42a1f830a377a2d22f098a005b78beee38bf31958d573a1a10d63,2.944962334004231,,32,tokens,f2eafd277e012675135912be0e45e6a4c0e758c2efaa46a8afb3aabef9a6a2c1,,do-hosted-closure-20260825-r1,digitalocean_public_request_v2,True,exact_text,,False,do-close-request-d33faea52756e26561fd097394c2,do-close-cell-5575904c5fa2fa193c52592480adafdb540459f0f15cdff5de94fb1c1bfef385,False,21,matched_control_closure,do-hosted-closure-20260825-r1,direct_completion,,2026-08-25T00:27:33.589166+00:00,success,32,reasoning,streamed,2.4147841169615276,,,cap-extended-2,False,valid_ordinary,[],True,0.5318720820359886,parameter_interactions,request_declared
,0,,False,,,not_reported_unknown,8b66f3fed616343a7c9d97741208e5a21de115c50305b38370a86796a61968de,,,cap-pairwise-20,,inconclusive,do-close-cell-fbc4d1a82d6717efaa9ec40ac97f559f11510f2f15bbdb8ffbbdfefa1fd92630,1,,,True,matched_control_inconclusive,False,"[""parameter_interactions""]",,,2026-08-25T00:27:36.706881+00:00,glm-5.2,,ProviderHTTPError,0.0020273,,,False,,False,,400,,,False,False,,,False,,request_payload_sha256_mismatch,,,,probe,,,,,,,False,,True,0.0,True,False,,orphaned,1705f33009e6cc8b0e69850d24d2251c550758f930ef19c37db169195d1f04c4,,b7212b09ad1e2809884993660e159acbbee396e4100b8db6d818584ee6ea44ff,do-close-request-0643d97550d02dc49514ba42aa04,fbc4d1a82d6717efaa9ec40ac97f559f11510f2f15bbdb8ffbbdfefa1fd92630,b7212b09ad1e2809884993660e159acbbee396e4100b8db6d818584ee6ea44ff,0.31291905499529094,,512,tokens,,,do-hosted-closure-20260825-r1,digitalocean_public_request_v2,False,transport,,True,do-close-request-0643d97550d02dc49514ba42aa04,do-close-cell-fbc4d1a82d6717efaa9ec40ac97f559f11510f2f15bbdb8ffbbdfefa1fd92630,False,,matched_control_closure,do-hosted-closure-20260825-r1,direct_completion,,2026-08-25T00:27:36.393907+00:00,client_rejection,,,unknown,,,,cap-pairwise-20,False,invalid_or_censored,"[""not_streamed_ttft_unobservable""]",False,,parameter_interactions,request_declared
,0,,True,,0,cache_miss_observed,8b66f3fed616343a7c9d97741208e5a21de115c50305b38370a86796a61968de,,,extended-parameters-3,,,do-close-cell-7ddf7e4ba8deedb0f82aac899bf4235b038344ea309069da539803fa3bc5ef21,1,,,True,,,"[""parameter_interactions""]",,,2026-08-25T00:27:39.362752+00:00,qwen3.5-397b-a17b,,,0.000123,,length,False,2.284351959999185,False,0.5027733509778045,200,20,14.008349221286993,False,False,,,False,,request_payload_sha256_mismatch,32,13.807030349990235,billed_completion_tokens_over_request_minus_streamed_ttft_proxy,control_before,,,,,13.807030349990235,2.317659857973922,True,39.75355412363012,True,0.0,True,False,0.5030996709829196,orphaned,cfeed0578197895faa7e1000c7da8aefefb58f0bb660d41860d294c4ba8f3e7a,,a6aab9065c4c80b0e0a99db35b3272bb464393b645ad566ce9ff62999e7f5d31,do-close-request-2022cc8ebb9afc8208838fb292c2,7ddf7e4ba8deedb0f82aac899bf4235b038344ea309069da539803fa3bc5ef21,a6aab9065c4c80b0e0a99db35b3272bb464393b645ad566ce9ff62999e7f5d31,2.8207595289568417,,32,tokens,225780e55cb45a565ef931202fc2bccae6967d79f6757457bca4d0aa64bd4ca5,,do-hosted-closure-20260825-r1,digitalocean_public_request_v2,True,exact_text,,False,do-close-request-64f599fa6d0bc87498920fdb1fee,do-close-cell-7ddf7e4ba8deedb0f82aac899bf4235b038344ea309069da539803fa3bc5ef21,False,20,matched_control_closure,do-hosted-closure-20260825-r1,direct_completion,,2026-08-25T00:27:36.541617+00:00,success,32,reasoning,streamed,2.317986177979037,,,cap-extended-3,False,valid_ordinary,[],True,0.5030996709829196,parameter_interactions,request_declared
,0,,True,,32,cache_hit_observed,8b66f3fed616343a7c9d97741208e5a21de115c50305b38370a86796a61968de,,,realized-output-4096,,accepted,do-close-cell-63c9f24ba49e6c9ef9f8f98889d28f8ee2f4d88e6412932e2daeff08c90dcc1b,1,,,True,accepted,True,"[""output_length""]",,,2026-08-25T00:27:39.393615+00:00,minimax-m2.5,,,0.0049347,,length,False,71.9299920059857,False,0.4739847420132719,200,65,56.94425768404297,False,False,,,False,,request_payload_sha256_mismatch,4096,56.69442281147997,billed_completion_tokens_over_request_minus_streamed_ttft_proxy,probe,,,,,56.69442281147997,72.24696534295799,False,,True,0.0,True,False,0.47429334302432835,orphaned,63c9f24ba49e6c9ef9f8f98889d28f8ee2f4d88e6412932e2daeff08c90dcc1b,,83fbc7738ec57e013d27d80a2016e6daaace9c9bd386c11454133f7594141820,do-close-request-5dd372c4fbbfce25095565122720,63c9f24ba49e6c9ef9f8f98889d28f8ee2f4d88e6412932e2daeff08c90dcc1b,83fbc7738ec57e013d27d80a2016e6daaace9c9bd386c11454133f7594141820,72.72125868598232,,4096,tokens,31721a6629ffd340a05a210d1c1e02cee23774edd4f4e5f9ac27a24806434cd6,,do-hosted-closure-20260825-r1,digitalocean_public_request_v2,True,controlled_words,,True,do-close-request-5dd372c4fbbfce25095565122720,do-close-cell-63c9f24ba49e6c9ef9f8f98889d28f8ee2f4d88e6412932e2daeff08c90dcc1b,False,65,matched_control_closure,do-hosted-closure-20260825-r1,direct_completion,,2026-08-25T00:26:26.671699+00:00,success,4096,reasoning,streamed,72.24727394396905,,,realized-output-4096,False,valid_ordinary,[],True,0.47429334302432835,output_length,request_declared
,0,,True,,0,cache_miss_observed,8b66f3fed616343a7c9d97741208e5a21de115c50305b38370a86796a61968de,,,cap-pairwise-20,,,do-close-cell-fbc4d1a82d6717efaa9ec40ac97f559f11510f2f15bbdb8ffbbdfefa1fd92630,1,,,True,,,"[""parameter_interactions""]",,,2026-08-25T00:27:39.519266+00:00,glm-5.2,,,8.510000000000001e-05,,length,False,0.6040834820014425,False,2.1635848080040887,200,21,52.972810800881305,False,False,,,False,,request_payload_sha256_mismatch,32,49.74312402028617,billed_completion_tokens_over_request_minus_streamed_ttft_proxy,control_after,,,,,49.74312402028617,0.6433049920015037,True,9.704672521624662,True,0.0,True,False,2.163906092988327,orphaned,1705f33009e6cc8b0e69850d24d2251c550758f930ef19c37db169195d1f04c4,,93fba5e993fca3e13a62ae8e2e5ff953aa4ec91a0a25f071040715d129029272,do-close-request-102919a4c6acc1f3cb3215d62915,fbc4d1a82d6717efaa9ec40ac97f559f11510f2f15bbdb8ffbbdfefa1fd92630,93fba5e993fca3e13a62ae8e2e5ff953aa4ec91a0a25f071040715d129029272,2.807211084989831,,32,tokens,1725747d3dce913a3f9c7a2c4ea63b20ae1867ec18b65e0da0272002afebc5a7,,do-hosted-closure-20260825-r1,digitalocean_public_request_v2,True,exact_text,,False,do-close-request-0643d97550d02dc49514ba42aa04,do-close-cell-fbc4d1a82d6717efaa9ec40ac97f559f11510f2f15bbdb8ffbbdfefa1fd92630,False,21,matched_control_closure,do-hosted-closure-20260825-r1,direct_completion,,2026-08-25T00:27:36.711668+00:00,success,12,reasoning,streamed,0.6436262769857422,,,cap-pairwise-20,False,valid_ordinary,[],True,2.163906092988327,parameter_interactions,request_declared
,0,,False,,,not_reported_unknown,8b66f3fed616343a7c9d97741208e5a21de115c50305b38370a86796a61968de,,,extended-parameters-3,,inconclusive,do-close-cell-7ddf7e4ba8deedb0f82aac899bf4235b038344ea309069da539803fa3bc5ef21,1,,,True,matched_control_inconclusive,False,"[""parameter_interactions""]",,,2026-08-25T00:27:39.745672+00:00,qwen3.5-397b-a17b,,ProviderHTTPError,0.00066565,,,False,,False,,400,,,False,False,,,False,,request_payload_sha256_mismatch,,,,probe,,,,,,,False,,True,0.0,True,False,,orphaned,cfeed0578197895faa7e1000c7da8aefefb58f0bb660d41860d294c4ba8f3e7a,,ee1e1d734a90b1cf4567b9057dc927150dfe516081d043b053510cdefb1abdb5,do-close-request-64f599fa6d0bc87498920fdb1fee,7ddf7e4ba8deedb0f82aac899bf4235b038344ea309069da539803fa3bc5ef21,ee1e1d734a90b1cf4567b9057dc927150dfe516081d043b053510cdefb1abdb5,0.37740513804601505,,64,tokens,,,do-hosted-closure-20260825-r1,digitalocean_public_request_v2,False,transport,,True,do-close-request-64f599fa6d0bc87498920fdb1fee,do-close-cell-7ddf7e4ba8deedb0f82aac899bf4235b038344ea309069da539803fa3bc5ef21,False,,matched_control_closure,do-hosted-closure-20260825-r1,direct_completion,,2026-08-25T00:27:39.368209+00:00,client_rejection,,,unknown,,,,cap-extended-3,False,invalid_or_censored,"[""not_streamed_ttft_unobservable""]",False,,parameter_interactions,request_declared
,0,,True,,0,cache_miss_observed,8b66f3fed616343a7c9d97741208e5a21de115c50305b38370a86796a61968de,,,cap-pairwise-15,,,do-close-cell-9955d53b04a53d5b10db579c7675821344976e0e73adb1791aacce30c360bc9d,1,,,True,,,"[""parameter_interactions""]",,,2026-08-25T00:27:40.204646+00:00,qwen3.8-max,,,9.8e-05,,stop,True,0.10286834801081568,True,0.6368030669982545,200,22,87.49046887633241,False,False,,,False,,request_payload_sha256_mismatch,9,55.843621430906374,billed_completion_tokens_over_request_minus_streamed_ttft_proxy,control_before,,,,,55.843621430906374,0.16116433299612254,True,34.531581187355194,True,1.0,True,False,0.6370979620260186,orphaned,070afddae65dc113acc2cae145b8b141c348c60e7a23da8df2da343712de9eda,,cf2ec9a4c8966784de27532359e9f4d31b6110adae30193f1e0f4c2005a4eb5b,do-close-request-f64496774b504d2a0bfe28cd8cac,9955d53b04a53d5b10db579c7675821344976e0e73adb1791aacce30c360bc9d,cf2ec9a4c8966784de27532359e9f4d31b6110adae30193f1e0f4c2005a4eb5b,0.7982622950221412,,32,tokens,87b58ed7885786e29f2d8664a42081c380968158569cc3f6e8aeb9b8df8b58a7,,do-hosted-closure-20260825-r1,digitalocean_public_request_v2,True,exact_text,,False,do-close-request-f9a3461624f8f5a0074b0fbf4742,do-close-cell-9955d53b04a53d5b10db579c7675821344976e0e73adb1791aacce30c360bc9d,False,22,matched_control_closure,do-hosted-closure-20260825-r1,direct_completion,,2026-08-25T00:27:39.406007+00:00,success,8,content,streamed,0.16145922802388668,,,cap-pairwise-15,False,valid_ordinary,[],True,0.6370979620260186,parameter_interactions,request_declared
,0,,True,,0,cache_miss_observed,8b66f3fed616343a7c9d97741208e5a21de115c50305b38370a86796a61968de,,,cap-pairwise-21,,,do-close-cell-7a205a59b8623d14546e36e461e0b280cbf31aea48303522afcf8a5dc50cd210,1,,,True,,,"[""parameter_interactions""]",,,2026-08-25T00:27:40.847457+00:00,glm-5.2,,,8.37e-05,,length,False,0.8637282180134207,False,0.41856417298549786,200,19,37.04869116537626,False,False,,,False,,request_payload_sha256_mismatch,32,35.475136220167364,billed_completion_tokens_over_request_minus_streamed_ttft_proxy,control_before,,,,,35.475136220167364,0.9020402290043421,True,45.34350106266392,True,0.0,True,False,0.41902366501744837,orphaned,e4b1948ac5889f9bf4df07856c988443112def11b57b3220650741aaeff26437,,0a3355589283ed31e3c46f3eb65d722b618bebf1331a3410ac7e9b2b871f7d5b,do-close-request-bc52ae71a2b51b5f951e2b9a6c1b,7a205a59b8623d14546e36e461e0b280cbf31aea48303522afcf8a5dc50cd210,0a3355589283ed31e3c46f3eb65d722b618bebf1331a3410ac7e9b2b871f7d5b,1.3210638940217905,,32,tokens,105d8f780905254455c38a57708a9a621376060f11c93d6bc2d86f5687d069c3,,do-hosted-closure-20260825-r1,digitalocean_public_request_v2,True,exact_text,,False,do-close-request-d2f6e4011199c818c9c06b658ae0,do-close-cell-7a205a59b8623d14546e36e461e0b280cbf31aea48303522afcf8a5dc50cd210,False,19,matched_control_closure,do-hosted-closure-20260825-r1,direct_completion,,2026-08-25T00:27:39.526061+00:00,success,10,reasoning,streamed,0.9024997210362926,,,cap-pairwise-21,False,valid_ordinary,[],True,0.41902366501744837,parameter_interactions,request_declared
,0,,False,,,not_reported_unknown,8b66f3fed616343a7c9d97741208e5a21de115c50305b38370a86796a61968de,,,cap-pairwise-21,,inconclusive,do-close-cell-7a205a59b8623d14546e36e461e0b280cbf31aea48303522afcf8a5dc50cd210,1,,,True,matched_control_inconclusive,False,"[""parameter_interactions""]",,,2026-08-25T00:27:41.173082+00:00,glm-5.2,,ProviderHTTPError,0.0010109,,,False,,False,,400,,,False,False,,,False,,request_payload_sha256_mismatch,,,,probe,,,,,,,False,,True,0.0,True,False,,orphaned,e4b1948ac5889f9bf4df07856c988443112def11b57b3220650741aaeff26437,,73e3a65cd9c8a95b599bf88301b6ec3237acee8792834275277353dacb856d18,do-close-request-d2f6e4011199c818c9c06b658ae0,7a205a59b8623d14546e36e461e0b280cbf31aea48303522afcf8a5dc50cd210,73e3a65cd9c8a95b599bf88301b6ec3237acee8792834275277353dacb856d18,0.3199373470270075,,64,tokens,,,do-hosted-closure-20260825-r1,digitalocean_public_request_v2,False,transport,,True,do-close-request-d2f6e4011199c818c9c06b658ae0,do-close-cell-7a205a59b8623d14546e36e461e0b280cbf31aea48303522afcf8a5dc50cd210,False,,matched_control_closure,do-hosted-closure-20260825-r1,direct_completion,,2026-08-25T00:27:40.853089+00:00,client_rejection,,,unknown,,,,cap-pairwise-21,False,invalid_or_censored,"[""not_streamed_ttft_unobservable""]",False,,parameter_interactions,request_declared
,0,,True,,0,cache_miss_observed,8b66f3fed616343a7c9d97741208e5a21de115c50305b38370a86796a61968de,,,cap-pairwise-21,,,do-close-cell-7a205a59b8623d14546e36e461e0b280cbf31aea48303522afcf8a5dc50cd210,1,,,True,,,"[""parameter_interactions""]",,,2026-08-25T00:27:42.037568+00:00,glm-5.2,,,8.37e-05,,length,False,0.4214809469995089,False,0.4328045720467344,200,19,75.92276763114819,False,False,,,False,,request_payload_sha256_mismatch,32,75.17897900513974,billed_completion_tokens_over_request_minus_streamed_ttft_proxy,control_after,,,,,75.17897900513974,0.4256508990074508,True,43.86060095194517,True,0.0,True,False,0.4331905990256928,orphaned,e4b1948ac5889f9bf4df07856c988443112def11b57b3220650741aaeff26437,,8a3d22a8d0805d0a3cd2b54ca3d1b5497d466c0254eab300b2fce244e3d22b14,do-close-request-eff128f16fc7e379019110b3ae8d,7a205a59b8623d14546e36e461e0b280cbf31aea48303522afcf8a5dc50cd210,8a3d22a8d0805d0a3cd2b54ca3d1b5497d466c0254eab300b2fce244e3d22b14,0.8588414980331436,,32,tokens,e571a14decfc35ed176cf311a088e35632248a99abe20d0139d69bbb9e0292bc,,do-hosted-closure-20260825-r1,digitalocean_public_request_v2,True,exact_text,,False,do-close-request-d2f6e4011199c818c9c06b658ae0,do-close-cell-7a205a59b8623d14546e36e461e0b280cbf31aea48303522afcf8a5dc50cd210,False,19,matched_control_closure,do-hosted-closure-20260825-r1,direct_completion,,2026-08-25T00:27:41.177958+00:00,success,10,reasoning,streamed,0.4260369259864092,,,cap-pairwise-21,False,valid_ordinary,[],True,0.4331905990256928,parameter_interactions,request_declared
,0,,True,,0,cache_miss_observed,8b66f3fed616343a7c9d97741208e5a21de115c50305b38370a86796a61968de,,,extended-parameters-3,,,do-close-cell-7ddf7e4ba8deedb0f82aac899bf4235b038344ea309069da539803fa3bc5ef21,1,,,True,,,"[""parameter_interactions""]",,,2026-08-25T00:27:42.754077+00:00,qwen3.5-397b-a17b,,,0.000123,,length,False,2.3464129299973138,False,0.6095348090166226,200,20,13.637838247011635,False,False,,,False,,request_payload_sha256_mismatch,32,13.371588327664591,billed_completion_tokens_over_request_minus_streamed_ttft_proxy,control_after,,,,,13.371588327664591,2.3931338010006584,True,32.794855041047946,True,0.0,True,False,0.6098517579957843,orphaned,cfeed0578197895faa7e1000c7da8aefefb58f0bb660d41860d294c4ba8f3e7a,,573181706fb3433b56c5af3b53503001c85b5c539e492065513001e0a8e96cb5,do-close-request-335d78b2fd5bf4aecef886f262ea,7ddf7e4ba8deedb0f82aac899bf4235b038344ea309069da539803fa3bc5ef21,573181706fb3433b56c5af3b53503001c85b5c539e492065513001e0a8e96cb5,3.0029855589964427,,32,tokens,225780e55cb45a565ef931202fc2bccae6967d79f6757457bca4d0aa64bd4ca5,,do-hosted-closure-20260825-r1,digitalocean_public_request_v2,True,exact_text,,False,do-close-request-64f599fa6d0bc87498920fdb1fee,do-close-cell-7ddf7e4ba8deedb0f82aac899bf4235b038344ea309069da539803fa3bc5ef21,False,20,matched_control_closure,do-hosted-closure-20260825-r1,direct_completion,,2026-08-25T00:27:39.750743+00:00,success,32,reasoning,streamed,2.39345074997982,,,cap-extended-3,False,valid_ordinary,[],True,0.6098517579957843,parameter_interactions,request_declared
,0,,True,,0,cache_miss_observed,8b66f3fed616343a7c9d97741208e5a21de115c50305b38370a86796a61968de,,,cap-pairwise-22,,,do-close-cell-9d7ebd065b5bbd9fd8df83d8bc6da7e71735a2f5297d82519da42caec0a6ae99,1,,,True,,,"[""parameter_interactions""]",,,2026-08-25T00:27:42.780629+00:00,glm-5.2,,,8.510000000000001e-05,,length,False,0.3205931900301948,False,0.40434449299937114,200,21,99.81497110710963,False,False,,,False,,request_payload_sha256_mismatch,32,96.65709356886838,billed_completion_tokens_over_request_minus_streamed_ttft_proxy,control_before,,,,,96.65709356886838,0.3310672690276988,True,51.90308917117798,True,0.0,True,False,0.40460019500460476,orphaned,4a38e45258b19e08c225b11ac2a6cafa8781cb1d5bd23b9010670c8e223fcce2,,35bbe6778ab437bc2b0e0c127ee465da2a5a6595f31421ec964aa50afe06a0b3,do-close-request-036e1d64ec970eba4a685fac1571,9d7ebd065b5bbd9fd8df83d8bc6da7e71735a2f5297d82519da42caec0a6ae99,35bbe6778ab437bc2b0e0c127ee465da2a5a6595f31421ec964aa50afe06a0b3,0.7356674640323035,,32,tokens,e9a00878db9ff6284c6d2fa24f95956946f848f4cd39fc1bf80a68a4bf10e9d5,,do-hosted-closure-20260825-r1,digitalocean_public_request_v2,True,exact_text,,False,do-close-request-bc94ba71d0a6cc4b6e086a7d10ea,do-close-cell-9d7ebd065b5bbd9fd8df83d8bc6da7e71735a2f5297d82519da42caec0a6ae99,False,21,matched_control_closure,do-hosted-closure-20260825-r1,direct_completion,,2026-08-25T00:27:42.044603+00:00,success,9,reasoning,streamed,0.3313229710329324,,,cap-pairwise-22,False,valid_ordinary,[],True,0.40460019500460476,parameter_interactions,request_declared
,0,,False,,,not_reported_unknown,8b66f3fed616343a7c9d97741208e5a21de115c50305b38370a86796a61968de,,,cap-pairwise-22,,inconclusive,do-close-cell-9d7ebd065b5bbd9fd8df83d8bc6da7e71735a2f5297d82519da42caec0a6ae99,1,,,True,matched_control_inconclusive,False,"[""parameter_interactions""]",,,2026-08-25T00:27:43.085912+00:00,glm-5.2,,ProviderHTTPError,0.00102,,,False,,False,,400,,,False,False,,,False,,request_payload_sha256_mismatch,,,,probe,,,,,,,False,,True,0.0,True,False,,orphaned,4a38e45258b19e08c225b11ac2a6cafa8781cb1d5bd23b9010670c8e223fcce2,,9dede1c185c7e6f47c3e4f7052e8ca8ae062a23aea040ba76d98dd3fab8e746f,do-close-request-bc94ba71d0a6cc4b6e086a7d10ea,9d7ebd065b5bbd9fd8df83d8bc6da7e71735a2f5297d82519da42caec0a6ae99,9dede1c185c7e6f47c3e4f7052e8ca8ae062a23aea040ba76d98dd3fab8e746f,0.3002951310481876,,64,tokens,,,do-hosted-closure-20260825-r1,digitalocean_public_request_v2,False,transport,,True,do-close-request-bc94ba71d0a6cc4b6e086a7d10ea,do-close-cell-9d7ebd065b5bbd9fd8df83d8bc6da7e71735a2f5297d82519da42caec0a6ae99,False,,matched_control_closure,do-hosted-closure-20260825-r1,direct_completion,,2026-08-25T00:27:42.785562+00:00,client_rejection,,,unknown,,,,cap-pairwise-22,False,invalid_or_censored,"[""not_streamed_ttft_unobservable""]",False,,parameter_interactions,request_declared
,0,,True,,0,cache_miss_observed,8b66f3fed616343a7c9d97741208e5a21de115c50305b38370a86796a61968de,,,cap-pairwise-22,,,do-close-cell-9d7ebd065b5bbd9fd8df83d8bc6da7e71735a2f5297d82519da42caec0a6ae99,1,,,True,,,"[""parameter_interactions""]",,,2026-08-25T00:27:45.023316+00:00,glm-5.2,,,8.510000000000001e-05,,length,False,1.360791800019797,False,0.5486491509946063,200,21,23.51572077340153,False,False,,,False,,request_payload_sha256_mismatch,32,23.146696222200337,billed_completion_tokens_over_request_minus_streamed_ttft_proxy,control_after,,,,,23.146696222200337,1.382486713991966,True,38.258940278437045,True,0.0,True,False,0.5488913139561191,orphaned,4a38e45258b19e08c225b11ac2a6cafa8781cb1d5bd23b9010670c8e223fcce2,,c614c80f3b532162fd4e67b567a87fe980fe1f47e656d4dd3c459bc646267d66,do-close-request-d5d298f200c715a0533c5f09a6f9,9d7ebd065b5bbd9fd8df83d8bc6da7e71735a2f5297d82519da42caec0a6ae99,c614c80f3b532162fd4e67b567a87fe980fe1f47e656d4dd3c459bc646267d66,1.9313780279480852,,32,tokens,f45e24c2b25c4ecb81cabf6b4c31890b1f5806206746d322aad34381cadc8611,,do-hosted-closure-20260825-r1,digitalocean_public_request_v2,True,exact_text,,False,do-close-request-bc94ba71d0a6cc4b6e086a7d10ea,do-close-cell-9d7ebd065b5bbd9fd8df83d8bc6da7e71735a2f5297d82519da42caec0a6ae99,False,21,matched_control_closure,do-hosted-closure-20260825-r1,direct_completion,,2026-08-25T00:27:43.091187+00:00,success,11,reasoning,streamed,1.382728876953479,,,cap-pairwise-22,False,valid_ordinary,[],True,0.5488913139561191,parameter_interactions,request_declared
,0,,True,,0,cache_miss_observed,8b66f3fed616343a7c9d97741208e5a21de115c50305b38370a86796a61968de,,,cap-pairwise-23,,,do-close-cell-f53aa39234c0ece2b7493189cbb7ddd9a9592ab571c733aae094afc56a396445,1,,,True,,,"[""structured_output""]",,,2026-08-25T00:27:45.937916+00:00,glm-5.2,,,8.580000000000001e-05,,length,False,0.386061592027545,False,0.48472643399145454,200,22,82.88832834144465,False,False,,,False,,request_payload_sha256_mismatch,32,75.77485363781092,billed_completion_tokens_over_request_minus_streamed_ttft_proxy,control_before,,,,,75.77485363781092,0.4223036860348657,True,45.361153869362205,True,0.0,True,False,0.484996480983682,orphaned,374d83fc1ac93e1d7b2fed8dc3ff21a9bd0e52acf2aa9dc53be121705ad119ba,,abc0e1aa1866200b886a923574ae3248ccb6124cff51197fe4af97b7912e09f9,do-close-request-b7173d728dc99c3f9f858dbc9225,f53aa39234c0ece2b7493189cbb7ddd9a9592ab571c733aae094afc56a396445,abc0e1aa1866200b886a923574ae3248ccb6124cff51197fe4af97b7912e09f9,0.9073001670185477,,32,tokens,b61e69e0fa4a1f50fe8b236678258485ab0a3bac1dfb76ace04de972c5b97e4d,,do-hosted-closure-20260825-r1,digitalocean_public_request_v2,True,exact_text,,False,do-close-request-62fb9f69fc437ae484f760c7f385,do-close-cell-f53aa39234c0ece2b7493189cbb7ddd9a9592ab571c733aae094afc56a396445,False,22,matched_control_closure,do-hosted-closure-20260825-r1,direct_completion,,2026-08-25T00:27:45.030258+00:00,success,10,reasoning,streamed,0.4225737330270931,,,cap-pairwise-23,False,valid_ordinary,[],True,0.484996480983682,structured_output,request_declared
,0,,True,,0,cache_miss_observed,8b66f3fed616343a7c9d97741208e5a21de115c50305b38370a86796a61968de,,,extended-parameters-4,,,do-close-cell-f788056896e10141a36d9ab5ae76091aeaaf7b9d7cb056dc466b06ef2abcae13,1,,,True,,,"[""parameter_interactions""]",,,2026-08-25T00:27:46.214629+00:00,qwen3.5-397b-a17b,,,0.000123,,length,False,2.5545819560065866,False,0.8765083290054463,200,20,12.526511402289687,False,False,,,False,,request_payload_sha256_mismatch,32,12.420721566481635,billed_completion_tokens_over_request_minus_streamed_ttft_proxy,control_before,,,,,12.420721566481635,2.5763398550334387,True,22.810432462483373,True,0.0,True,False,0.8767917939694598,orphaned,bbdc9cd026607072429ed6f656baaadb3e85d1ef1e06e94a5ff9f7656ab0d439,,19823284f66454528bc6d57bac75f7215498ae2cdf855a2abecd69cb4f8b75d0,do-close-request-8d22fb392eea050ffaf9dcead506,f788056896e10141a36d9ab5ae76091aeaaf7b9d7cb056dc466b06ef2abcae13,19823284f66454528bc6d57bac75f7215498ae2cdf855a2abecd69cb4f8b75d0,3.4531316490028985,,32,tokens,fc85028dcee22bf6542068592846503e92e8935ad8127c8a912df994efa5f446,,do-hosted-closure-20260825-r1,digitalocean_public_request_v2,True,exact_text,,False,do-close-request-08ffb695ae1386e490ec112f5968,do-close-cell-f788056896e10141a36d9ab5ae76091aeaaf7b9d7cb056dc466b06ef2abcae13,False,20,matched_control_closure,do-hosted-closure-20260825-r1,direct_completion,,2026-08-25T00:27:42.761140+00:00,success,32,reasoning,streamed,2.576623319997452,,,cap-extended-4,False,valid_ordinary,[],True,0.8767917939694598,parameter_interactions,request_declared
,0,,False,,,not_reported_unknown,8b66f3fed616343a7c9d97741208e5a21de115c50305b38370a86796a61968de,,,cap-pairwise-23,,inconclusive,do-close-cell-f53aa39234c0ece2b7493189cbb7ddd9a9592ab571c733aae094afc56a396445,1,,,True,matched_control_inconclusive,False,"[""structured_output""]",,,2026-08-25T00:27:46.298741+00:00,glm-5.2,,ProviderHTTPError,0.010087800000000001,,,False,,False,,400,,,False,False,,,False,,request_payload_sha256_mismatch,,,,probe,,,,,,,False,,True,0.0,True,False,,orphaned,374d83fc1ac93e1d7b2fed8dc3ff21a9bd0e52acf2aa9dc53be121705ad119ba,,39d7f2d34f1949af7c4645b5d11b8f32cea7f9d0e369b262d514e01a8732b344,do-close-request-62fb9f69fc437ae484f760c7f385,f53aa39234c0ece2b7493189cbb7ddd9a9592ab571c733aae094afc56a396445,39d7f2d34f1949af7c4645b5d11b8f32cea7f9d0e369b262d514e01a8732b344,0.3556693809805438,,4096,tokens,,,do-hosted-closure-20260825-r1,digitalocean_public_request_v2,False,transport,,True,do-close-request-62fb9f69fc437ae484f760c7f385,do-close-cell-f53aa39234c0ece2b7493189cbb7ddd9a9592ab571c733aae094afc56a396445,False,,matched_control_closure,do-hosted-closure-20260825-r1,direct_completion,,2026-08-25T00:27:45.943019+00:00,client_rejection,,,unknown,,,,cap-pairwise-23,False,invalid_or_censored,"[""not_streamed_ttft_unobservable""]",False,,structured_output,request_declared
,0,,False,,,not_reported_unknown,8b66f3fed616343a7c9d97741208e5a21de115c50305b38370a86796a61968de,,,extended-parameters-4,,inconclusive,do-close-cell-f788056896e10141a36d9ab5ae76091aeaaf7b9d7cb056dc466b06ef2abcae13,1,,,True,matched_control_inconclusive,False,"[""parameter_interactions""]",,,2026-08-25T00:27:46.558776+00:00,qwen3.5-397b-a17b,,ProviderHTTPError,0.00065575,,,False,,False,,400,,,False,False,,,False,,request_payload_sha256_mismatch,,,,probe,,,,,,,False,,True,0.0,True,False,,orphaned,bbdc9cd026607072429ed6f656baaadb3e85d1ef1e06e94a5ff9f7656ab0d439,,55cc35b072787def0a56e2e864d755ed8b5f9900bb021e590de2ab34c62a955d,do-close-request-08ffb695ae1386e490ec112f5968,f788056896e10141a36d9ab5ae76091aeaaf7b9d7cb056dc466b06ef2abcae13,55cc35b072787def0a56e2e864d755ed8b5f9900bb021e590de2ab34c62a955d,0.3383036790182814,,64,tokens,,,do-hosted-closure-20260825-r1,digitalocean_public_request_v2,False,transport,,True,do-close-request-08ffb695ae1386e490ec112f5968,do-close-cell-f788056896e10141a36d9ab5ae76091aeaaf7b9d7cb056dc466b06ef2abcae13,False,,matched_control_closure,do-hosted-closure-20260825-r1,direct_completion,,2026-08-25T00:27:46.220415+00:00,client_rejection,,,unknown,,,,cap-extended-4,False,invalid_or_censored,"[""not_streamed_ttft_unobservable""]",False,,parameter_interactions,request_declared
,0,,True,,0,cache_miss_observed,8b66f3fed616343a7c9d97741208e5a21de115c50305b38370a86796a61968de,,,extended-parameters-4,,,do-close-cell-f788056896e10141a36d9ab5ae76091aeaaf7b9d7cb056dc466b06ef2abcae13,1,,,True,,,"[""parameter_interactions""]",,,2026-08-25T00:27:49.520664+00:00,qwen3.5-397b-a17b,,,0.000123,,length,False,2.4064483559923247,False,0.5272367299767211,200,20,13.297605128452656,False,False,,,False,,request_payload_sha256_mismatch,32,13.175481045999419,billed_completion_tokens_over_request_minus_streamed_ttft_proxy,control_after,,,,,13.175481045999419,2.4287538260105066,True,37.91158513341549,True,0.0,True,False,0.5275432280031964,orphaned,bbdc9cd026607072429ed6f656baaadb3e85d1ef1e06e94a5ff9f7656ab0d439,,c796564d7ee904ec01d4eb18bd380b3ab7f1d4172a1ce13ac2a8de00be8c4c4b,do-close-request-fc6b47ecad019f422ca91ef88dd2,f788056896e10141a36d9ab5ae76091aeaaf7b9d7cb056dc466b06ef2abcae13,c796564d7ee904ec01d4eb18bd380b3ab7f1d4172a1ce13ac2a8de00be8c4c4b,2.956297054013703,,32,tokens,fc85028dcee22bf6542068592846503e92e8935ad8127c8a912df994efa5f446,,do-hosted-closure-20260825-r1,digitalocean_public_request_v2,True,exact_text,,False,do-close-request-08ffb695ae1386e490ec112f5968,do-close-cell-f788056896e10141a36d9ab5ae76091aeaaf7b9d7cb056dc466b06ef2abcae13,False,20,matched_control_closure,do-hosted-closure-20260825-r1,direct_completion,,2026-08-25T00:27:46.564000+00:00,success,32,reasoning,streamed,2.429060324036982,,,cap-extended-4,False,valid_ordinary,[],True,0.5275432280031964,parameter_interactions,request_declared
,0,,True,,0,cache_miss_observed,8b66f3fed616343a7c9d97741208e5a21de115c50305b38370a86796a61968de,,,extended-parameters-5,,,do-close-cell-a93a2c8982d344b48591e66fdac3b4037032877f28a1a3db38680ea2cdccf4fb,1,,,True,,,"[""parameter_interactions""]",,,2026-08-25T00:27:52.550242+00:00,qwen3.5-397b-a17b,,,0.00012245,,length,False,2.3989410900394432,False,0.5819172289920971,200,19,13.339218763172655,False,False,,,False,,request_payload_sha256_mismatch,32,13.113070568184652,billed_completion_tokens_over_request_minus_streamed_ttft_proxy,control_before,,,,,13.113070568184652,2.440313261002302,True,32.63395358597101,True,0.0,True,False,0.5822156959911808,orphaned,69d3a79a2c2e72099f083a776216e35f43627b99d727cf8a8f58f6741fc30907,,318800d8a72c75182538ad7970549d970f21b836dbdc8afd3fcad23a94b609d4,do-close-request-363d9355d1ee74f8e6cc8e94ae7c,a93a2c8982d344b48591e66fdac3b4037032877f28a1a3db38680ea2cdccf4fb,318800d8a72c75182538ad7970549d970f21b836dbdc8afd3fcad23a94b609d4,3.022528956993483,,32,tokens,b196835abba29c457359c5fb7b1858beb97c248c857cbf85b0465704334401b1,,do-hosted-closure-20260825-r1,digitalocean_public_request_v2,True,exact_text,,False,do-close-request-eec9fe0ab5443c6a8a76d22d54c2,do-close-cell-a93a2c8982d344b48591e66fdac3b4037032877f28a1a3db38680ea2cdccf4fb,False,19,matched_control_closure,do-hosted-closure-20260825-r1,direct_completion,,2026-08-25T00:27:49.527357+00:00,success,32,reasoning,streamed,2.440611728001386,,,cap-extended-5,False,valid_ordinary,[],True,0.5822156959911808,parameter_interactions,request_declared
,0,,False,,,not_reported_unknown,8b66f3fed616343a7c9d97741208e5a21de115c50305b38370a86796a61968de,,,extended-parameters-5,,inconclusive,do-close-cell-a93a2c8982d344b48591e66fdac3b4037032877f28a1a3db38680ea2cdccf4fb,1,,,True,matched_control_inconclusive,False,"[""parameter_interactions""]",,,2026-08-25T00:27:52.908455+00:00,qwen3.5-397b-a17b,,ProviderHTTPError,0.000664,,,False,,False,,400,,,False,False,,,False,,request_payload_sha256_mismatch,,,,probe,,,,,,,False,,True,0.0,True,False,,orphaned,69d3a79a2c2e72099f083a776216e35f43627b99d727cf8a8f58f6741fc30907,,e9f4ee371f6478c29b0aca1c84c9c2f73090d34e35282165d8407c63db00c1c0,do-close-request-eec9fe0ab5443c6a8a76d22d54c2,a93a2c8982d344b48591e66fdac3b4037032877f28a1a3db38680ea2cdccf4fb,e9f4ee371f6478c29b0aca1c84c9c2f73090d34e35282165d8407c63db00c1c0,0.3527247030287981,,64,tokens,,,do-hosted-closure-20260825-r1,digitalocean_public_request_v2,False,transport,,True,do-close-request-eec9fe0ab5443c6a8a76d22d54c2,do-close-cell-a93a2c8982d344b48591e66fdac3b4037032877f28a1a3db38680ea2cdccf4fb,False,,matched_control_closure,do-hosted-closure-20260825-r1,direct_completion,,2026-08-25T00:27:52.555678+00:00,client_rejection,,,unknown,,,,cap-extended-5,False,invalid_or_censored,"[""not_streamed_ttft_unobservable""]",False,,parameter_interactions,request_declared
,0,,True,,0,cache_miss_observed,8b66f3fed616343a7c9d97741208e5a21de115c50305b38370a86796a61968de,,,extended-parameters-5,,,do-close-cell-a93a2c8982d344b48591e66fdac3b4037032877f28a1a3db38680ea2cdccf4fb,1,,,True,,,"[""parameter_interactions""]",,,2026-08-25T00:27:56.249400+00:00,qwen3.5-397b-a17b,,,0.00012245,,length,False,2.424418392009102,False,0.8643228519940749,200,19,13.199041925053942,False,False,,,False,,request_payload_sha256_mismatch,32,12.959420487363465,billed_completion_tokens_over_request_minus_streamed_ttft_proxy,control_after,,,,,12.959420487363465,2.4692462160019204,True,21.975962134452175,True,0.0,True,False,0.8645810310263187,orphaned,69d3a79a2c2e72099f083a776216e35f43627b99d727cf8a8f58f6741fc30907,,942f0d31923c303727a43a5103f63c414a460a5cbb4ff9c8dd4d0cdc436ec5ef,do-close-request-ea95a1b9eb79754e59a09e23e33b,a93a2c8982d344b48591e66fdac3b4037032877f28a1a3db38680ea2cdccf4fb,942f0d31923c303727a43a5103f63c414a460a5cbb4ff9c8dd4d0cdc436ec5ef,3.333827247028239,,32,tokens,b196835abba29c457359c5fb7b1858beb97c248c857cbf85b0465704334401b1,,do-hosted-closure-20260825-r1,digitalocean_public_request_v2,True,exact_text,,False,do-close-request-eec9fe0ab5443c6a8a76d22d54c2,do-close-cell-a93a2c8982d344b48591e66fdac3b4037032877f28a1a3db38680ea2cdccf4fb,False,19,matched_control_closure,do-hosted-closure-20260825-r1,direct_completion,,2026-08-25T00:27:52.913912+00:00,success,32,reasoning,streamed,2.469504395034164,,,cap-extended-5,False,valid_ordinary,[],True,0.8645810310263187,parameter_interactions,request_declared
,0,,True,,0,cache_miss_observed,8b66f3fed616343a7c9d97741208e5a21de115c50305b38370a86796a61968de,,,cap-pairwise-23,,,do-close-cell-f53aa39234c0ece2b7493189cbb7ddd9a9592ab571c733aae094afc56a396445,1,,,True,,,"[""structured_output""]",,,2026-08-25T00:27:57.071505+00:00,glm-5.2,,,8.580000000000001e-05,,length,False,9.507787535956595,False,1.2038268320029601,200,22,3.3656620826856143,False,False,,,False,,request_payload_sha256_mismatch,32,3.3461815113907365,billed_completion_tokens_over_request_minus_streamed_ttft_proxy,control_after,,,,,3.3461815113907365,9.563139324949589,True,18.270955999631678,True,0.0,True,False,1.2040968190412968,orphaned,374d83fc1ac93e1d7b2fed8dc3ff21a9bd0e52acf2aa9dc53be121705ad119ba,,74e01b798dc88b74676ebe860edf89de47ad9587e7649018338a0c5b5bd02ff7,do-close-request-ea8ae720cb1bc87cc3f0fc912d4c,f53aa39234c0ece2b7493189cbb7ddd9a9592ab571c733aae094afc56a396445,74e01b798dc88b74676ebe860edf89de47ad9587e7649018338a0c5b5bd02ff7,10.767236143990885,,32,tokens,663b89eea73b2e7b2205d148ba9dbb9f071b2d8f0ee2bf3a2acaf2ddb3485879,,do-hosted-closure-20260825-r1,digitalocean_public_request_v2,True,exact_text,,False,do-close-request-62fb9f69fc437ae484f760c7f385,do-close-cell-f53aa39234c0ece2b7493189cbb7ddd9a9592ab571c733aae094afc56a396445,False,22,matched_control_closure,do-hosted-closure-20260825-r1,direct_completion,,2026-08-25T00:27:46.303496+00:00,success,15,reasoning,streamed,9.563409311987925,,,cap-pairwise-23,False,valid_ordinary,[],True,1.2040968190412968,structured_output,request_declared
,0,,True,,0,cache_miss_observed,8b66f3fed616343a7c9d97741208e5a21de115c50305b38370a86796a61968de,,,extended-parameters-6,,,do-close-cell-4a78b4a06a77da7123946061f7ac7ec3344c753ceafe41ad9d4ec284ee149066,1,,,True,,,"[""parameter_interactions""]",,,2026-08-25T00:27:59.228259+00:00,qwen3.5-397b-a17b,,,0.00012355,,length,False,2.454480455024168,False,0.4907941019628197,200,21,13.037382283691851,False,False,,,False,,request_payload_sha256_mismatch,32,12.913032041034857,billed_completion_tokens_over_request_minus_streamed_ttft_proxy,control_before,,,,,12.913032041034857,2.4781166730099358,True,42.76215963766843,True,0.0,True,False,0.49108838697429746,orphaned,2769279308eb51b193bc753640e618d478839a9e196c739bc85326a8f9a23f3e,,6ba5277c238d1c618b62a92e3f37aa8b3fd2b96707809fe0c9860268dac70a0b,do-close-request-137a48b92cfc19e786e6007b98fd,4a78b4a06a77da7123946061f7ac7ec3344c753ceafe41ad9d4ec284ee149066,6ba5277c238d1c618b62a92e3f37aa8b3fd2b96707809fe0c9860268dac70a0b,2.9692050599842332,,32,tokens,d56fdd9b027c01f4452ba6d3692160cefbb6791428c5ed566e7f2cfdb23617fb,,do-hosted-closure-20260825-r1,digitalocean_public_request_v2,True,exact_text,,False,do-close-request-6d43e764b3e4aedd5f2d694e96dd,do-close-cell-4a78b4a06a77da7123946061f7ac7ec3344c753ceafe41ad9d4ec284ee149066,False,21,matched_control_closure,do-hosted-closure-20260825-r1,direct_completion,,2026-08-25T00:27:56.257373+00:00,success,32,reasoning,streamed,2.4784109580214135,,,cap-extended-6,False,valid_ordinary,[],True,0.49108838697429746,parameter_interactions,request_declared
,0,,False,,,not_reported_unknown,8b66f3fed616343a7c9d97741208e5a21de115c50305b38370a86796a61968de,,,extended-parameters-6,,inconclusive,do-close-cell-4a78b4a06a77da7123946061f7ac7ec3344c753ceafe41ad9d4ec284ee149066,1,,,True,matched_control_inconclusive,False,"[""parameter_interactions""]",,,2026-08-25T00:28:00.130935+00:00,qwen3.5-397b-a17b,,ProviderHTTPError,0.0006546500000000001,,,False,,False,,400,,,False,False,,,False,,request_payload_sha256_mismatch,,,,probe,,,,,,,False,,True,0.0,True,False,,orphaned,2769279308eb51b193bc753640e618d478839a9e196c739bc85326a8f9a23f3e,,014d9e545c0151f8093296a2793eb7b3084a53af14aed45b2565810c79800564,do-close-request-6d43e764b3e4aedd5f2d694e96dd,4a78b4a06a77da7123946061f7ac7ec3344c753ceafe41ad9d4ec284ee149066,014d9e545c0151f8093296a2793eb7b3084a53af14aed45b2565810c79800564,0.8973916899994947,,64,tokens,,,do-hosted-closure-20260825-r1,digitalocean_public_request_v2,False,transport,,True,do-close-request-6d43e764b3e4aedd5f2d694e96dd,do-close-cell-4a78b4a06a77da7123946061f7ac7ec3344c753ceafe41ad9d4ec284ee149066,False,,matched_control_closure,do-hosted-closure-20260825-r1,direct_completion,,2026-08-25T00:27:59.233489+00:00,client_rejection,,,unknown,,,,cap-extended-6,False,invalid_or_censored,"[""not_streamed_ttft_unobservable""]",False,,parameter_interactions,request_declared
,0,,True,,0,cache_miss_observed,8b66f3fed616343a7c9d97741208e5a21de115c50305b38370a86796a61968de,,,extended-parameters-6,,,do-close-cell-4a78b4a06a77da7123946061f7ac7ec3344c753ceafe41ad9d4ec284ee149066,1,,,True,,,"[""parameter_interactions""]",,,2026-08-25T00:28:03.016320+00:00,qwen3.5-397b-a17b,,,0.00012355,,length,False,2.309273607970681,False,0.5327734890161082,200,21,13.85717131549458,False,False,,,False,,request_payload_sha256_mismatch,32,13.6376206124524,billed_completion_tokens_over_request_minus_streamed_ttft_proxy,control_after,,,,,13.6376206124524,2.3464503749855794,True,39.39232506278274,True,0.0,True,False,0.5330987690249458,orphaned,2769279308eb51b193bc753640e618d478839a9e196c739bc85326a8f9a23f3e,,4761bfb0c0c8b4955814a5ba7dba0185e48fef9c6e6fab80d1fa0339eb9c2e3f,do-close-request-7d8384016649c6aec93f14a6e770,4a78b4a06a77da7123946061f7ac7ec3344c753ceafe41ad9d4ec284ee149066,4761bfb0c0c8b4955814a5ba7dba0185e48fef9c6e6fab80d1fa0339eb9c2e3f,2.879549144010525,,32,tokens,d56fdd9b027c01f4452ba6d3692160cefbb6791428c5ed566e7f2cfdb23617fb,,do-hosted-closure-20260825-r1,digitalocean_public_request_v2,True,exact_text,,False,do-close-request-6d43e764b3e4aedd5f2d694e96dd,do-close-cell-4a78b4a06a77da7123946061f7ac7ec3344c753ceafe41ad9d4ec284ee149066,False,21,matched_control_closure,do-hosted-closure-20260825-r1,direct_completion,,2026-08-25T00:28:00.136422+00:00,success,32,reasoning,streamed,2.346775654994417,,,cap-extended-6,False,valid_ordinary,[],True,0.5330987690249458,parameter_interactions,request_declared
,0,,True,,0,cache_miss_observed,8b66f3fed616343a7c9d97741208e5a21de115c50305b38370a86796a61968de,,,max-tokens-high,,,do-close-cell-f9e837e4d8036514096e2c35ceb0b50eb836a670c8ca183c703dc56da79d139b,1,,,True,,,"[""output_length""]",,,2026-08-25T00:28:07.307705+00:00,qwen3.5-397b-a17b,,,0.00012355,,length,False,2.878691991965752,False,1.3836340440320782,200,21,11.116159731332836,False,False,,,False,,request_payload_sha256_mismatch,32,11.036989849072889,billed_completion_tokens_over_request_minus_streamed_ttft_proxy,control_before,,,,,11.036989849072889,2.8993412549607456,True,15.173887460602641,True,0.0,True,False,1.3839564880472608,orphaned,097a334127f6e430d70ab6e0728f9349c97be301769332ccd69c11a182a4ac22,,c280e661a77d9143b31e36ef38336146354ccf2eb1fe3ad2790ba4e73774cc48,do-close-request-5d40d53332feee9e26c148f9f360,f9e837e4d8036514096e2c35ceb0b50eb836a670c8ca183c703dc56da79d139b,c280e661a77d9143b31e36ef38336146354ccf2eb1fe3ad2790ba4e73774cc48,4.283297743008006,,32,tokens,66570c77aabdad73a03b4f9dc647c6610411ee96e7063236cdc116be468814de,,do-hosted-closure-20260825-r1,digitalocean_public_request_v2,True,exact_text,,False,do-close-request-3d271f38c948b24f671d4a3726d4,do-close-cell-f9e837e4d8036514096e2c35ceb0b50eb836a670c8ca183c703dc56da79d139b,False,21,matched_control_closure,do-hosted-closure-20260825-r1,direct_completion,,2026-08-25T00:28:03.023634+00:00,success,32,reasoning,streamed,2.899663698975928,,,cap-max-tokens-high,False,valid_ordinary,[],True,1.3839564880472608,output_length,request_declared
,0,,False,,,not_reported_unknown,8b66f3fed616343a7c9d97741208e5a21de115c50305b38370a86796a61968de,,,max-tokens-high,,inconclusive,do-close-cell-f9e837e4d8036514096e2c35ceb0b50eb836a670c8ca183c703dc56da79d139b,1,,,True,matched_control_inconclusive,False,"[""output_length""]",,,2026-08-25T00:28:07.675627+00:00,qwen3.5-397b-a17b,,ProviderHTTPError,0.45913370000000003,,,False,,False,,400,,,False,False,,,False,,request_payload_sha256_mismatch,,,,probe,,,,,,,False,,True,0.0,True,False,,orphaned,097a334127f6e430d70ab6e0728f9349c97be301769332ccd69c11a182a4ac22,,f6e9f82d8136fe8d15235cfc3785e4afaf69068defa803c86fd849a8fd40cb08,do-close-request-3d271f38c948b24f671d4a3726d4,f9e837e4d8036514096e2c35ceb0b50eb836a670c8ca183c703dc56da79d139b,f6e9f82d8136fe8d15235cfc3785e4afaf69068defa803c86fd849a8fd40cb08,0.3625825499766506,,131072,tokens,,,do-hosted-closure-20260825-r1,digitalocean_public_request_v2,False,transport,,True,do-close-request-3d271f38c948b24f671d4a3726d4,do-close-cell-f9e837e4d8036514096e2c35ceb0b50eb836a670c8ca183c703dc56da79d139b,False,,matched_control_closure,do-hosted-closure-20260825-r1,direct_completion,,2026-08-25T00:28:07.312967+00:00,client_rejection,,,unknown,,,,cap-max-tokens-high,False,invalid_or_censored,"[""not_streamed_ttft_unobservable""]",False,,output_length,request_declared
,0,,True,,0,cache_miss_observed,8b66f3fed616343a7c9d97741208e5a21de115c50305b38370a86796a61968de,,,cap-pairwise-24,,,do-close-cell-2556ae59ac6e0533c5837a698dbabf1728e4eaf5ec45f2d997bcd937cbbe86c7,1,,,True,,,"[""parameter_interactions""]",,,2026-08-25T00:28:07.815067+00:00,glm-5.2,,,8.510000000000001e-05,,length,False,9.990459010004997,False,0.7380079029826447,200,21,3.203056032556005,False,False,,,False,,request_payload_sha256_mismatch,32,3.2011103278444364,billed_completion_tokens_over_request_minus_streamed_ttft_proxy,control_before,,,,,3.2011103278444364,9.996531429002061,True,28.443736011583237,True,0.0,True,False,0.7382996379747055,orphaned,761cb5d46ce6d6c8bcb1583d2812f7d04de8ce7fdc17fbd3fe7c294cc380ca2b,,11854a2d515eeb37d5cf9b8051dfd5c0867152f453b66052f81fade25d73b912,do-close-request-939ea2b474f54343b1edf58294d8,2556ae59ac6e0533c5837a698dbabf1728e4eaf5ec45f2d997bcd937cbbe86c7,11854a2d515eeb37d5cf9b8051dfd5c0867152f453b66052f81fade25d73b912,10.734831066976767,,32,tokens,bc12bef77fbc8e3abaf0d53eeb92c6d8eee9bdfbf51407bd5e0b0af9c4ec106d,,do-hosted-closure-20260825-r1,digitalocean_public_request_v2,True,exact_text,,False,do-close-request-40e706aa7d858d09746c7a72ee7f,do-close-cell-2556ae59ac6e0533c5837a698dbabf1728e4eaf5ec45f2d997bcd937cbbe86c7,False,21,matched_control_closure,do-hosted-closure-20260825-r1,direct_completion,,2026-08-25T00:27:57.079884+00:00,success,11,reasoning,streamed,9.996823163994122,,,cap-pairwise-24,False,valid_ordinary,[],True,0.7382996379747055,parameter_interactions,request_declared
,0,,False,,,not_reported_unknown,8b66f3fed616343a7c9d97741208e5a21de115c50305b38370a86796a61968de,,,cap-pairwise-24,,inconclusive,do-close-cell-2556ae59ac6e0533c5837a698dbabf1728e4eaf5ec45f2d997bcd937cbbe86c7,1,,,True,matched_control_inconclusive,False,"[""parameter_interactions""]",,,2026-08-25T00:28:08.195451+00:00,glm-5.2,,ProviderHTTPError,0.0020378,,,False,,False,,400,,,False,False,,,False,,request_payload_sha256_mismatch,,,,probe,,,,,,,False,,True,0.0,True,False,,orphaned,761cb5d46ce6d6c8bcb1583d2812f7d04de8ce7fdc17fbd3fe7c294cc380ca2b,,b9d4efc60969a381bdf51ee3af12d121145d9338b68aeffe693dc54214dc8edc,do-close-request-40e706aa7d858d09746c7a72ee7f,2556ae59ac6e0533c5837a698dbabf1728e4eaf5ec45f2d997bcd937cbbe86c7,b9d4efc60969a381bdf51ee3af12d121145d9338b68aeffe693dc54214dc8edc,0.37525523896329105,,512,tokens,,,do-hosted-closure-20260825-r1,digitalocean_public_request_v2,False,transport,,True,do-close-request-40e706aa7d858d09746c7a72ee7f,do-close-cell-2556ae59ac6e0533c5837a698dbabf1728e4eaf5ec45f2d997bcd937cbbe86c7,False,,matched_control_closure,do-hosted-closure-20260825-r1,direct_completion,,2026-08-25T00:28:07.820142+00:00,client_rejection,,,unknown,,,,cap-pairwise-24,False,invalid_or_censored,"[""not_streamed_ttft_unobservable""]",False,,parameter_interactions,request_declared
,0,,True,,0,cache_miss_observed,8b66f3fed616343a7c9d97741208e5a21de115c50305b38370a86796a61968de,,,max-tokens-high,,,do-close-cell-f9e837e4d8036514096e2c35ceb0b50eb836a670c8ca183c703dc56da79d139b,1,,,True,,,"[""output_length""]",,,2026-08-25T00:28:11.055622+00:00,qwen3.5-397b-a17b,,,0.00012355,,length,False,2.741121973027475,False,0.6118505110498518,200,21,11.674051835299068,False,False,,,False,,request_payload_sha256_mismatch,32,11.584429677487847,billed_completion_tokens_over_request_minus_streamed_ttft_proxy,control_after,,,,,11.584429677487847,2.7623284780420363,True,34.309089222142326,True,0.0,True,False,0.612082701001782,orphaned,097a334127f6e430d70ab6e0728f9349c97be301769332ccd69c11a182a4ac22,,928f81b02184f0ef0282ba91d9c7bb60c7728f7aedefce0c1159a584cb603b05,do-close-request-6375722159d2b02f21086ef37c97,f9e837e4d8036514096e2c35ceb0b50eb836a670c8ca183c703dc56da79d139b,928f81b02184f0ef0282ba91d9c7bb60c7728f7aedefce0c1159a584cb603b05,3.3744111790438183,,32,tokens,66570c77aabdad73a03b4f9dc647c6610411ee96e7063236cdc116be468814de,,do-hosted-closure-20260825-r1,digitalocean_public_request_v2,True,exact_text,,False,do-close-request-3d271f38c948b24f671d4a3726d4,do-close-cell-f9e837e4d8036514096e2c35ceb0b50eb836a670c8ca183c703dc56da79d139b,False,21,matched_control_closure,do-hosted-closure-20260825-r1,direct_completion,,2026-08-25T00:28:07.680838+00:00,success,32,reasoning,streamed,2.7625606679939665,,,cap-max-tokens-high,False,valid_ordinary,[],True,0.612082701001782,output_length,request_declared
,0,,True,,0,cache_miss_observed,8b66f3fed616343a7c9d97741208e5a21de115c50305b38370a86796a61968de,,,parallel-tool-calls-false,,,do-close-cell-def3a4353f3e264e8d2c0c3c8ce1430209a4e011920c3da9a8ea6c8d3827a5dc,1,,,True,,,"[""tool_calling""]",,,2026-08-25T00:28:14.170807+00:00,qwen3.5-397b-a17b,,,0.00012355,,length,False,2.551415544003248,False,0.5226848049787804,200,21,12.542057319989135,False,False,,,False,,request_payload_sha256_mismatch,32,12.383152284983312,billed_completion_tokens_over_request_minus_streamed_ttft_proxy,control_before,,,,,12.383152284983312,2.5841562199639156,True,40.155515196287936,True,0.0,True,False,0.5229667680105194,orphaned,6ca6691e8f083f8f8af1fdf6861d29d96726d564a39edb7fa6f37db3aeab402f,,d7ff4931542a5ec36bd0854a579096505e5d8d03f172bec630de72c2e4256791,do-close-request-a98242638e80369d009b56bfe9c2,def3a4353f3e264e8d2c0c3c8ce1430209a4e011920c3da9a8ea6c8d3827a5dc,d7ff4931542a5ec36bd0854a579096505e5d8d03f172bec630de72c2e4256791,3.107122987974435,,32,tokens,8eda87e42a2095ced5223cd2f7fb3a221c4929e0a2b35437f6a15bca5f091859,,do-hosted-closure-20260825-r1,digitalocean_public_request_v2,True,exact_text,,False,do-close-request-10bedd9b1feb5edcc402eb4f7121,do-close-cell-def3a4353f3e264e8d2c0c3c8ce1430209a4e011920c3da9a8ea6c8d3827a5dc,False,21,matched_control_closure,do-hosted-closure-20260825-r1,direct_completion,,2026-08-25T00:28:11.063271+00:00,success,32,reasoning,streamed,2.5844381829956546,,,cap-parallel-false,False,valid_ordinary,[],True,0.5229667680105194,tool_calling,request_declared
,0,,False,,,not_reported_unknown,8b66f3fed616343a7c9d97741208e5a21de115c50305b38370a86796a61968de,,,parallel-tool-calls-false,,,do-close-cell-def3a4353f3e264e8d2c0c3c8ce1430209a4e011920c3da9a8ea6c8d3827a5dc,1,,,True,,,"[""tool_calling""]",,,2026-08-25T00:28:15.318894+00:00,qwen3.5-397b-a17b,,ProviderHTTPError,0.00105595,,,False,,False,,500,,,False,False,,,False,,request_payload_sha256_mismatch,,,,probe,,,,,,,False,,True,0.0,True,False,,orphaned,6ca6691e8f083f8f8af1fdf6861d29d96726d564a39edb7fa6f37db3aeab402f,,035abdd841d5639b8b5c34322f72b0bb463b8abbe2fdee97103133463c595f77,do-close-request-ffe77d25d1ef03db4ca125229a75,def3a4353f3e264e8d2c0c3c8ce1430209a4e011920c3da9a8ea6c8d3827a5dc,035abdd841d5639b8b5c34322f72b0bb463b8abbe2fdee97103133463c595f77,1.1421027850010432,,96,tokens,,,do-hosted-closure-20260825-r1,digitalocean_public_request_v2,False,transport,,False,do-close-request-10bedd9b1feb5edcc402eb4f7121,do-close-cell-def3a4353f3e264e8d2c0c3c8ce1430209a4e011920c3da9a8ea6c8d3827a5dc,True,,matched_control_closure,do-hosted-closure-20260825-r1,direct_completion,,2026-08-25T00:28:14.176679+00:00,provider_error,,,unknown,,,,cap-parallel-false,False,invalid_or_censored,"[""not_streamed_ttft_unobservable""]",False,,tool_calling,request_declared
,0,,True,,0,cache_miss_observed,8b66f3fed616343a7c9d97741208e5a21de115c50305b38370a86796a61968de,,,parallel-tool-calls-false,,,do-close-cell-def3a4353f3e264e8d2c0c3c8ce1430209a4e011920c3da9a8ea6c8d3827a5dc,1,,,True,,,"[""tool_calling""]",,,2026-08-25T00:28:18.486988+00:00,qwen3.5-397b-a17b,,,0.00012355,,length,False,2.4924308189656585,False,0.6050814100308344,200,21,12.83887189826989,False,False,,,False,,request_payload_sha256_mismatch,32,12.513702954501989,billed_completion_tokens_over_request_minus_streamed_ttft_proxy,control_after,,,,,12.513702954501989,2.5571967079886235,True,34.68975449078243,True,0.0,True,False,0.6053660600446165,orphaned,6ca6691e8f083f8f8af1fdf6861d29d96726d564a39edb7fa6f37db3aeab402f,,db164bfb5ff232b16f10361bd6b0865a9ca3ad6feafb3e54c82df3cef21aca2b,do-close-request-2d33bd78b064b2e41dc6f7707fe0,def3a4353f3e264e8d2c0c3c8ce1430209a4e011920c3da9a8ea6c8d3827a5dc,db164bfb5ff232b16f10361bd6b0865a9ca3ad6feafb3e54c82df3cef21aca2b,3.16256276803324,,32,tokens,8eda87e42a2095ced5223cd2f7fb3a221c4929e0a2b35437f6a15bca5f091859,,do-hosted-closure-20260825-r1,digitalocean_public_request_v2,True,exact_text,,False,do-close-request-10bedd9b1feb5edcc402eb4f7121,do-close-cell-def3a4353f3e264e8d2c0c3c8ce1430209a4e011920c3da9a8ea6c8d3827a5dc,False,21,matched_control_closure,do-hosted-closure-20260825-r1,direct_completion,,2026-08-25T00:28:15.324059+00:00,success,32,reasoning,streamed,2.5574813580024056,,,cap-parallel-false,False,valid_ordinary,[],True,0.6053660600446165,tool_calling,request_declared
,0,,True,,0,cache_miss_observed,8b66f3fed616343a7c9d97741208e5a21de115c50305b38370a86796a61968de,,,cap-pairwise-24,,,do-close-cell-2556ae59ac6e0533c5837a698dbabf1728e4eaf5ec45f2d997bcd937cbbe86c7,1,,,True,,,"[""parameter_interactions""]",,,2026-08-25T00:28:18.726314+00:00,glm-5.2,,,8.510000000000001e-05,,length,False,9.894955556024797,False,0.596738314954564,200,21,3.2339710692804458,False,False,,,False,,request_payload_sha256_mismatch,32,3.2230063245044103,billed_completion_tokens_over_request_minus_streamed_ttft_proxy,control_after,,,,,3.2230063245044103,9.928618432022631,True,35.174634972036614,True,0.0,True,False,0.5970211209496483,orphaned,761cb5d46ce6d6c8bcb1583d2812f7d04de8ce7fdc17fbd3fe7c294cc380ca2b,,04ffa650df11a2f95fccafcacac81a96225e3cfd637b1062617d5803765ecf38,do-close-request-9bc132fd1e61c0e4d0fd0f64d911,2556ae59ac6e0533c5837a698dbabf1728e4eaf5ec45f2d997bcd937cbbe86c7,04ffa650df11a2f95fccafcacac81a96225e3cfd637b1062617d5803765ecf38,10.52563955297228,,32,tokens,857adf6a3736a4827bec0e0019587aa6ff41000fbf7d57075110a7178f754891,,do-hosted-closure-20260825-r1,digitalocean_public_request_v2,True,exact_text,,False,do-close-request-40e706aa7d858d09746c7a72ee7f,do-close-cell-2556ae59ac6e0533c5837a698dbabf1728e4eaf5ec45f2d997bcd937cbbe86c7,False,21,matched_control_closure,do-hosted-closure-20260825-r1,direct_completion,,2026-08-25T00:28:08.200325+00:00,success,15,reasoning,streamed,9.928901238017716,,,cap-pairwise-24,False,valid_ordinary,[],True,0.5970211209496483,parameter_interactions,request_declared
,0,,True,,0,cache_miss_observed,8b66f3fed616343a7c9d97741208e5a21de115c50305b38370a86796a61968de,,,cap-pairwise-25,,,do-close-cell-9af81046ee6949abd14349e0d5fa54312019d832e1f6299f62f892e0a1d1310e,1,,,True,,,"[""structured_output""]",,,2026-08-25T00:28:23.015751+00:00,glm-5.2,,,8.510000000000001e-05,,length,False,1.672775476006791,False,2.5652065339963883,200,21,19.12988351335089,False,False,,,False,,request_payload_sha256_mismatch,32,18.65438620757583,billed_completion_tokens_over_request_minus_streamed_ttft_proxy,control_before,,,,,18.65438620757583,1.7154142539948225,True,8.185548670094226,True,0.0,True,False,2.5654969320166856,orphaned,d8b01eeeb861775550ed2df3671356e77c6e16ff209830debc7f76e6d43bd1a0,,9be13e5f7d0d815be8fa7a01f375245f715896c4be0840d70d75c0867d782307,do-close-request-6b456b2198135c53f87a7dab5b41,9af81046ee6949abd14349e0d5fa54312019d832e1f6299f62f892e0a1d1310e,9be13e5f7d0d815be8fa7a01f375245f715896c4be0840d70d75c0867d782307,4.280911186011508,,32,tokens,756f7685dffb9c03f6d49d20b705d953292a8a8f2ef01d8df4117959364611f5,,do-hosted-closure-20260825-r1,digitalocean_public_request_v2,True,exact_text,,False,do-close-request-c3711a0a8fdefa87c077a0c5f044,do-close-cell-9af81046ee6949abd14349e0d5fa54312019d832e1f6299f62f892e0a1d1310e,False,21,matched_control_closure,do-hosted-closure-20260825-r1,direct_completion,,2026-08-25T00:28:18.733994+00:00,success,11,reasoning,streamed,1.7157046520151198,,,cap-pairwise-25,False,valid_ordinary,[],True,2.5654969320166856,structured_output,request_declared
,0,,False,,,not_reported_unknown,8b66f3fed616343a7c9d97741208e5a21de115c50305b38370a86796a61968de,,,cap-pairwise-25,,inconclusive,do-close-cell-9af81046ee6949abd14349e0d5fa54312019d832e1f6299f62f892e0a1d1310e,1,,,True,matched_control_inconclusive,False,"[""structured_output""]",,,2026-08-25T00:28:23.295227+00:00,glm-5.2,,ProviderHTTPError,0.0012104,,,False,,False,,400,,,False,False,,,False,,request_payload_sha256_mismatch,,,,probe,,,,,,,False,,True,0.0,True,False,,orphaned,d8b01eeeb861775550ed2df3671356e77c6e16ff209830debc7f76e6d43bd1a0,,1f6eef413da0a4fcd7273fdeea22d19e24912167ad8aef6e33964085ef48ffc3,do-close-request-c3711a0a8fdefa87c077a0c5f044,9af81046ee6949abd14349e0d5fa54312019d832e1f6299f62f892e0a1d1310e,1f6eef413da0a4fcd7273fdeea22d19e24912167ad8aef6e33964085ef48ffc3,0.27409805299248546,,64,tokens,,,do-hosted-closure-20260825-r1,digitalocean_public_request_v2,False,transport,,True,do-close-request-c3711a0a8fdefa87c077a0c5f044,do-close-cell-9af81046ee6949abd14349e0d5fa54312019d832e1f6299f62f892e0a1d1310e,False,,matched_control_closure,do-hosted-closure-20260825-r1,direct_completion,,2026-08-25T00:28:23.021072+00:00,client_rejection,,,unknown,,,,cap-pairwise-25,False,invalid_or_censored,"[""not_streamed_ttft_unobservable""]",False,,structured_output,request_declared
,1,,True,,0,cache_miss_observed,8b66f3fed616343a7c9d97741208e5a21de115c50305b38370a86796a61968de,,,parallel-tool-calls-false,,,do-close-cell-def3a4353f3e264e8d2c0c3c8ce1430209a4e011920c3da9a8ea6c8d3827a5dc,1,,,True,,,"[""tool_calling""]",,,2026-08-25T00:28:23.809930+00:00,qwen3.5-397b-a17b,,,0.00012355,,length,False,2.6032934759859927,False,0.5491445509833284,200,21,12.292121612558514,False,False,,,False,,request_payload_sha256_mismatch,32,11.602473865028387,billed_completion_tokens_over_request_minus_streamed_ttft_proxy,control_before,,,,,11.602473865028387,2.7580324999871664,True,37.6765771340619,True,0.0,True,False,0.5573754729703069,orphaned,6ca6691e8f083f8f8af1fdf6861d29d96726d564a39edb7fa6f37db3aeab402f,,d7ff4931542a5ec36bd0854a579096505e5d8d03f172bec630de72c2e4256791,do-close-request-ddc05ff4ca3672613941e0176cea,def3a4353f3e264e8d2c0c3c8ce1430209a4e011920c3da9a8ea6c8d3827a5dc,d7ff4931542a5ec36bd0854a579096505e5d8d03f172bec630de72c2e4256791,3.3154079729574732,,32,tokens,8eda87e42a2095ced5223cd2f7fb3a221c4929e0a2b35437f6a15bca5f091859,,do-hosted-closure-20260825-r1,digitalocean_public_request_v2,True,exact_text,,False,do-close-request-10bedd9b1feb5edcc402eb4f7121,do-close-cell-def3a4353f3e264e8d2c0c3c8ce1430209a4e011920c3da9a8ea6c8d3827a5dc,False,21,matched_control_closure,do-hosted-closure-20260825-r1,direct_completion,,2026-08-25T00:28:20.494158+00:00,success,32,reasoning,streamed,2.766263421974145,,,cap-parallel-false,False,valid_ordinary,[],True,0.5573754729703069,tool_calling,request_declared
,0,,True,,0,cache_miss_observed,8b66f3fed616343a7c9d97741208e5a21de115c50305b38370a86796a61968de,,,cap-pairwise-25,,,do-close-cell-9af81046ee6949abd14349e0d5fa54312019d832e1f6299f62f892e0a1d1310e,1,,,True,,,"[""structured_output""]",,,2026-08-25T00:28:24.543722+00:00,glm-5.2,,,8.510000000000001e-05,,length,False,0.6352387850056402,False,0.5680124969803728,200,21,50.37475789472753,False,False,,,False,,request_payload_sha256_mismatch,32,47.59440094369369,billed_completion_tokens_over_request_minus_streamed_ttft_proxy,control_after,,,,,47.59440094369369,0.6723479939973913,True,36.87986176720667,True,0.0,True,False,0.5694164509768598,orphaned,d8b01eeeb861775550ed2df3671356e77c6e16ff209830debc7f76e6d43bd1a0,,9df955c918c7d13a10f696d6976f1861e29248b1300b5e1603a1cb6018589dfa,do-close-request-dab6fac1f40beae916d367e7bfbe,9af81046ee6949abd14349e0d5fa54312019d832e1f6299f62f892e0a1d1310e,9df955c918c7d13a10f696d6976f1861e29248b1300b5e1603a1cb6018589dfa,1.241764444974251,,32,tokens,973a6a4ad076c0422319ab92f8bfaf08980761354f087b1c3c7478e5e3e32179,,do-hosted-closure-20260825-r1,digitalocean_public_request_v2,True,exact_text,,False,do-close-request-c3711a0a8fdefa87c077a0c5f044,do-close-cell-9af81046ee6949abd14349e0d5fa54312019d832e1f6299f62f892e0a1d1310e,False,21,matched_control_closure,do-hosted-closure-20260825-r1,direct_completion,,2026-08-25T00:28:23.301017+00:00,success,21,reasoning,streamed,0.6737519479938783,,,cap-pairwise-25,False,valid_ordinary,[],True,0.5694164509768598,structured_output,request_declared
,1,,False,,,not_reported_unknown,8b66f3fed616343a7c9d97741208e5a21de115c50305b38370a86796a61968de,,,parallel-tool-calls-false,,inconclusive,do-close-cell-def3a4353f3e264e8d2c0c3c8ce1430209a4e011920c3da9a8ea6c8d3827a5dc,1,,,True,matched_control_inconclusive,False,"[""tool_calling""]",,,2026-08-25T00:28:24.704948+00:00,qwen3.5-397b-a17b,,ProviderHTTPError,0.00105595,,,False,,False,,500,,,False,False,,,False,,request_payload_sha256_mismatch,,,,probe,,,,,,,False,,True,0.0,True,False,,orphaned,6ca6691e8f083f8f8af1fdf6861d29d96726d564a39edb7fa6f37db3aeab402f,,035abdd841d5639b8b5c34322f72b0bb463b8abbe2fdee97103133463c595f77,do-close-request-10bedd9b1feb5edcc402eb4f7121,def3a4353f3e264e8d2c0c3c8ce1430209a4e011920c3da9a8ea6c8d3827a5dc,035abdd841d5639b8b5c34322f72b0bb463b8abbe2fdee97103133463c595f77,0.8893878139788285,,96,tokens,,,do-hosted-closure-20260825-r1,digitalocean_public_request_v2,False,transport,,True,do-close-request-10bedd9b1feb5edcc402eb4f7121,do-close-cell-def3a4353f3e264e8d2c0c3c8ce1430209a4e011920c3da9a8ea6c8d3827a5dc,True,,matched_control_closure,do-hosted-closure-20260825-r1,direct_completion,,2026-08-25T00:28:23.815509+00:00,provider_error,,,unknown,,,,cap-parallel-false,False,invalid_or_censored,"[""not_streamed_ttft_unobservable""]",False,,tool_calling,request_declared
,0,,True,,0,cache_miss_observed,8b66f3fed616343a7c9d97741208e5a21de115c50305b38370a86796a61968de,,,cap-pairwise-26,,,do-close-cell-161881cba7f4cac336c0583737baac2f3b186503b1cd7aaa8b25df13b4c590ff,1,,,True,,,"[""structured_output""]",,,2026-08-25T00:28:25.698698+00:00,glm-5.2,,,8.510000000000001e-05,,length,False,0.6683324460173026,False,0.4567712499992922,200,21,47.88036282046906,False,False,,,False,,request_payload_sha256_mismatch,32,46.41168822972406,billed_completion_tokens_over_request_minus_streamed_ttft_proxy,control_before,,,,,46.41168822972406,0.689481490990147,True,45.942184853088996,True,0.0,True,False,0.45709624100709334,orphaned,36ad25e7e1a6ab9b8b51c2f7a7dd4b99738a4ee8cfe7225487a3eb0a893d74f6,,aed278defb358af3c13e6cb51d64b85ca7ab91f33a4f6c4df8ff7997c08ab790,do-close-request-b2c379c5ebf03ccf21f342bf0cb4,161881cba7f4cac336c0583737baac2f3b186503b1cd7aaa8b25df13b4c590ff,aed278defb358af3c13e6cb51d64b85ca7ab91f33a4f6c4df8ff7997c08ab790,1.1465777319972403,,32,tokens,9c89d3b157f54ac94e69ddcc4ff6feb285b7b89c1859e0ccd90ceac0a766dd7f,,do-hosted-closure-20260825-r1,digitalocean_public_request_v2,True,exact_text,,False,do-close-request-fb0b0268ba2f2575d47ae0f63097,do-close-cell-161881cba7f4cac336c0583737baac2f3b186503b1cd7aaa8b25df13b4c590ff,False,21,matched_control_closure,do-hosted-closure-20260825-r1,direct_completion,,2026-08-25T00:28:24.551713+00:00,success,12,reasoning,streamed,0.6898064819979481,,,cap-pairwise-26,False,valid_ordinary,[],True,0.45709624100709334,structured_output,request_declared
,0,,False,,,not_reported_unknown,8b66f3fed616343a7c9d97741208e5a21de115c50305b38370a86796a61968de,,,cap-pairwise-26,,inconclusive,do-close-cell-161881cba7f4cac336c0583737baac2f3b186503b1cd7aaa8b25df13b4c590ff,1,,,True,matched_control_inconclusive,False,"[""structured_output""]",,,2026-08-25T00:28:25.966921+00:00,glm-5.2,,ProviderHTTPError,0.0012146,,,False,,False,,400,,,False,False,,,False,,request_payload_sha256_mismatch,,,,probe,,,,,,,False,,True,0.0,True,False,,orphaned,36ad25e7e1a6ab9b8b51c2f7a7dd4b99738a4ee8cfe7225487a3eb0a893d74f6,,fa43d130f08dc343c07db1c599699b17d2630e17e8aa23a286e660a7c1a29155,do-close-request-fb0b0268ba2f2575d47ae0f63097,161881cba7f4cac336c0583737baac2f3b186503b1cd7aaa8b25df13b4c590ff,fa43d130f08dc343c07db1c599699b17d2630e17e8aa23a286e660a7c1a29155,0.26264743402134627,,64,tokens,,,do-hosted-closure-20260825-r1,digitalocean_public_request_v2,False,transport,,True,do-close-request-fb0b0268ba2f2575d47ae0f63097,do-close-cell-161881cba7f4cac336c0583737baac2f3b186503b1cd7aaa8b25df13b4c590ff,False,,matched_control_closure,do-hosted-closure-20260825-r1,direct_completion,,2026-08-25T00:28:25.704190+00:00,client_rejection,,,unknown,,,,cap-pairwise-26,False,invalid_or_censored,"[""not_streamed_ttft_unobservable""]",False,,structured_output,request_declared
,1,,True,,0,cache_miss_observed,8b66f3fed616343a7c9d97741208e5a21de115c50305b38370a86796a61968de,,,parallel-tool-calls-false,,,do-close-cell-def3a4353f3e264e8d2c0c3c8ce1430209a4e011920c3da9a8ea6c8d3827a5dc,1,,,True,,,"[""tool_calling""]",,,2026-08-25T00:28:27.590095+00:00,qwen3.5-397b-a17b,,,0.00012355,,length,False,2.406079909997061,False,0.46473082999000326,200,21,13.299641407187965,False,False,,,False,,request_payload_sha256_mismatch,32,13.254056876152744,billed_completion_tokens_over_request_minus_streamed_ttft_proxy,control_after,,,,,13.254056876152744,2.4143551139859483,True,45.1248745452676,True,0.0,True,False,0.46537525503663346,orphaned,6ca6691e8f083f8f8af1fdf6861d29d96726d564a39edb7fa6f37db3aeab402f,,db164bfb5ff232b16f10361bd6b0865a9ca3ad6feafb3e54c82df3cef21aca2b,do-close-request-408831e2c12839d21cd0b2511eb9,def3a4353f3e264e8d2c0c3c8ce1430209a4e011920c3da9a8ea6c8d3827a5dc,db164bfb5ff232b16f10361bd6b0865a9ca3ad6feafb3e54c82df3cef21aca2b,2.8797303690225817,,32,tokens,8eda87e42a2095ced5223cd2f7fb3a221c4929e0a2b35437f6a15bca5f091859,,do-hosted-closure-20260825-r1,digitalocean_public_request_v2,True,exact_text,,False,do-close-request-10bedd9b1feb5edcc402eb4f7121,do-close-cell-def3a4353f3e264e8d2c0c3c8ce1430209a4e011920c3da9a8ea6c8d3827a5dc,False,21,matched_control_closure,do-hosted-closure-20260825-r1,direct_completion,,2026-08-25T00:28:24.710032+00:00,success,32,reasoning,streamed,2.4149995390325785,,,cap-parallel-false,False,valid_ordinary,[],True,0.46537525503663346,tool_calling,request_declared
,0,,True,,0,cache_miss_observed,8b66f3fed616343a7c9d97741208e5a21de115c50305b38370a86796a61968de,,,parallel-tool-calls-true,,,do-close-cell-97c83f3511080770b74c33c3f298cc358953127d86f5e3d68a4a982e89995433,1,,,True,,,"[""tool_calling""]",,,2026-08-25T00:28:34.779256+00:00,qwen3.5-397b-a17b,,,0.0001241,,length,False,2.4994591480353847,False,0.6036924840300344,200,22,12.80276976127116,False,False,,,False,,request_payload_sha256_mismatch,32,12.425638692493406,billed_completion_tokens_over_request_minus_streamed_ttft_proxy,control_before,,,,,12.425638692493406,2.575320334988646,True,36.42326817669867,True,0.0,True,False,0.6040095000062138,orphaned,7cb6d9e7c7fa36deda69e75d41f6141d0a91904e5d93072fcd2154bf7fd50973,,2fa0c609f6dd72a36a1115a5a6c546fa70771106084bfe899130ac14007f0f5b,do-close-request-7f66377918f8dfb6576a5f8c2a01,97c83f3511080770b74c33c3f298cc358953127d86f5e3d68a4a982e89995433,2fa0c609f6dd72a36a1115a5a6c546fa70771106084bfe899130ac14007f0f5b,3.17932983499486,,32,tokens,07ce01da8505b77316ad68a663962b42b792bb939be463b2d226ee6a25209241,,do-hosted-closure-20260825-r1,digitalocean_public_request_v2,True,exact_text,,False,do-close-request-829b306d94b93d29d3584e54bb3a,do-close-cell-97c83f3511080770b74c33c3f298cc358953127d86f5e3d68a4a982e89995433,False,22,matched_control_closure,do-hosted-closure-20260825-r1,direct_completion,,2026-08-25T00:28:31.599473+00:00,success,32,reasoning,streamed,2.5756373509648256,,,cap-parallel-true,False,valid_ordinary,[],True,0.6040095000062138,tool_calling,request_declared
,0,,False,,,not_reported_unknown,8b66f3fed616343a7c9d97741208e5a21de115c50305b38370a86796a61968de,,,parallel-tool-calls-true,,,do-close-cell-97c83f3511080770b74c33c3f298cc358953127d86f5e3d68a4a982e89995433,1,,,True,,,"[""tool_calling""]",,,2026-08-25T00:28:35.979825+00:00,qwen3.5-397b-a17b,,ProviderHTTPError,0.0010499,,,False,,False,,500,,,False,False,,,False,,request_payload_sha256_mismatch,,,,probe,,,,,,,False,,True,0.0,True,False,,orphaned,7cb6d9e7c7fa36deda69e75d41f6141d0a91904e5d93072fcd2154bf7fd50973,,e53d314365876eb81fe15ef132e0732df7c700f04d7e5bdc0b329e8c96b62761,do-close-request-700e21a93d1e9ccba9ed4d2d4be2,97c83f3511080770b74c33c3f298cc358953127d86f5e3d68a4a982e89995433,e53d314365876eb81fe15ef132e0732df7c700f04d7e5bdc0b329e8c96b62761,1.1949985880055465,,96,tokens,,,do-hosted-closure-20260825-r1,digitalocean_public_request_v2,False,transport,,False,do-close-request-829b306d94b93d29d3584e54bb3a,do-close-cell-97c83f3511080770b74c33c3f298cc358953127d86f5e3d68a4a982e89995433,True,,matched_control_closure,do-hosted-closure-20260825-r1,direct_completion,,2026-08-25T00:28:34.784771+00:00,provider_error,,,unknown,,,,cap-parallel-true,False,invalid_or_censored,"[""not_streamed_ttft_unobservable""]",False,,tool_calling,request_declared
,0,,True,,0,cache_miss_observed,8b66f3fed616343a7c9d97741208e5a21de115c50305b38370a86796a61968de,,,cap-pairwise-26,,,do-close-cell-161881cba7f4cac336c0583737baac2f3b186503b1cd7aaa8b25df13b4c590ff,1,,,True,,,"[""structured_output""]",,,2026-08-25T00:28:36.366636+00:00,glm-5.2,,,8.510000000000001e-05,,length,False,2.3390674429829232,False,8.020795412012376,200,21,13.680665812351107,False,False,,,False,,request_payload_sha256_mismatch,32,13.484117925833216,billed_completion_tokens_over_request_minus_streamed_ttft_proxy,control_after,,,,,13.484117925833216,2.373162276984658,True,2.6181023442838076,True,0.0,True,False,8.02107681002235,orphaned,36ad25e7e1a6ab9b8b51c2f7a7dd4b99738a4ee8cfe7225487a3eb0a893d74f6,,1ac5a7c81b35a7de9380829884a8b664dd43e879745283c043fc2d243444ebad,do-close-request-d53de37812ded6bb05bc07a00172,161881cba7f4cac336c0583737baac2f3b186503b1cd7aaa8b25df13b4c590ff,1ac5a7c81b35a7de9380829884a8b664dd43e879745283c043fc2d243444ebad,10.394239087007008,,32,tokens,232e223f3dfead833cc55be181e5a140302a0c3a4c2c99a538738d4735827c5c,,do-hosted-closure-20260825-r1,digitalocean_public_request_v2,True,exact_text,,False,do-close-request-fb0b0268ba2f2575d47ae0f63097,do-close-cell-161881cba7f4cac336c0583737baac2f3b186503b1cd7aaa8b25df13b4c590ff,False,21,matched_control_closure,do-hosted-closure-20260825-r1,direct_completion,,2026-08-25T00:28:25.972025+00:00,success,13,reasoning,streamed,2.3734436749946326,,,cap-pairwise-26,False,valid_ordinary,[],True,8.02107681002235,structured_output,request_declared
,0,,True,,0,cache_miss_observed,8b66f3fed616343a7c9d97741208e5a21de115c50305b38370a86796a61968de,,,cap-pairwise-27,,,do-close-cell-de27e4aa1d048156dbd80b556ba7760750926a791926d6ea34be841f9a63c5c6,1,,,True,,,"[""parameter_interactions""]",,,2026-08-25T00:28:37.390450+00:00,glm-5.2,,,8.65e-05,,length,False,0.34281101200031117,False,0.6652082179789431,200,23,93.34589286755745,False,False,,,False,,request_payload_sha256_mismatch,32,91.33713512687576,billed_completion_tokens_over_request_minus_streamed_ttft_proxy,control_before,,,,,91.33713512687576,0.3503503800020553,True,34.537667245633294,True,0.0,True,False,0.6659395910101011,orphaned,56e58f665d263f0293bfbb8ea3c5cfb0cbbab31918f8b823b709b8057782b27e,,1da129fc836f6cff5d5a1abae22dcbaf225106e7d249e5b876e92555dfa8c8a2,do-close-request-57606c89b20657996a31023fc6b1,de27e4aa1d048156dbd80b556ba7760750926a791926d6ea34be841f9a63c5c6,1da129fc836f6cff5d5a1abae22dcbaf225106e7d249e5b876e92555dfa8c8a2,1.0162899710121565,,32,tokens,6c5778ec75714b53b004c67fc3e9fd73b560cd2cdd006bfb9640b0c399b77ece,,do-hosted-closure-20260825-r1,digitalocean_public_request_v2,True,exact_text,,False,do-close-request-8b8f8c87839068d1a3ab79e23eb5,do-close-cell-de27e4aa1d048156dbd80b556ba7760750926a791926d6ea34be841f9a63c5c6,False,23,matched_control_closure,do-hosted-closure-20260825-r1,direct_completion,,2026-08-25T00:28:36.373803+00:00,success,12,reasoning,streamed,0.3510817530332133,,,cap-pairwise-27,False,valid_ordinary,[],True,0.6659395910101011,parameter_interactions,request_declared
,0,,False,,,not_reported_unknown,8b66f3fed616343a7c9d97741208e5a21de115c50305b38370a86796a61968de,,,cap-pairwise-27,,inconclusive,do-close-cell-de27e4aa1d048156dbd80b556ba7760750926a791926d6ea34be841f9a63c5c6,1,,,True,matched_control_inconclusive,False,"[""parameter_interactions""]",,,2026-08-25T00:28:37.689901+00:00,glm-5.2,,ProviderHTTPError,0.009896700000000001,,,False,,False,,400,,,False,False,,,False,,request_payload_sha256_mismatch,,,,probe,,,,,,,False,,True,0.0,True,False,,orphaned,56e58f665d263f0293bfbb8ea3c5cfb0cbbab31918f8b823b709b8057782b27e,,00d68bb31a4efd4c6f0f92be526e2ed0b3d61e4b3dcc813c8cb2427b6aef6272,do-close-request-8b8f8c87839068d1a3ab79e23eb5,de27e4aa1d048156dbd80b556ba7760750926a791926d6ea34be841f9a63c5c6,00d68bb31a4efd4c6f0f92be526e2ed0b3d61e4b3dcc813c8cb2427b6aef6272,0.29409062798367813,,4096,tokens,,,do-hosted-closure-20260825-r1,digitalocean_public_request_v2,False,transport,,True,do-close-request-8b8f8c87839068d1a3ab79e23eb5,do-close-cell-de27e4aa1d048156dbd80b556ba7760750926a791926d6ea34be841f9a63c5c6,False,,matched_control_closure,do-hosted-closure-20260825-r1,direct_completion,,2026-08-25T00:28:37.395753+00:00,client_rejection,,,unknown,,,,cap-pairwise-27,False,invalid_or_censored,"[""not_streamed_ttft_unobservable""]",False,,parameter_interactions,request_declared
,0,,True,,0,cache_miss_observed,8b66f3fed616343a7c9d97741208e5a21de115c50305b38370a86796a61968de,,,parallel-tool-calls-true,,,do-close-cell-97c83f3511080770b74c33c3f298cc358953127d86f5e3d68a4a982e89995433,1,,,True,,,"[""tool_calling""]",,,2026-08-25T00:28:39.085083+00:00,qwen3.5-397b-a17b,,,0.0001241,,length,False,2.4489333310048096,False,0.6232026810175739,200,22,13.066913498568065,False,False,,,False,,request_payload_sha256_mismatch,32,12.927235722821456,billed_completion_tokens_over_request_minus_streamed_ttft_proxy,control_after,,,,,12.927235722821456,2.475393865024671,True,35.285437675968524,True,0.0,True,False,0.6234866689774208,orphaned,7cb6d9e7c7fa36deda69e75d41f6141d0a91904e5d93072fcd2154bf7fd50973,,a8b223763a17380b8bc3989bdd589e8ae3891bdc0ddcc8e08828b800e66d9ec1,do-close-request-605bd7e94bc994c784f1154d96c8,97c83f3511080770b74c33c3f298cc358953127d86f5e3d68a4a982e89995433,a8b223763a17380b8bc3989bdd589e8ae3891bdc0ddcc8e08828b800e66d9ec1,3.0988805340020917,,32,tokens,07ce01da8505b77316ad68a663962b42b792bb939be463b2d226ee6a25209241,,do-hosted-closure-20260825-r1,digitalocean_public_request_v2,True,exact_text,,False,do-close-request-829b306d94b93d29d3584e54bb3a,do-close-cell-97c83f3511080770b74c33c3f298cc358953127d86f5e3d68a4a982e89995433,False,22,matched_control_closure,do-hosted-closure-20260825-r1,direct_completion,,2026-08-25T00:28:35.985816+00:00,success,32,reasoning,streamed,2.475677852984518,,,cap-parallel-true,False,valid_ordinary,[],True,0.6234866689774208,tool_calling,request_declared
,0,,True,,0,cache_miss_observed,8b66f3fed616343a7c9d97741208e5a21de115c50305b38370a86796a61968de,,,cap-pairwise-27,,,do-close-cell-de27e4aa1d048156dbd80b556ba7760750926a791926d6ea34be841f9a63c5c6,1,,,True,,,"[""parameter_interactions""]",,,2026-08-25T00:28:39.499403+00:00,glm-5.2,,,8.65e-05,,length,False,1.0918749849661253,False,0.6375528760254383,200,23,29.307384490535586,False,False,,,False,,request_payload_sha256_mismatch,32,27.56823423813649,billed_completion_tokens_over_request_minus_streamed_ttft_proxy,control_after,,,,,27.56823423813649,1.1607562429853715,True,35.73375056376019,True,0.0,True,False,0.643649201025255,orphaned,56e58f665d263f0293bfbb8ea3c5cfb0cbbab31918f8b823b709b8057782b27e,,34c7e6f6cb7cc6aef147d84f719ca127ae9225ca6c80de8282128938289e8431,do-close-request-54c5113ec0d3da74bb6308019000,de27e4aa1d048156dbd80b556ba7760750926a791926d6ea34be841f9a63c5c6,34c7e6f6cb7cc6aef147d84f719ca127ae9225ca6c80de8282128938289e8431,1.8044054440106265,,32,tokens,af0f96e7e2490f6f920d04dfce318df5c8d1e944ac843f27b45a0be0ea440fbd,,do-hosted-closure-20260825-r1,digitalocean_public_request_v2,True,exact_text,,False,do-close-request-8b8f8c87839068d1a3ab79e23eb5,do-close-cell-de27e4aa1d048156dbd80b556ba7760750926a791926d6ea34be841f9a63c5c6,False,23,matched_control_closure,do-hosted-closure-20260825-r1,direct_completion,,2026-08-25T00:28:37.694659+00:00,success,11,reasoning,streamed,1.1668525679851882,,,cap-pairwise-27,False,valid_ordinary,[],True,0.643649201025255,parameter_interactions,request_declared
,0,,True,,0,cache_miss_observed,8b66f3fed616343a7c9d97741208e5a21de115c50305b38370a86796a61968de,,,cap-pairwise-28,,,do-close-cell-5ad307b04d6a635187ae0919a2689a3e862a8025c9bbec0d3cc14ff1011a11ab,1,,,True,,,"[""parameter_interactions""]",,,2026-08-25T00:28:41.713091+00:00,glm-5.2,,,8.510000000000001e-05,,length,False,1.7910421320120804,False,0.4097905600210652,200,21,17.866693043145098,False,False,,,False,,request_payload_sha256_mismatch,32,17.813564258456587,billed_completion_tokens_over_request_minus_streamed_ttft_proxy,control_before,,,,,17.813564258456587,1.7963838980067521,True,51.21380885112496,True,0.0,True,False,0.4100456589949317,orphaned,eebf62d38ae2c96b09f6d982ce65456224cf358f237c90b7372b2329979c0550,,aed7b3e5677aca9a0ba12f17e6070e1dbb9cfb6515f33ccea96364cacca2d2a1,do-close-request-2cec9dc649a7c07f154f3eb6c9e9,5ad307b04d6a635187ae0919a2689a3e862a8025c9bbec0d3cc14ff1011a11ab,aed7b3e5677aca9a0ba12f17e6070e1dbb9cfb6515f33ccea96364cacca2d2a1,2.206429557001684,,32,tokens,efdbd575da361e212e55c91e14f7ed0f4f323a971267c77a7999d4a2fbe8bf8e,,do-hosted-closure-20260825-r1,digitalocean_public_request_v2,True,exact_text,,False,do-close-request-4721e17c255f2ee802c87d8fa0d6,do-close-cell-5ad307b04d6a635187ae0919a2689a3e862a8025c9bbec0d3cc14ff1011a11ab,False,21,matched_control_closure,do-hosted-closure-20260825-r1,direct_completion,,2026-08-25T00:28:39.506324+00:00,success,9,reasoning,streamed,1.7966389969806187,,,cap-pairwise-28,False,valid_ordinary,[],True,0.4100456589949317,parameter_interactions,request_declared
,0,,False,,,not_reported_unknown,8b66f3fed616343a7c9d97741208e5a21de115c50305b38370a86796a61968de,,,cap-pairwise-28,,inconclusive,do-close-cell-5ad307b04d6a635187ae0919a2689a3e862a8025c9bbec0d3cc14ff1011a11ab,1,,,True,matched_control_inconclusive,False,"[""parameter_interactions""]",,,2026-08-25T00:28:41.987446+00:00,glm-5.2,,ProviderHTTPError,0.0010242,,,False,,False,,400,,,False,False,,,False,,request_payload_sha256_mismatch,,,,probe,,,,,,,False,,True,0.0,True,False,,orphaned,eebf62d38ae2c96b09f6d982ce65456224cf358f237c90b7372b2329979c0550,,52fe9f874925857ac262c6b799a79d0b4746f48a987a31f036b5c3256120b27c,do-close-request-4721e17c255f2ee802c87d8fa0d6,5ad307b04d6a635187ae0919a2689a3e862a8025c9bbec0d3cc14ff1011a11ab,52fe9f874925857ac262c6b799a79d0b4746f48a987a31f036b5c3256120b27c,0.2689418359659612,,64,tokens,,,do-hosted-closure-20260825-r1,digitalocean_public_request_v2,False,transport,,True,do-close-request-4721e17c255f2ee802c87d8fa0d6,do-close-cell-5ad307b04d6a635187ae0919a2689a3e862a8025c9bbec0d3cc14ff1011a11ab,False,,matched_control_closure,do-hosted-closure-20260825-r1,direct_completion,,2026-08-25T00:28:41.718417+00:00,client_rejection,,,unknown,,,,cap-pairwise-28,False,invalid_or_censored,"[""not_streamed_ttft_unobservable""]",False,,parameter_interactions,request_declared
,0,,True,,0,cache_miss_observed,8b66f3fed616343a7c9d97741208e5a21de115c50305b38370a86796a61968de,,,cap-pairwise-28,,,do-close-cell-5ad307b04d6a635187ae0919a2689a3e862a8025c9bbec0d3cc14ff1011a11ab,1,,,True,,,"[""parameter_interactions""]",,,2026-08-25T00:28:43.656286+00:00,glm-5.2,,,8.510000000000001e-05,,length,False,0.5543753759702668,False,1.052612153987866,200,21,57.7226215071217,False,False,,,False,,request_payload_sha256_mismatch,32,52.411165603314835,billed_completion_tokens_over_request_minus_streamed_ttft_proxy,control_after,,,,,52.411165603314835,0.6105569229694083,True,19.9451675055131,True,0.0,True,False,1.0528866199892946,orphaned,eebf62d38ae2c96b09f6d982ce65456224cf358f237c90b7372b2329979c0550,,3dcda56ad8a096f04b63e42565a68bbec95e6f00c88e502421649cc9d3c7d331,do-close-request-3df7e3c6362537ff4f85aaf6378a,5ad307b04d6a635187ae0919a2689a3e862a8025c9bbec0d3cc14ff1011a11ab,3dcda56ad8a096f04b63e42565a68bbec95e6f00c88e502421649cc9d3c7d331,1.663443542958703,,32,tokens,cdd591d7e0b0431f3e35811332066129dbc0afd64994288d1ff3579aa799a240,,do-hosted-closure-20260825-r1,digitalocean_public_request_v2,True,exact_text,,False,do-close-request-4721e17c255f2ee802c87d8fa0d6,do-close-cell-5ad307b04d6a635187ae0919a2689a3e862a8025c9bbec0d3cc14ff1011a11ab,False,21,matched_control_closure,do-hosted-closure-20260825-r1,direct_completion,,2026-08-25T00:28:41.992480+00:00,success,11,reasoning,streamed,0.610831388970837,,,cap-pairwise-28,False,valid_ordinary,[],True,1.0528866199892946,parameter_interactions,request_declared
,1,,True,,0,cache_miss_observed,8b66f3fed616343a7c9d97741208e5a21de115c50305b38370a86796a61968de,,,parallel-tool-calls-true,,,do-close-cell-97c83f3511080770b74c33c3f298cc358953127d86f5e3d68a4a982e89995433,1,,,True,,,"[""tool_calling""]",,,2026-08-25T00:28:44.378636+00:00,qwen3.5-397b-a17b,,,0.0001241,,length,False,2.6852130879997276,False,0.5588565100333653,200,22,11.917117543858495,False,False,,,False,,request_payload_sha256_mismatch,32,11.732252629709539,billed_completion_tokens_over_request_minus_streamed_ttft_proxy,control_before,,,,,11.732252629709539,2.7275239470181987,True,39.349056286597055,True,0.0,True,False,0.5590985420276411,orphaned,7cb6d9e7c7fa36deda69e75d41f6141d0a91904e5d93072fcd2154bf7fd50973,,2fa0c609f6dd72a36a1115a5a6c546fa70771106084bfe899130ac14007f0f5b,do-close-request-8822d7e4bd3df514031f83c895dd,97c83f3511080770b74c33c3f298cc358953127d86f5e3d68a4a982e89995433,2fa0c609f6dd72a36a1115a5a6c546fa70771106084bfe899130ac14007f0f5b,3.2866224890458398,,32,tokens,07ce01da8505b77316ad68a663962b42b792bb939be463b2d226ee6a25209241,,do-hosted-closure-20260825-r1,digitalocean_public_request_v2,True,exact_text,,False,do-close-request-829b306d94b93d29d3584e54bb3a,do-close-cell-97c83f3511080770b74c33c3f298cc358953127d86f5e3d68a4a982e89995433,False,22,matched_control_closure,do-hosted-closure-20260825-r1,direct_completion,,2026-08-25T00:28:41.091604+00:00,success,32,reasoning,streamed,2.7277659790124744,,,cap-parallel-true,False,valid_ordinary,[],True,0.5590985420276411,tool_calling,request_declared
,0,,True,,0,cache_miss_observed,8b66f3fed616343a7c9d97741208e5a21de115c50305b38370a86796a61968de,,,cap-pairwise-29,,,do-close-cell-e2824ad8ba391f0c79eb30ee81e98169e18b27d430d69a3caec92852e450cb40,1,,,True,,,"[""parameter_interactions""]",,,2026-08-25T00:28:45.032682+00:00,glm-5.2,,,8.37e-05,,length,False,0.3215143480338156,False,1.0158853490138426,200,19,99.52899519319233,False,False,,,False,,request_payload_sha256_mismatch,32,90.77942461157667,billed_completion_tokens_over_request_minus_streamed_ttft_proxy,control_before,,,,,90.77942461157667,0.35250278504099697,True,18.696859073985266,True,0.0,True,False,1.016213467984926,orphaned,abf3279c80aca4ac3c0b94db80702637327da589905aba868a34cca4033bb3d3,,28586d4dbc021d2ffba629b7eaf95724f910720ea36f450de1f121bbda6c699f,do-close-request-cdda7d3eb7f3d626808840dc664d,e2824ad8ba391f0c79eb30ee81e98169e18b27d430d69a3caec92852e450cb40,28586d4dbc021d2ffba629b7eaf95724f910720ea36f450de1f121bbda6c699f,1.368716253025923,,32,tokens,bd60066e7fddfee5cdb5e769e1c317bacd92928a2da42b4e5e00dbfc49b028a1,,do-hosted-closure-20260825-r1,digitalocean_public_request_v2,True,exact_text,,False,do-close-request-35d11c43f95169ab9d99df40ac0c,do-close-cell-e2824ad8ba391f0c79eb30ee81e98169e18b27d430d69a3caec92852e450cb40,False,19,matched_control_closure,do-hosted-closure-20260825-r1,direct_completion,,2026-08-25T00:28:43.663540+00:00,success,10,reasoning,streamed,0.3528309040120803,,,cap-pairwise-29,False,valid_ordinary,[],True,1.016213467984926,parameter_interactions,request_declared
,0,,False,,,not_reported_unknown,8b66f3fed616343a7c9d97741208e5a21de115c50305b38370a86796a61968de,,,cap-pairwise-29,,inconclusive,do-close-cell-e2824ad8ba391f0c79eb30ee81e98169e18b27d430d69a3caec92852e450cb40,1,,,True,matched_control_inconclusive,False,"[""parameter_interactions""]",,,2026-08-25T00:28:45.453570+00:00,glm-5.2,,ProviderHTTPError,0.0020483000000000003,,,False,,False,,400,,,False,False,,,False,,request_payload_sha256_mismatch,,,,probe,,,,,,,False,,True,0.0,True,False,,orphaned,abf3279c80aca4ac3c0b94db80702637327da589905aba868a34cca4033bb3d3,,05904dc55d2bef6509db8515d3e07ec4a3f82f67e414949486511a44110c56c7,do-close-request-35d11c43f95169ab9d99df40ac0c,e2824ad8ba391f0c79eb30ee81e98169e18b27d430d69a3caec92852e450cb40,05904dc55d2bef6509db8515d3e07ec4a3f82f67e414949486511a44110c56c7,0.41563274402869865,,512,tokens,,,do-hosted-closure-20260825-r1,digitalocean_public_request_v2,False,transport,,True,do-close-request-35d11c43f95169ab9d99df40ac0c,do-close-cell-e2824ad8ba391f0c79eb30ee81e98169e18b27d430d69a3caec92852e450cb40,False,,matched_control_closure,do-hosted-closure-20260825-r1,direct_completion,,2026-08-25T00:28:45.037869+00:00,client_rejection,,,unknown,,,,cap-pairwise-29,False,invalid_or_censored,"[""not_streamed_ttft_unobservable""]",False,,parameter_interactions,request_declared
,1,,False,,,not_reported_unknown,8b66f3fed616343a7c9d97741208e5a21de115c50305b38370a86796a61968de,,,parallel-tool-calls-true,,inconclusive,do-close-cell-97c83f3511080770b74c33c3f298cc358953127d86f5e3d68a4a982e89995433,1,,,True,matched_control_inconclusive,False,"[""tool_calling""]",,,2026-08-25T00:28:45.591301+00:00,qwen3.5-397b-a17b,,ProviderHTTPError,0.0010499,,,False,,False,,500,,,False,False,,,False,,request_payload_sha256_mismatch,,,,probe,,,,,,,False,,True,0.0,True,False,,orphaned,7cb6d9e7c7fa36deda69e75d41f6141d0a91904e5d93072fcd2154bf7fd50973,,e53d314365876eb81fe15ef132e0732df7c700f04d7e5bdc0b329e8c96b62761,do-close-request-829b306d94b93d29d3584e54bb3a,97c83f3511080770b74c33c3f298cc358953127d86f5e3d68a4a982e89995433,e53d314365876eb81fe15ef132e0732df7c700f04d7e5bdc0b329e8c96b62761,1.2075694779632613,,96,tokens,,,do-hosted-closure-20260825-r1,digitalocean_public_request_v2,False,transport,,True,do-close-request-829b306d94b93d29d3584e54bb3a,do-close-cell-97c83f3511080770b74c33c3f298cc358953127d86f5e3d68a4a982e89995433,True,,matched_control_closure,do-hosted-closure-20260825-r1,direct_completion,,2026-08-25T00:28:44.383675+00:00,provider_error,,,unknown,,,,cap-parallel-true,False,invalid_or_censored,"[""not_streamed_ttft_unobservable""]",False,,tool_calling,request_declared
,1,,True,,0,cache_miss_observed,8b66f3fed616343a7c9d97741208e5a21de115c50305b38370a86796a61968de,,,parallel-tool-calls-true,,,do-close-cell-97c83f3511080770b74c33c3f298cc358953127d86f5e3d68a4a982e89995433,1,,,True,,,"[""tool_calling""]",,,2026-08-25T00:28:48.974948+00:00,qwen3.5-397b-a17b,,,0.0001241,,length,False,2.508983743027784,False,0.8354793100152165,200,22,12.754167933102323,False,False,,,False,,request_payload_sha256_mismatch,32,12.589235312645222,billed_completion_tokens_over_request_minus_streamed_ttft_proxy,control_after,,,,,12.589235312645222,2.5418541480321437,True,26.32040473857228,True,0.0,True,False,0.8358534079743549,orphaned,7cb6d9e7c7fa36deda69e75d41f6141d0a91904e5d93072fcd2154bf7fd50973,,a8b223763a17380b8bc3989bdd589e8ae3891bdc0ddcc8e08828b800e66d9ec1,do-close-request-6e98eca59009218e3302bdb1f100,97c83f3511080770b74c33c3f298cc358953127d86f5e3d68a4a982e89995433,a8b223763a17380b8bc3989bdd589e8ae3891bdc0ddcc8e08828b800e66d9ec1,3.3777075560064986,,32,tokens,07ce01da8505b77316ad68a663962b42b792bb939be463b2d226ee6a25209241,,do-hosted-closure-20260825-r1,digitalocean_public_request_v2,True,exact_text,,False,do-close-request-829b306d94b93d29d3584e54bb3a,do-close-cell-97c83f3511080770b74c33c3f298cc358953127d86f5e3d68a4a982e89995433,False,22,matched_control_closure,do-hosted-closure-20260825-r1,direct_completion,,2026-08-25T00:28:45.596875+00:00,success,32,reasoning,streamed,2.542228245991282,,,cap-parallel-true,False,valid_ordinary,[],True,0.8358534079743549,tool_calling,request_declared
,0,,True,,0,cache_miss_observed,8b66f3fed616343a7c9d97741208e5a21de115c50305b38370a86796a61968de,,,cap-pairwise-29,,,do-close-cell-e2824ad8ba391f0c79eb30ee81e98169e18b27d430d69a3caec92852e450cb40,1,,,True,,,"[""parameter_interactions""]",,,2026-08-25T00:28:53.606708+00:00,glm-5.2,,,8.37e-05,,length,False,7.50736287899781,False,0.5993824500474147,200,19,4.262482114661256,False,False,,,False,,request_payload_sha256_mismatch,32,4.239624183110248,billed_completion_tokens_over_request_minus_streamed_ttft_proxy,control_after,,,,,4.239624183110248,7.547838822007179,True,31.68394698379576,True,0.0,True,False,0.5996727620367892,orphaned,abf3279c80aca4ac3c0b94db80702637327da589905aba868a34cca4033bb3d3,,88f0408828568da3cf9789a945fdc2a8e5f44730d4bd2030bcede40b45278939,do-close-request-734e1add9005383f372726b37a02,e2824ad8ba391f0c79eb30ee81e98169e18b27d430d69a3caec92852e450cb40,88f0408828568da3cf9789a945fdc2a8e5f44730d4bd2030bcede40b45278939,8.147511584043968,,32,tokens,c024e1c057b75a930f8e3a0b1c5c542c89c12e84784afd0c90114ebc66a608ba,,do-hosted-closure-20260825-r1,digitalocean_public_request_v2,True,exact_text,,False,do-close-request-35d11c43f95169ab9d99df40ac0c,do-close-cell-e2824ad8ba391f0c79eb30ee81e98169e18b27d430d69a3caec92852e450cb40,False,19,matched_control_closure,do-hosted-closure-20260825-r1,direct_completion,,2026-08-25T00:28:45.458803+00:00,success,14,reasoning,streamed,7.548129133996554,,,cap-pairwise-29,False,valid_ordinary,[],True,0.5996727620367892,parameter_interactions,request_declared
,0,,True,,0,cache_miss_observed,8b66f3fed616343a7c9d97741208e5a21de115c50305b38370a86796a61968de,,,cap-pairwise-30,,,do-close-cell-9804e623256886785b21542f4cd0eb494b5f36c18b2dfd563d43f6654cd8b976,1,,,True,,,"[""parameter_interactions""]",,,2026-08-25T00:28:54.723521+00:00,glm-5.2,,,8.580000000000001e-05,,length,False,0.3595692439703271,False,0.7294554259860888,200,22,88.99537581874148,False,False,,,False,,request_payload_sha256_mismatch,32,84.3021667632526,billed_completion_tokens_over_request_minus_streamed_ttft_proxy,control_before,,,,,84.3021667632526,0.3795869220048189,True,30.133821383429936,True,0.0,True,False,0.7300766709959134,orphaned,a442a3757a35301b313c0fbd52f5e8088f1a4c49d9d0f1788492c9a01f0db8dc,,2d78ae2c735bfe81b226bf4b60a3b893c8e631403b854b8b522327b7c2006bed,do-close-request-e97af54974a4c2f3e78b502a61cc,9804e623256886785b21542f4cd0eb494b5f36c18b2dfd563d43f6654cd8b976,2d78ae2c735bfe81b226bf4b60a3b893c8e631403b854b8b522327b7c2006bed,1.1096635930007324,,32,tokens,9d85e072019d1590debda1a1ba63cb29c70675398a45ad6c54a7b0cabfd5f321,,do-hosted-closure-20260825-r1,digitalocean_public_request_v2,True,exact_text,,False,do-close-request-17605172e637f57b0f8a2c3f6be0,do-close-cell-9804e623256886785b21542f4cd0eb494b5f36c18b2dfd563d43f6654cd8b976,False,22,matched_control_closure,do-hosted-closure-20260825-r1,direct_completion,,2026-08-25T00:28:53.613496+00:00,success,11,reasoning,streamed,0.38020816701464355,,,cap-pairwise-30,False,valid_ordinary,[],True,0.7300766709959134,parameter_interactions,request_declared
,0,,False,,,not_reported_unknown,8b66f3fed616343a7c9d97741208e5a21de115c50305b38370a86796a61968de,,,cap-pairwise-30,,inconclusive,do-close-cell-9804e623256886785b21542f4cd0eb494b5f36c18b2dfd563d43f6654cd8b976,1,,,True,matched_control_inconclusive,False,"[""parameter_interactions""]",,,2026-08-25T00:28:55.029068+00:00,glm-5.2,,ProviderHTTPError,0.0020441,,,False,,False,,400,,,False,False,,,False,,request_payload_sha256_mismatch,,,,probe,,,,,,,False,,True,0.0,True,False,,orphaned,a442a3757a35301b313c0fbd52f5e8088f1a4c49d9d0f1788492c9a01f0db8dc,,2c342b53fae2fbcba9eee8b5ed1bf323fd01e2b05c4286dd666f579120d46bf1,do-close-request-17605172e637f57b0f8a2c3f6be0,9804e623256886785b21542f4cd0eb494b5f36c18b2dfd563d43f6654cd8b976,2c342b53fae2fbcba9eee8b5ed1bf323fd01e2b05c4286dd666f579120d46bf1,0.30014062102418393,,512,tokens,,,do-hosted-closure-20260825-r1,digitalocean_public_request_v2,False,transport,,True,do-close-request-17605172e637f57b0f8a2c3f6be0,do-close-cell-9804e623256886785b21542f4cd0eb494b5f36c18b2dfd563d43f6654cd8b976,False,,matched_control_closure,do-hosted-closure-20260825-r1,direct_completion,,2026-08-25T00:28:54.728873+00:00,client_rejection,,,unknown,,,,cap-pairwise-30,False,invalid_or_censored,"[""not_streamed_ttft_unobservable""]",False,,parameter_interactions,request_declared
,0,,True,,0,cache_miss_observed,8b66f3fed616343a7c9d97741208e5a21de115c50305b38370a86796a61968de,,,tools-named,,,do-close-cell-f5fe14a93b7eddc798cecb8b6e45e394ad79109c45a6baa82084cb67277e3926,1,,,True,,,"[""tool_calling""]",,,2026-08-25T00:28:56.196915+00:00,qwen3.5-397b-a17b,,,0.0001241,,length,False,2.5202192770084366,False,0.6680227390024811,200,22,12.697307846158848,False,False,,,False,,request_payload_sha256_mismatch,32,12.576036242927893,billed_completion_tokens_over_request_minus_streamed_ttft_proxy,control_before,,,,,12.576036242927893,2.5445219289977103,True,32.91837359109951,True,0.0,True,False,0.6683197740348987,orphaned,759085c252c6f0190ce8d8b2f7138141af42fbf5fdd3eb762fb96edba75136de,,31a12625f0d35615f0a59f50037ada8f747dffb5df4b9c709896a96a9377bdbd,do-close-request-5c630f1e48eb13367dcd9ce6f2f7,f5fe14a93b7eddc798cecb8b6e45e394ad79109c45a6baa82084cb67277e3926,31a12625f0d35615f0a59f50037ada8f747dffb5df4b9c709896a96a9377bdbd,3.212841703032609,,32,tokens,524a531367b405ada5e46140fe597d62d4e96a0717e9f5f58b6437af29bf0b59,,do-hosted-closure-20260825-r1,digitalocean_public_request_v2,True,exact_text,,False,do-close-request-77f780be2e8f89965756a4847c3f,do-close-cell-f5fe14a93b7eddc798cecb8b6e45e394ad79109c45a6baa82084cb67277e3926,False,22,matched_control_closure,do-hosted-closure-20260825-r1,direct_completion,,2026-08-25T00:28:52.983688+00:00,success,32,reasoning,streamed,2.544818964030128,,,cap-tools-named,False,valid_ordinary,[],True,0.6683197740348987,tool_calling,request_declared
,0,,False,,,not_reported_unknown,8b66f3fed616343a7c9d97741208e5a21de115c50305b38370a86796a61968de,,,tools-named,,,do-close-cell-f5fe14a93b7eddc798cecb8b6e45e394ad79109c45a6baa82084cb67277e3926,1,,,True,,,"[""tool_calling""]",,,2026-08-25T00:28:57.557410+00:00,qwen3.5-397b-a17b,,ProviderHTTPError,0.0007976500000000001,,,False,,False,,500,,,False,False,,,False,,request_payload_sha256_mismatch,,,,probe,,,,,,,False,,True,0.0,True,False,,orphaned,759085c252c6f0190ce8d8b2f7138141af42fbf5fdd3eb762fb96edba75136de,,12db0d9e9fcbf3bc1e4d68e76aaeca0ca8fe5e8a62f541ba6bed63f31c471049,do-close-request-5258bee1a4b5f0384044ce6a79cc,f5fe14a93b7eddc798cecb8b6e45e394ad79109c45a6baa82084cb67277e3926,12db0d9e9fcbf3bc1e4d68e76aaeca0ca8fe5e8a62f541ba6bed63f31c471049,1.3551485170028172,,64,tokens,,,do-hosted-closure-20260825-r1,digitalocean_public_request_v2,False,transport,,False,do-close-request-77f780be2e8f89965756a4847c3f,do-close-cell-f5fe14a93b7eddc798cecb8b6e45e394ad79109c45a6baa82084cb67277e3926,True,,matched_control_closure,do-hosted-closure-20260825-r1,direct_completion,,2026-08-25T00:28:56.202207+00:00,provider_error,,,unknown,,,,cap-tools-named,False,invalid_or_censored,"[""not_streamed_ttft_unobservable""]",False,,tool_calling,request_declared
,0,,True,,0,cache_miss_observed,8b66f3fed616343a7c9d97741208e5a21de115c50305b38370a86796a61968de,,,tools-named,,,do-close-cell-f5fe14a93b7eddc798cecb8b6e45e394ad79109c45a6baa82084cb67277e3926,1,,,True,,,"[""tool_calling""]",,,2026-08-25T00:29:00.638547+00:00,qwen3.5-397b-a17b,,,0.0001241,,length,False,2.45615349302534,False,0.5919671959709376,200,22,13.028501716553697,False,False,,,False,,request_payload_sha256_mismatch,32,12.886429649540027,billed_completion_tokens_over_request_minus_streamed_ttft_proxy,control_after,,,,,12.886429649540027,2.483232429018244,True,37.099217075722784,True,0.0,True,False,0.5930044279666618,orphaned,759085c252c6f0190ce8d8b2f7138141af42fbf5fdd3eb762fb96edba75136de,,4841c0032511fccdea0cae9b43beb7b9d1b025732a4180d7180ddd175b3dd873,do-close-request-0f758ec65e5aeb3d990c554fb35f,f5fe14a93b7eddc798cecb8b6e45e394ad79109c45a6baa82084cb67277e3926,4841c0032511fccdea0cae9b43beb7b9d1b025732a4180d7180ddd175b3dd873,3.076236856984906,,32,tokens,524a531367b405ada5e46140fe597d62d4e96a0717e9f5f58b6437af29bf0b59,,do-hosted-closure-20260825-r1,digitalocean_public_request_v2,True,exact_text,,False,do-close-request-77f780be2e8f89965756a4847c3f,do-close-cell-f5fe14a93b7eddc798cecb8b6e45e394ad79109c45a6baa82084cb67277e3926,False,22,matched_control_closure,do-hosted-closure-20260825-r1,direct_completion,,2026-08-25T00:28:57.561939+00:00,success,32,reasoning,streamed,2.4842696610139683,,,cap-tools-named,False,valid_ordinary,[],True,0.5930044279666618,tool_calling,request_declared
,0,,True,,0,cache_miss_observed,8b66f3fed616343a7c9d97741208e5a21de115c50305b38370a86796a61968de,,,cap-pairwise-30,,,do-close-cell-9804e623256886785b21542f4cd0eb494b5f36c18b2dfd563d43f6654cd8b976,1,,,True,,,"[""parameter_interactions""]",,,2026-08-25T00:29:05.703404+00:00,glm-5.2,,,8.580000000000001e-05,,length,False,7.9556970759877,False,2.665892580000218,200,22,4.022274816946471,False,False,,,False,,request_payload_sha256_mismatch,32,3.9990434762769804,billed_completion_tokens_over_request_minus_streamed_ttft_proxy,control_after,,,,,3.9990434762769804,8.001913505024277,True,8.251475644467135,True,0.0,True,False,2.666189775976818,orphaned,a442a3757a35301b313c0fbd52f5e8088f1a4c49d9d0f1788492c9a01f0db8dc,,be2371f971266335f2589dc57dc6ec2c0e710f5e5930edf6bdee109b9ed27340,do-close-request-38b44ebe270e883e61f063585f3c,9804e623256886785b21542f4cd0eb494b5f36c18b2dfd563d43f6654cd8b976,be2371f971266335f2589dc57dc6ec2c0e710f5e5930edf6bdee109b9ed27340,10.668103281001095,,32,tokens,9d85e072019d1590debda1a1ba63cb29c70675398a45ad6c54a7b0cabfd5f321,,do-hosted-closure-20260825-r1,digitalocean_public_request_v2,True,exact_text,,False,do-close-request-17605172e637f57b0f8a2c3f6be0,do-close-cell-9804e623256886785b21542f4cd0eb494b5f36c18b2dfd563d43f6654cd8b976,False,22,matched_control_closure,do-hosted-closure-20260825-r1,direct_completion,,2026-08-25T00:28:55.034894+00:00,success,10,reasoning,streamed,8.002210701000877,,,cap-pairwise-30,False,valid_ordinary,[],True,2.666189775976818,parameter_interactions,request_declared
,1,,True,,0,cache_miss_observed,8b66f3fed616343a7c9d97741208e5a21de115c50305b38370a86796a61968de,,,tools-named,,,do-close-cell-f5fe14a93b7eddc798cecb8b6e45e394ad79109c45a6baa82084cb67277e3926,1,,,True,,,"[""tool_calling""]",,,2026-08-25T00:29:06.034447+00:00,qwen3.5-397b-a17b,,,0.0001241,,length,False,2.765726817015093,False,0.5038667269982398,200,22,11.570195509958557,False,False,,,False,,request_payload_sha256_mismatch,32,11.092782910299077,billed_completion_tokens_over_request_minus_streamed_ttft_proxy,control_before,,,,,11.092782910299077,2.8847585190087557,True,43.6390078292918,True,0.0,True,False,0.5041361179901287,orphaned,759085c252c6f0190ce8d8b2f7138141af42fbf5fdd3eb762fb96edba75136de,,31a12625f0d35615f0a59f50037ada8f747dffb5df4b9c709896a96a9377bdbd,do-close-request-5335b96054011e87f09fb1f2100b,f5fe14a93b7eddc798cecb8b6e45e394ad79109c45a6baa82084cb67277e3926,31a12625f0d35615f0a59f50037ada8f747dffb5df4b9c709896a96a9377bdbd,3.3888946369988844,,32,tokens,524a531367b405ada5e46140fe597d62d4e96a0717e9f5f58b6437af29bf0b59,,do-hosted-closure-20260825-r1,digitalocean_public_request_v2,True,exact_text,,False,do-close-request-77f780be2e8f89965756a4847c3f,do-close-cell-f5fe14a93b7eddc798cecb8b6e45e394ad79109c45a6baa82084cb67277e3926,False,22,matched_control_closure,do-hosted-closure-20260825-r1,direct_completion,,2026-08-25T00:29:02.645194+00:00,success,32,reasoning,streamed,2.8850279100006446,,,cap-tools-named,False,valid_ordinary,[],True,0.5041361179901287,tool_calling,request_declared
,0,,True,,0,cache_miss_observed,8b66f3fed616343a7c9d97741208e5a21de115c50305b38370a86796a61968de,,,cap-pairwise-31,,,do-close-cell-e0102621b8bb7ecac11aec7f252ee065b3dad5750a4a01830d1d643e50fabf8d,1,,,True,,,"[""parameter_interactions""]",,,2026-08-25T00:29:06.617873+00:00,glm-5.2,,,8.580000000000001e-05,,length,False,0.3638967950246297,False,0.5003676610067487,200,22,87.93702070894616,False,False,,,False,,request_payload_sha256_mismatch,32,78.87643748407179,billed_completion_tokens_over_request_minus_streamed_ttft_proxy,control_before,,,,,78.87643748407179,0.40569783601677045,True,43.9343326737272,True,0.0,True,False,0.5007473349687643,orphaned,5bcbbaab5ac4d1c68ce7df3fa5ae44647bf65dd20df58a91c212f0ef52796e3f,,2c791800d1ee039f001cd43f4519969d6890218e212a57a6f3671543d8074e98,do-close-request-e969bffb47024434d9c24de01359,e0102621b8bb7ecac11aec7f252ee065b3dad5750a4a01830d1d643e50fabf8d,2c791800d1ee039f001cd43f4519969d6890218e212a57a6f3671543d8074e98,0.9064451709855348,,32,tokens,3f3b327252ad4753e0a867bfdbb363e75ac9b913c5853304e39da0682a2fbde2,,do-hosted-closure-20260825-r1,digitalocean_public_request_v2,True,exact_text,,False,do-close-request-b31462d52a477fe91ec671cc4ab2,do-close-cell-e0102621b8bb7ecac11aec7f252ee065b3dad5750a4a01830d1d643e50fabf8d,False,22,matched_control_closure,do-hosted-closure-20260825-r1,direct_completion,,2026-08-25T00:29:05.710552+00:00,success,11,reasoning,streamed,0.4060775099787861,,,cap-pairwise-31,False,valid_ordinary,[],True,0.5007473349687643,parameter_interactions,request_declared
,0,,True,,0,cache_miss_observed,8b66f3fed616343a7c9d97741208e5a21de115c50305b38370a86796a61968de,,,cap-pairwise-15,,accepted,do-close-cell-9955d53b04a53d5b10db579c7675821344976e0e73adb1791aacce30c360bc9d,1,,,True,accepted,True,"[""parameter_interactions""]",,,2026-08-25T00:29:06.874825+00:00,qwen3.8-max,,,0.025154,,tool_calls,True,1.0100108199985698,True,1.1614958419813775,200,289,4055.402099559488,False,False,,,False,,request_payload_sha256_mismatch,4096,47.93626871219097,billed_completion_tokens_over_request_minus_streamed_ttft_proxy,probe,,,,,47.93626871219097,85.4467840330326,True,237.31944088927654,True,1.0,True,False,1.2177679119631648,orphaned,070afddae65dc113acc2cae145b8b141c348c60e7a23da8df2da343712de9eda,,c05ee8b43a7b898d364101d42dcbd96a8269bb6a3e188f11bbd6c1037200f73d,do-close-request-f9a3461624f8f5a0074b0fbf4742,9955d53b04a53d5b10db579c7675821344976e0e73adb1791aacce30c360bc9d,c05ee8b43a7b898d364101d42dcbd96a8269bb6a3e188f11bbd6c1037200f73d,86.66455194499576,,4096,tokens,692be67003bbdeb4e3dacebb07119750233fbf3a73dcf2ecf4d923acd3bdf48b,,do-hosted-closure-20260825-r1,digitalocean_public_request_v2,True,tool_exact,,True,do-close-request-f9a3461624f8f5a0074b0fbf4742,do-close-cell-9955d53b04a53d5b10db579c7675821344976e0e73adb1791aacce30c360bc9d,False,289,matched_control_closure,do-hosted-closure-20260825-r1,direct_completion,,2026-08-25T00:27:40.209881+00:00,success,28,reasoning,streamed,85.50305610301439,,,cap-pairwise-15,False,valid_ordinary,[],True,1.2177679119631648,parameter_interactions,request_declared
,0,,False,,,not_reported_unknown,8b66f3fed616343a7c9d97741208e5a21de115c50305b38370a86796a61968de,,,cap-pairwise-31,,inconclusive,do-close-cell-e0102621b8bb7ecac11aec7f252ee065b3dad5750a4a01830d1d643e50fabf8d,1,,,True,matched_control_inconclusive,False,"[""parameter_interactions""]",,,2026-08-25T00:29:06.998243+00:00,glm-5.2,,ProviderHTTPError,0.0017424,,,False,,False,,400,,,False,False,,,False,,request_payload_sha256_mismatch,,,,probe,,,,,,,False,,True,0.0,True,False,,orphaned,5bcbbaab5ac4d1c68ce7df3fa5ae44647bf65dd20df58a91c212f0ef52796e3f,,1042127bcfa71b4197c4b5e2e5af5bd45cfe46c07bc02dbeeed6357adcf6642b,do-close-request-b31462d52a477fe91ec671cc4ab2,e0102621b8bb7ecac11aec7f252ee065b3dad5750a4a01830d1d643e50fabf8d,1042127bcfa71b4197c4b5e2e5af5bd45cfe46c07bc02dbeeed6357adcf6642b,0.37554343295050785,,512,tokens,,,do-hosted-closure-20260825-r1,digitalocean_public_request_v2,False,transport,,True,do-close-request-b31462d52a477fe91ec671cc4ab2,do-close-cell-e0102621b8bb7ecac11aec7f252ee065b3dad5750a4a01830d1d643e50fabf8d,False,,matched_control_closure,do-hosted-closure-20260825-r1,direct_completion,,2026-08-25T00:29:06.622649+00:00,client_rejection,,,unknown,,,,cap-pairwise-31,False,invalid_or_censored,"[""not_streamed_ttft_unobservable""]",False,,parameter_interactions,request_declared
,1,,False,,,not_reported_unknown,8b66f3fed616343a7c9d97741208e5a21de115c50305b38370a86796a61968de,,,tools-named,,inconclusive,do-close-cell-f5fe14a93b7eddc798cecb8b6e45e394ad79109c45a6baa82084cb67277e3926,1,,,True,matched_control_inconclusive,False,"[""tool_calling""]",,,2026-08-25T00:29:07.393142+00:00,qwen3.5-397b-a17b,,ProviderHTTPError,0.0007976500000000001,,,False,,False,,500,,,False,False,,,False,,request_payload_sha256_mismatch,,,,probe,,,,,,,False,,True,0.0,True,False,,orphaned,759085c252c6f0190ce8d8b2f7138141af42fbf5fdd3eb762fb96edba75136de,,12db0d9e9fcbf3bc1e4d68e76aaeca0ca8fe5e8a62f541ba6bed63f31c471049,do-close-request-77f780be2e8f89965756a4847c3f,f5fe14a93b7eddc798cecb8b6e45e394ad79109c45a6baa82084cb67277e3926,12db0d9e9fcbf3bc1e4d68e76aaeca0ca8fe5e8a62f541ba6bed63f31c471049,1.353259609953966,,64,tokens,,,do-hosted-closure-20260825-r1,digitalocean_public_request_v2,False,transport,,True,do-close-request-77f780be2e8f89965756a4847c3f,do-close-cell-f5fe14a93b7eddc798cecb8b6e45e394ad79109c45a6baa82084cb67277e3926,True,,matched_control_closure,do-hosted-closure-20260825-r1,direct_completion,,2026-08-25T00:29:06.039828+00:00,provider_error,,,unknown,,,,cap-tools-named,False,invalid_or_censored,"[""not_streamed_ttft_unobservable""]",False,,tool_calling,request_declared
,0,,True,,0,cache_miss_observed,8b66f3fed616343a7c9d97741208e5a21de115c50305b38370a86796a61968de,,,cap-pairwise-15,,,do-close-cell-9955d53b04a53d5b10db579c7675821344976e0e73adb1791aacce30c360bc9d,1,,,True,,,"[""parameter_interactions""]",,,2026-08-25T00:29:07.522396+00:00,qwen3.8-max,,,9.8e-05,,stop,True,0.10848622699268162,True,0.5027764579863288,200,22,82.9598396910525,False,False,,,False,,request_payload_sha256_mismatch,9,64.87223996253603,billed_completion_tokens_over_request_minus_streamed_ttft_proxy,control_after,,,,,64.87223996253603,0.1387342259986326,True,43.73466172164506,True,1.0,True,False,0.5030335009796545,orphaned,070afddae65dc113acc2cae145b8b141c348c60e7a23da8df2da343712de9eda,,b041f1198e19f20066efa147f85beb015e42e68db4156d26cd7e2dd972512bb8,do-close-request-41f9ed50ae872bfd1fa0f2e4118c,9955d53b04a53d5b10db579c7675821344976e0e73adb1791aacce30c360bc9d,b041f1198e19f20066efa147f85beb015e42e68db4156d26cd7e2dd972512bb8,0.6417677269782871,,32,tokens,87b58ed7885786e29f2d8664a42081c380968158569cc3f6e8aeb9b8df8b58a7,,do-hosted-closure-20260825-r1,digitalocean_public_request_v2,True,exact_text,,False,do-close-request-f9a3461624f8f5a0074b0fbf4742,do-close-cell-9955d53b04a53d5b10db579c7675821344976e0e73adb1791aacce30c360bc9d,False,22,matched_control_closure,do-hosted-closure-20260825-r1,direct_completion,,2026-08-25T00:29:06.880245+00:00,success,8,content,streamed,0.13899126899195835,,,cap-pairwise-15,False,valid_ordinary,[],True,0.5030335009796545,parameter_interactions,request_declared
,0,,True,,0,cache_miss_observed,8b66f3fed616343a7c9d97741208e5a21de115c50305b38370a86796a61968de,,,cap-pairwise-32,,,do-close-cell-6e67fc4cad65a5642fe4903025a4cfe465b58f1f2349b631fc09977f2d7cb146,1,,,True,,,"[""parameter_interactions""]",,,2026-08-25T00:29:08.336879+00:00,qwen3.8-max,,,0.000106,,stop,True,0.11856795998755842,True,0.6100449410150759,200,23,84.33981660011119,False,False,,,False,,request_payload_sha256_mismatch,10,51.0140982863488,billed_completion_tokens_over_request_minus_streamed_ttft_proxy,control_before,,,,,51.0140982863488,0.19602424302138388,True,37.68583670682215,True,1.0,True,False,0.6103088589734398,orphaned,bcda6f750fbce44c0d61b17e940b4dd080c258629d6c0a485dbaa5a31c045249,,42636077ad6285f978054810095e20aa6f572eabb12a712e75f3bd116a71a253,do-close-request-969e0c69daf5fee04a8c35d5aa6d,6e67fc4cad65a5642fe4903025a4cfe465b58f1f2349b631fc09977f2d7cb146,42636077ad6285f978054810095e20aa6f572eabb12a712e75f3bd116a71a253,0.8063331019948237,,32,tokens,1632e3eb3e04a0c142ff5a10a9cf3eec2a14d7288272ce7539299c3a9bb4215b,,do-hosted-closure-20260825-r1,digitalocean_public_request_v2,True,exact_text,,False,do-close-request-3e5f68ae8c3dd2c3967b8a1f933d,do-close-cell-6e67fc4cad65a5642fe4903025a4cfe465b58f1f2349b631fc09977f2d7cb146,False,23,matched_control_closure,do-hosted-closure-20260825-r1,direct_completion,,2026-08-25T00:29:07.529686+00:00,success,9,content,streamed,0.19628816097974777,,,cap-pairwise-32,False,valid_ordinary,[],True,0.6103088589734398,parameter_interactions,request_declared
,1,,True,,0,cache_miss_observed,8b66f3fed616343a7c9d97741208e5a21de115c50305b38370a86796a61968de,,,tools-named,,,do-close-cell-f5fe14a93b7eddc798cecb8b6e45e394ad79109c45a6baa82084cb67277e3926,1,,,True,,,"[""tool_calling""]",,,2026-08-25T00:29:10.417844+00:00,qwen3.5-397b-a17b,,,0.0001241,,length,False,2.4846764680114575,False,0.5234608249738812,200,22,12.878940341721963,False,False,,,False,,request_payload_sha256_mismatch,32,12.823202060792319,billed_completion_tokens_over_request_minus_streamed_ttft_proxy,control_after,,,,,12.823202060792319,2.495476546988357,True,42.005715961876604,True,0.0,True,False,0.5237382460036315,orphaned,759085c252c6f0190ce8d8b2f7138141af42fbf5fdd3eb762fb96edba75136de,,4841c0032511fccdea0cae9b43beb7b9d1b025732a4180d7180ddd175b3dd873,do-close-request-1e27ebad503d00c0bf2521d621ad,f5fe14a93b7eddc798cecb8b6e45e394ad79109c45a6baa82084cb67277e3926,4841c0032511fccdea0cae9b43beb7b9d1b025732a4180d7180ddd175b3dd873,3.0192147929919884,,32,tokens,524a531367b405ada5e46140fe597d62d4e96a0717e9f5f58b6437af29bf0b59,,do-hosted-closure-20260825-r1,digitalocean_public_request_v2,True,exact_text,,False,do-close-request-77f780be2e8f89965756a4847c3f,do-close-cell-f5fe14a93b7eddc798cecb8b6e45e394ad79109c45a6baa82084cb67277e3926,False,22,matched_control_closure,do-hosted-closure-20260825-r1,direct_completion,,2026-08-25T00:29:07.398279+00:00,success,32,reasoning,streamed,2.495753968018107,,,cap-tools-named,False,valid_ordinary,[],True,0.5237382460036315,tool_calling,request_declared
,0,,True,,0,cache_miss_observed,8b66f3fed616343a7c9d97741208e5a21de115c50305b38370a86796a61968de,,,cap-pairwise-31,,,do-close-cell-e0102621b8bb7ecac11aec7f252ee065b3dad5750a4a01830d1d643e50fabf8d,1,,,True,,,"[""parameter_interactions""]",,,2026-08-25T00:29:10.839905+00:00,glm-5.2,,,8.580000000000001e-05,,length,False,2.2766762919491157,False,1.5406120799598284,200,22,14.055577471931265,False,False,,,False,,request_payload_sha256_mismatch,32,13.944778252817029,billed_completion_tokens_over_request_minus_streamed_ttft_proxy,control_after,,,,,13.944778252817029,2.2947657839977182,True,14.277535038188573,True,0.0,True,False,1.5408822280005552,orphaned,5bcbbaab5ac4d1c68ce7df3fa5ae44647bf65dd20df58a91c212f0ef52796e3f,,6f7210bb65748e844f6669bd839f3481e032f1d22b684b2a596422ff171ac066,do-close-request-922b4853a6abb7db0d4e7f0a9da7,e0102621b8bb7ecac11aec7f252ee065b3dad5750a4a01830d1d643e50fabf8d,6f7210bb65748e844f6669bd839f3481e032f1d22b684b2a596422ff171ac066,3.8356480119982734,,32,tokens,e9dca67b07014a33f711f4aed361f19dc3cbb2372fc53070157dd288987a0acb,,do-hosted-closure-20260825-r1,digitalocean_public_request_v2,True,exact_text,,False,do-close-request-b31462d52a477fe91ec671cc4ab2,do-close-cell-e0102621b8bb7ecac11aec7f252ee065b3dad5750a4a01830d1d643e50fabf8d,False,22,matched_control_closure,do-hosted-closure-20260825-r1,direct_completion,,2026-08-25T00:29:07.003576+00:00,success,11,reasoning,streamed,2.295035932038445,,,cap-pairwise-31,False,valid_ordinary,[],True,1.5408822280005552,parameter_interactions,request_declared
,0,,True,,0,cache_miss_observed,8b66f3fed616343a7c9d97741208e5a21de115c50305b38370a86796a61968de,,,cap-pairwise-32,,,do-close-cell-dd03f9c8a331cafe2f941e3efc6b975b5d59e261b39c605543ca4b6cc77ea5ff,1,,,True,,,"[""parameter_interactions""]",,,2026-08-25T00:29:11.764320+00:00,glm-5.2,,,8.44e-05,,length,False,0.3969474390032701,False,0.4817631799960509,200,20,80.61520709228301,False,False,,,False,,request_payload_sha256_mismatch,32,73.67393455751086,billed_completion_tokens_over_request_minus_streamed_ttft_proxy,control_before,,,,,73.67393455751086,0.43434628803515807,True,41.49360444960485,True,0.0,True,False,0.48200199200073257,orphaned,4f4b8c9b4ef094a61961e23149224008d385984bb693f3a23acde38db57c7bba,,39c190877a4dae26fea557f0038f8c94c72c3cf03bdba6d4d201fbd0c1646063,do-close-request-b6b21dec6e008b09f4641d2a7868,dd03f9c8a331cafe2f941e3efc6b975b5d59e261b39c605543ca4b6cc77ea5ff,39c190877a4dae26fea557f0038f8c94c72c3cf03bdba6d4d201fbd0c1646063,0.9163482800358906,,32,tokens,c44721cbd17cd8c1959c30e79453653ab06ae4f76e0a3e0b2344bec1f62f8e56,,do-hosted-closure-20260825-r1,digitalocean_public_request_v2,True,exact_text,,False,do-close-request-f3b6b2aba80bc84e41830069674d,do-close-cell-dd03f9c8a331cafe2f941e3efc6b975b5d59e261b39c605543ca4b6cc77ea5ff,False,20,matched_control_closure,do-hosted-closure-20260825-r1,direct_completion,,2026-08-25T00:29:10.847247+00:00,success,11,reasoning,streamed,0.43458510003983974,,,cap-pairwise-32,False,valid_ordinary,[],True,0.48200199200073257,parameter_interactions,request_declared
,0,,False,,,not_reported_unknown,8b66f3fed616343a7c9d97741208e5a21de115c50305b38370a86796a61968de,,,cap-pairwise-32,,inconclusive,do-close-cell-dd03f9c8a331cafe2f941e3efc6b975b5d59e261b39c605543ca4b6cc77ea5ff,1,,,True,matched_control_inconclusive,False,"[""parameter_interactions""]",,,2026-08-25T00:29:12.053394+00:00,glm-5.2,,ProviderHTTPError,0.0007840999999999999,,,False,,False,,400,,,False,False,,,False,,request_payload_sha256_mismatch,,,,probe,,,,,,,False,,True,0.0,True,False,,orphaned,4f4b8c9b4ef094a61961e23149224008d385984bb693f3a23acde38db57c7bba,,8093b30fba0d143c5e6c31a00c945a71a0410cd64604d4af4261183831f86bbf,do-close-request-f3b6b2aba80bc84e41830069674d,dd03f9c8a331cafe2f941e3efc6b975b5d59e261b39c605543ca4b6cc77ea5ff,8093b30fba0d143c5e6c31a00c945a71a0410cd64604d4af4261183831f86bbf,0.2841099100187421,,64,tokens,,,do-hosted-closure-20260825-r1,digitalocean_public_request_v2,False,transport,,True,do-close-request-f3b6b2aba80bc84e41830069674d,do-close-cell-dd03f9c8a331cafe2f941e3efc6b975b5d59e261b39c605543ca4b6cc77ea5ff,False,,matched_control_closure,do-hosted-closure-20260825-r1,direct_completion,,2026-08-25T00:29:11.769228+00:00,client_rejection,,,unknown,,,,cap-pairwise-32,False,invalid_or_censored,"[""not_streamed_ttft_unobservable""]",False,,parameter_interactions,request_declared
,0,,True,,0,cache_miss_observed,8b66f3fed616343a7c9d97741208e5a21de115c50305b38370a86796a61968de,,,cap-pairwise-32,,,do-close-cell-dd03f9c8a331cafe2f941e3efc6b975b5d59e261b39c605543ca4b6cc77ea5ff,1,,,True,,,"[""parameter_interactions""]",,,2026-08-25T00:29:16.248618+00:00,glm-5.2,,,8.44e-05,,length,False,3.5403442220413126,False,0.6205512470332906,200,20,9.038669121713044,False,False,,,False,,request_payload_sha256_mismatch,32,8.966600160814345,billed_completion_tokens_over_request_minus_streamed_ttft_proxy,control_after,,,,,8.966600160814345,3.56879970402224,True,32.2154459236827,True,0.0,True,False,0.6208202129928395,orphaned,4f4b8c9b4ef094a61961e23149224008d385984bb693f3a23acde38db57c7bba,,a9605b9f48cab4ebed316cfaf842b21ef5146b55e472f4a7b52366b9e4e2f905,do-close-request-61d3d70ac50f3b0978e641de8b0a,dd03f9c8a331cafe2f941e3efc6b975b5d59e261b39c605543ca4b6cc77ea5ff,a9605b9f48cab4ebed316cfaf842b21ef5146b55e472f4a7b52366b9e4e2f905,4.189619917015079,,32,tokens,7dbfddfd5642574d3d2e228e721b8b669981fb6808b01fcf2a6ef89ced24fbf8,,do-hosted-closure-20260825-r1,digitalocean_public_request_v2,True,exact_text,,False,do-close-request-f3b6b2aba80bc84e41830069674d,do-close-cell-dd03f9c8a331cafe2f941e3efc6b975b5d59e261b39c605543ca4b6cc77ea5ff,False,20,matched_control_closure,do-hosted-closure-20260825-r1,direct_completion,,2026-08-25T00:29:12.058372+00:00,success,16,reasoning,streamed,3.569068669981789,,,cap-pairwise-32,False,valid_ordinary,[],True,0.6208202129928395,parameter_interactions,request_declared
,0,,True,,0,cache_miss_observed,8b66f3fed616343a7c9d97741208e5a21de115c50305b38370a86796a61968de,,,cap-pairwise-33,,,do-close-cell-867b97b816588b3c00c95a58bd1fffda2f45cacf77b8d2c7e5db02018d8b9c8f,1,,,True,,,"[""parameter_interactions""]",,,2026-08-25T00:29:17.226608+00:00,glm-5.2,,,8.72e-05,,length,False,0.3989171109860763,False,0.5372777449665591,200,24,80.21716571871222,False,False,,,False,,request_payload_sha256_mismatch,32,74.04783629202983,billed_completion_tokens_over_request_minus_streamed_ttft_proxy,control_before,,,,,74.04783629202983,0.4321530729648657,True,44.64858197687738,True,0.0,True,False,0.5375310690142214,orphaned,f5e22f5b75514d2c0afee5323744836cd7e5bdeef60c058a28469b568b5476dc,,b3f52af621ac5bad0871028764338c6158ea4551437374ab18d43e93d6370105,do-close-request-99964db3ff94c0921930a192beca,867b97b816588b3c00c95a58bd1fffda2f45cacf77b8d2c7e5db02018d8b9c8f,b3f52af621ac5bad0871028764338c6158ea4551437374ab18d43e93d6370105,0.9696841419790871,,32,tokens,f38642d628240ad6b1f3cb126f4bd7ba08cb0005a02c26d31475d8e08c2f2f19,,do-hosted-closure-20260825-r1,digitalocean_public_request_v2,True,exact_text,,False,do-close-request-5299d7b6d98b1577c6f7c8dbcbda,do-close-cell-867b97b816588b3c00c95a58bd1fffda2f45cacf77b8d2c7e5db02018d8b9c8f,False,24,matched_control_closure,do-hosted-closure-20260825-r1,direct_completion,,2026-08-25T00:29:16.256524+00:00,success,11,reasoning,streamed,0.43240639701252803,,,cap-pairwise-33,False,valid_ordinary,[],True,0.5375310690142214,parameter_interactions,request_declared
,0,,True,,0,cache_miss_observed,8b66f3fed616343a7c9d97741208e5a21de115c50305b38370a86796a61968de,,,tools-required,,,do-close-cell-1385f905df16ba49c972a7d15b83a435442b1bc9077feb273d28015308d090c9,1,,,True,,,"[""tool_calling""]",,,2026-08-25T00:29:17.547941+00:00,qwen3.5-397b-a17b,,,0.0001241,,length,False,2.4894141210243106,False,0.5939452979946509,200,22,12.854430176861483,False,False,,,False,,request_payload_sha256_mismatch,32,12.66732381840244,billed_completion_tokens_over_request_minus_streamed_ttft_proxy,control_before,,,,,12.66732381840244,2.5261847299989313,True,37.02279840487514,True,0.0,True,False,0.594228447007481,orphaned,7056a1b31518371a8cacd4b9d55ed720553180e169c52435069859ae9d8ffc33,,7f5dff5b8d3f616acc4095e7026fb886613d746fd33a54c3fe2e3316ad96dadb,do-close-request-f09c5bae9169f50415340d498f4f,1385f905df16ba49c972a7d15b83a435442b1bc9077feb273d28015308d090c9,7f5dff5b8d3f616acc4095e7026fb886613d746fd33a54c3fe2e3316ad96dadb,3.1204131770064123,,32,tokens,bbc5ee3657c3fc6376483ea5662ef1fc497dc534826c621e3dc952dc77247a90,,do-hosted-closure-20260825-r1,digitalocean_public_request_v2,True,exact_text,,False,do-close-request-7bb75b78a547865753efa395915d,do-close-cell-1385f905df16ba49c972a7d15b83a435442b1bc9077feb273d28015308d090c9,False,22,matched_control_closure,do-hosted-closure-20260825-r1,direct_completion,,2026-08-25T00:29:14.426638+00:00,success,32,reasoning,streamed,2.5264678790117614,,,cap-tools-required,False,valid_ordinary,[],True,0.594228447007481,tool_calling,request_declared
,0,,False,,,not_reported_unknown,8b66f3fed616343a7c9d97741208e5a21de115c50305b38370a86796a61968de,,,cap-pairwise-33,,inconclusive,do-close-cell-867b97b816588b3c00c95a58bd1fffda2f45cacf77b8d2c7e5db02018d8b9c8f,1,,,True,matched_control_inconclusive,False,"[""parameter_interactions""]",,,2026-08-25T00:29:17.584478+00:00,glm-5.2,,ProviderHTTPError,0.009861700000000001,,,False,,False,,400,,,False,False,,,False,,request_payload_sha256_mismatch,,,,probe,,,,,,,False,,True,0.0,True,False,,orphaned,f5e22f5b75514d2c0afee5323744836cd7e5bdeef60c058a28469b568b5476dc,,b32163f5a9c39f7df279de2ff23c6d2749f4d3f98bcce25f494c51f27e455101,do-close-request-5299d7b6d98b1577c6f7c8dbcbda,867b97b816588b3c00c95a58bd1fffda2f45cacf77b8d2c7e5db02018d8b9c8f,b32163f5a9c39f7df279de2ff23c6d2749f4d3f98bcce25f494c51f27e455101,0.3522719939937815,,4096,tokens,,,do-hosted-closure-20260825-r1,digitalocean_public_request_v2,False,transport,,True,do-close-request-5299d7b6d98b1577c6f7c8dbcbda,do-close-cell-867b97b816588b3c00c95a58bd1fffda2f45cacf77b8d2c7e5db02018d8b9c8f,False,,matched_control_closure,do-hosted-closure-20260825-r1,direct_completion,,2026-08-25T00:29:17.232153+00:00,client_rejection,,,unknown,,,,cap-pairwise-33,False,invalid_or_censored,"[""not_streamed_ttft_unobservable""]",False,,parameter_interactions,request_declared
,0,,True,,0,cache_miss_observed,8b66f3fed616343a7c9d97741208e5a21de115c50305b38370a86796a61968de,,,cap-pairwise-33,,,do-close-cell-867b97b816588b3c00c95a58bd1fffda2f45cacf77b8d2c7e5db02018d8b9c8f,1,,,True,,,"[""parameter_interactions""]",,,2026-08-25T00:29:18.348894+00:00,glm-5.2,,,8.72e-05,,length,False,0.22297276399331167,False,0.5015260159852915,200,24,143.51528602372207,False,False,,,False,,request_payload_sha256_mismatch,32,124.55110661784458,billed_completion_tokens_over_request_minus_streamed_ttft_proxy,control_after,,,,,124.55110661784458,0.25692264700774103,True,47.831215407591024,True,0.0,True,False,0.5017643769970164,orphaned,f5e22f5b75514d2c0afee5323744836cd7e5bdeef60c058a28469b568b5476dc,,be9a5df4c624cef282990772158c2af19b8b5dfe908bd46ff7890bb451235843,do-close-request-abeb382c3a463875bb66ba743bcc,867b97b816588b3c00c95a58bd1fffda2f45cacf77b8d2c7e5db02018d8b9c8f,be9a5df4c624cef282990772158c2af19b8b5dfe908bd46ff7890bb451235843,0.7586870240047574,,32,tokens,da68279fe02ceb3e2fcf31618d8a9ed45b4908c9024056dba319948d0f847ee8,,do-hosted-closure-20260825-r1,digitalocean_public_request_v2,True,exact_text,,False,do-close-request-5299d7b6d98b1577c6f7c8dbcbda,do-close-cell-867b97b816588b3c00c95a58bd1fffda2f45cacf77b8d2c7e5db02018d8b9c8f,False,24,matched_control_closure,do-hosted-closure-20260825-r1,direct_completion,,2026-08-25T00:29:17.589526+00:00,success,9,reasoning,streamed,0.25716100801946595,,,cap-pairwise-33,False,valid_ordinary,[],True,0.5017643769970164,parameter_interactions,request_declared
,0,,False,,,not_reported_unknown,8b66f3fed616343a7c9d97741208e5a21de115c50305b38370a86796a61968de,,,tools-required,,,do-close-cell-1385f905df16ba49c972a7d15b83a435442b1bc9077feb273d28015308d090c9,1,,,True,,,"[""tool_calling""]",,,2026-08-25T00:29:18.706271+00:00,qwen3.5-397b-a17b,,ProviderHTTPError,0.00077235,,,False,,False,,500,,,False,False,,,False,,request_payload_sha256_mismatch,,,,probe,,,,,,,False,,True,0.0,True,False,,orphaned,7056a1b31518371a8cacd4b9d55ed720553180e169c52435069859ae9d8ffc33,,9e3577a0a9fef79920037dd277ab4c69181afa3dbda350df88be48391cd9ab2a,do-close-request-7093e3824516741ddddee5b0e995,1385f905df16ba49c972a7d15b83a435442b1bc9077feb273d28015308d090c9,9e3577a0a9fef79920037dd277ab4c69181afa3dbda350df88be48391cd9ab2a,1.1527282949537039,,64,tokens,,,do-hosted-closure-20260825-r1,digitalocean_public_request_v2,False,transport,,False,do-close-request-7bb75b78a547865753efa395915d,do-close-cell-1385f905df16ba49c972a7d15b83a435442b1bc9077feb273d28015308d090c9,True,,matched_control_closure,do-hosted-closure-20260825-r1,direct_completion,,2026-08-25T00:29:17.553488+00:00,provider_error,,,unknown,,,,cap-tools-required,False,invalid_or_censored,"[""not_streamed_ttft_unobservable""]",False,,tool_calling,request_declared
,0,,True,,0,cache_miss_observed,8b66f3fed616343a7c9d97741208e5a21de115c50305b38370a86796a61968de,,,cap-pairwise-34,,,do-close-cell-c5bc2031205d3fbf35400cf6e79012450f0692e930fbe5411dc823fa0d4a1887,1,,,True,,,"[""parameter_interactions""]",,,2026-08-25T00:29:19.081261+00:00,glm-5.2,,,3.74e-05,,stop,True,0.07031386398011819,True,0.5935592459863983,200,22,142.2194633312654,False,False,,,False,,request_payload_sha256_mismatch,10,,,control_before,,,,,,0.09797714196611196,True,35.0723057745513,True,1.0,True,False,0.6272755530080758,orphaned,6505b0552d8ea623d1a895c6645ee3570c32b133c5867e80cb2e68acad7baf9c,,c809769df6a7306eb861a04c6ca510589b3c28262da7af39b8ab06be140029e6,do-close-request-e50d6d87bccc7801db1f2b031226,c5bc2031205d3fbf35400cf6e79012450f0692e930fbe5411dc823fa0d4a1887,c809769df6a7306eb861a04c6ca510589b3c28262da7af39b8ab06be140029e6,0.7252526949741878,,32,tokens,37ba1a8fab8d03c9332e2dd3d5a0620cd820aff2f4af85ad92f6c58bf8c8e982,,do-hosted-closure-20260825-r1,digitalocean_public_request_v2,True,exact_text,,False,do-close-request-89d53477872ef73559c6b35cfd2b,do-close-cell-c5bc2031205d3fbf35400cf6e79012450f0692e930fbe5411dc823fa0d4a1887,False,22,matched_control_closure,do-hosted-closure-20260825-r1,direct_completion,,2026-08-25T00:29:18.355674+00:00,success,3,content,streamed,0.13169344898778945,,,cap-pairwise-34,False,invalid_or_censored,"[""post_ttft_interval_below_100ms_unstable_rate""]",True,0.6272755530080758,parameter_interactions,request_declared
,0,,False,,,not_reported_unknown,8b66f3fed616343a7c9d97741208e5a21de115c50305b38370a86796a61968de,,,cap-pairwise-34,,inconclusive,do-close-cell-c5bc2031205d3fbf35400cf6e79012450f0692e930fbe5411dc823fa0d4a1887,1,,,True,matched_control_inconclusive,False,"[""parameter_interactions""]",,,2026-08-25T00:29:19.381101+00:00,glm-5.2,,ProviderHTTPError,0.000782,,,False,,False,,400,,,False,False,,,False,,request_payload_sha256_mismatch,,,,probe,,,,,,,False,,True,0.0,True,False,,orphaned,6505b0552d8ea623d1a895c6645ee3570c32b133c5867e80cb2e68acad7baf9c,,37182e4392441f800b3b3451522725e2fb45df33ae5ee8d05e1723fcf8bc8df8,do-close-request-89d53477872ef73559c6b35cfd2b,c5bc2031205d3fbf35400cf6e79012450f0692e930fbe5411dc823fa0d4a1887,37182e4392441f800b3b3451522725e2fb45df33ae5ee8d05e1723fcf8bc8df8,0.29467227996792644,,64,tokens,,,do-hosted-closure-20260825-r1,digitalocean_public_request_v2,False,transport,,True,do-close-request-89d53477872ef73559c6b35cfd2b,do-close-cell-c5bc2031205d3fbf35400cf6e79012450f0692e930fbe5411dc823fa0d4a1887,False,,matched_control_closure,do-hosted-closure-20260825-r1,direct_completion,,2026-08-25T00:29:19.086379+00:00,client_rejection,,,unknown,,,,cap-pairwise-34,False,invalid_or_censored,"[""not_streamed_ttft_unobservable""]",False,,parameter_interactions,request_declared
,0,,True,,0,cache_miss_observed,8b66f3fed616343a7c9d97741208e5a21de115c50305b38370a86796a61968de,,,tools-required,,,do-close-cell-1385f905df16ba49c972a7d15b83a435442b1bc9077feb273d28015308d090c9,1,,,True,,,"[""tool_calling""]",,,2026-08-25T00:29:21.716227+00:00,qwen3.5-397b-a17b,,,0.0001241,,length,False,2.4721282399841584,False,0.5082548439968377,200,22,12.944312306470419,False,False,,,False,,request_payload_sha256_mismatch,32,12.824593430545587,billed_completion_tokens_over_request_minus_streamed_ttft_proxy,control_after,,,,,12.824593430545587,2.4952058069757186,True,43.25406207255958,True,0.0,True,False,0.5086227499996312,orphaned,7056a1b31518371a8cacd4b9d55ed720553180e169c52435069859ae9d8ffc33,,70c2362426e0535925f149d39d963e08fe3275f9fe3e2a3828e2cbcbf18e9990,do-close-request-940c222c6466d452e8383f4e626e,1385f905df16ba49c972a7d15b83a435442b1bc9077feb273d28015308d090c9,70c2362426e0535925f149d39d963e08fe3275f9fe3e2a3828e2cbcbf18e9990,3.00382855697535,,32,tokens,bbc5ee3657c3fc6376483ea5662ef1fc497dc534826c621e3dc952dc77247a90,,do-hosted-closure-20260825-r1,digitalocean_public_request_v2,True,exact_text,,False,do-close-request-7bb75b78a547865753efa395915d,do-close-cell-1385f905df16ba49c972a7d15b83a435442b1bc9077feb273d28015308d090c9,False,22,matched_control_closure,do-hosted-closure-20260825-r1,direct_completion,,2026-08-25T00:29:18.712046+00:00,success,32,reasoning,streamed,2.495573712978512,,,cap-tools-required,False,valid_ordinary,[],True,0.5086227499996312,tool_calling,request_declared
,0,,True,,0,cache_miss_observed,8b66f3fed616343a7c9d97741208e5a21de115c50305b38370a86796a61968de,,,cap-pairwise-34,,,do-close-cell-c5bc2031205d3fbf35400cf6e79012450f0692e930fbe5411dc823fa0d4a1887,1,,,True,,,"[""parameter_interactions""]",,,2026-08-25T00:29:21.772281+00:00,glm-5.2,,,8.580000000000001e-05,,length,False,1.0946609469829127,False,1.2554218079894781,200,22,29.232795860853443,False,False,,,False,,request_payload_sha256_mismatch,32,28.33495781463214,billed_completion_tokens_over_request_minus_streamed_ttft_proxy,control_after,,,,,28.33495781463214,1.12934701400809,True,17.520216103259337,True,0.0,True,False,1.2556922740186565,orphaned,6505b0552d8ea623d1a895c6645ee3570c32b133c5867e80cb2e68acad7baf9c,,b562bb4523a56a2de20cf414c4fa26bf8b31abcfc1578f890fa9435ae9cca8ef,do-close-request-19a32d1381dfb4442c4a59acdfdb,c5bc2031205d3fbf35400cf6e79012450f0692e930fbe5411dc823fa0d4a1887,b562bb4523a56a2de20cf414c4fa26bf8b31abcfc1578f890fa9435ae9cca8ef,2.3850392880267464,,32,tokens,c3085cb51807c9afe8affe9d13db61492666e1fc32e169ad13f50b87c848fe69,,do-hosted-closure-20260825-r1,digitalocean_public_request_v2,True,exact_text,,False,do-close-request-89d53477872ef73559c6b35cfd2b,do-close-cell-c5bc2031205d3fbf35400cf6e79012450f0692e930fbe5411dc823fa0d4a1887,False,22,matched_control_closure,do-hosted-closure-20260825-r1,direct_completion,,2026-08-25T00:29:19.386900+00:00,success,11,reasoning,streamed,1.1296174800372683,,,cap-pairwise-34,False,valid_ordinary,[],True,1.2556922740186565,parameter_interactions,request_declared
,1,,True,,0,cache_miss_observed,8b66f3fed616343a7c9d97741208e5a21de115c50305b38370a86796a61968de,,,tools-required,,,do-close-cell-1385f905df16ba49c972a7d15b83a435442b1bc9077feb273d28015308d090c9,1,,,True,,,"[""tool_calling""]",,,2026-08-25T00:29:26.745492+00:00,qwen3.5-397b-a17b,,,0.0001241,,length,False,2.460852651973255,False,0.5505269870045595,200,22,13.003622941154374,False,False,,,False,,request_payload_sha256_mismatch,32,12.952694701415584,billed_completion_tokens_over_request_minus_streamed_ttft_proxy,control_before,,,,,12.952694701415584,2.4705283910152502,True,39.942256568107375,True,0.0,True,False,0.5507951200124808,orphaned,7056a1b31518371a8cacd4b9d55ed720553180e169c52435069859ae9d8ffc33,,7f5dff5b8d3f616acc4095e7026fb886613d746fd33a54c3fe2e3316ad96dadb,do-close-request-c40fa6fc133c529ba9c519b8a3cd,1385f905df16ba49c972a7d15b83a435442b1bc9077feb273d28015308d090c9,7f5dff5b8d3f616acc4095e7026fb886613d746fd33a54c3fe2e3316ad96dadb,3.021323511027731,,32,tokens,bbc5ee3657c3fc6376483ea5662ef1fc497dc534826c621e3dc952dc77247a90,,do-hosted-closure-20260825-r1,digitalocean_public_request_v2,True,exact_text,,False,do-close-request-7bb75b78a547865753efa395915d,do-close-cell-1385f905df16ba49c972a7d15b83a435442b1bc9077feb273d28015308d090c9,False,22,matched_control_closure,do-hosted-closure-20260825-r1,direct_completion,,2026-08-25T00:29:23.723291+00:00,success,32,reasoning,streamed,2.4707965240231715,,,cap-tools-required,False,valid_ordinary,[],True,0.5507951200124808,tool_calling,request_declared
,0,,True,,0,cache_miss_observed,8b66f3fed616343a7c9d97741208e5a21de115c50305b38370a86796a61968de,,,cap-pairwise-35,,,do-close-cell-03585c5570e203d065d928c9ada0435fd1cef6186267085e339c6a5cd7efa4e1,1,,,True,,,"[""structured_output""]",,,2026-08-25T00:29:26.778061+00:00,glm-5.2,,,8.580000000000001e-05,,length,False,4.279049056000076,False,0.6856438540271483,200,22,7.478297065823456,False,False,,,False,,request_payload_sha256_mismatch,32,7.4219253187159815,billed_completion_tokens_over_request_minus_streamed_ttft_proxy,control_before,,,,,7.4219253187159815,4.311549715988804,True,32.07539411076557,True,0.0,True,False,0.685884012025781,orphaned,b4c2c33254ad83c033b7678f020f3f527a8ee1af72884cc5c69695c34f9fbd7d,,b15fad0737fc4c3d331488cd59b3d5e1c3be640e1c447072c2cb3b119ee8fdc5,do-close-request-ce634043119953831c7ef83cf0ae,03585c5570e203d065d928c9ada0435fd1cef6186267085e339c6a5cd7efa4e1,b15fad0737fc4c3d331488cd59b3d5e1c3be640e1c447072c2cb3b119ee8fdc5,4.997433728014585,,32,tokens,e5a56d90d1d74ad35b9592579bb7977a4fec465fe05a6368e504000f9ba65b71,,do-hosted-closure-20260825-r1,digitalocean_public_request_v2,True,exact_text,,False,do-close-request-446dcc8d58494e1dfa9e6d847134,do-close-cell-03585c5570e203d065d928c9ada0435fd1cef6186267085e339c6a5cd7efa4e1,False,22,matched_control_closure,do-hosted-closure-20260825-r1,direct_completion,,2026-08-25T00:29:21.779905+00:00,success,14,reasoning,streamed,4.311789873987436,,,cap-pairwise-35,False,valid_ordinary,[],True,0.685884012025781,structured_output,request_declared
,0,,False,,,not_reported_unknown,8b66f3fed616343a7c9d97741208e5a21de115c50305b38370a86796a61968de,,,cap-pairwise-35,,inconclusive,do-close-cell-03585c5570e203d065d928c9ada0435fd1cef6186267085e339c6a5cd7efa4e1,1,,,True,matched_control_inconclusive,False,"[""structured_output""]",,,2026-08-25T00:29:27.103561+00:00,glm-5.2,,ProviderHTTPError,0.0009625999999999999,,,False,,False,,400,,,False,False,,,False,,request_payload_sha256_mismatch,,,,probe,,,,,,,False,,True,0.0,True,False,,orphaned,b4c2c33254ad83c033b7678f020f3f527a8ee1af72884cc5c69695c34f9fbd7d,,a79d027c78f0b4cdad5cc58a5b3683fae1d3b636a91de6b34a062d8e0e586fe9,do-close-request-446dcc8d58494e1dfa9e6d847134,03585c5570e203d065d928c9ada0435fd1cef6186267085e339c6a5cd7efa4e1,a79d027c78f0b4cdad5cc58a5b3683fae1d3b636a91de6b34a062d8e0e586fe9,0.32004902296466753,,64,tokens,,,do-hosted-closure-20260825-r1,digitalocean_public_request_v2,False,transport,,True,do-close-request-446dcc8d58494e1dfa9e6d847134,do-close-cell-03585c5570e203d065d928c9ada0435fd1cef6186267085e339c6a5cd7efa4e1,False,,matched_control_closure,do-hosted-closure-20260825-r1,direct_completion,,2026-08-25T00:29:26.783448+00:00,client_rejection,,,unknown,,,,cap-pairwise-35,False,invalid_or_censored,"[""not_streamed_ttft_unobservable""]",False,,structured_output,request_declared
,1,,False,,,not_reported_unknown,8b66f3fed616343a7c9d97741208e5a21de115c50305b38370a86796a61968de,,,tools-required,,inconclusive,do-close-cell-1385f905df16ba49c972a7d15b83a435442b1bc9077feb273d28015308d090c9,1,,,True,matched_control_inconclusive,False,"[""tool_calling""]",,,2026-08-25T00:29:27.636310+00:00,qwen3.5-397b-a17b,,ProviderHTTPError,0.00077235,,,False,,False,,500,,,False,False,,,False,,request_payload_sha256_mismatch,,,,probe,,,,,,,False,,True,0.0,True,False,,orphaned,7056a1b31518371a8cacd4b9d55ed720553180e169c52435069859ae9d8ffc33,,9e3577a0a9fef79920037dd277ab4c69181afa3dbda350df88be48391cd9ab2a,do-close-request-7bb75b78a547865753efa395915d,1385f905df16ba49c972a7d15b83a435442b1bc9077feb273d28015308d090c9,9e3577a0a9fef79920037dd277ab4c69181afa3dbda350df88be48391cd9ab2a,0.885245785000734,,64,tokens,,,do-hosted-closure-20260825-r1,digitalocean_public_request_v2,False,transport,,True,do-close-request-7bb75b78a547865753efa395915d,do-close-cell-1385f905df16ba49c972a7d15b83a435442b1bc9077feb273d28015308d090c9,True,,matched_control_closure,do-hosted-closure-20260825-r1,direct_completion,,2026-08-25T00:29:26.751011+00:00,provider_error,,,unknown,,,,cap-tools-required,False,invalid_or_censored,"[""not_streamed_ttft_unobservable""]",False,,tool_calling,request_declared
,1,,True,,0,cache_miss_observed,8b66f3fed616343a7c9d97741208e5a21de115c50305b38370a86796a61968de,,,tools-required,,,do-close-cell-1385f905df16ba49c972a7d15b83a435442b1bc9077feb273d28015308d090c9,1,,,True,,,"[""tool_calling""]",,,2026-08-25T00:29:30.619915+00:00,qwen3.5-397b-a17b,,,0.0001241,,length,False,2.381899692991283,False,0.5520292519940995,200,22,13.434654739727158,False,False,,,False,,request_payload_sha256_mismatch,32,13.19327437368478,billed_completion_tokens_over_request_minus_streamed_ttft_proxy,control_after,,,,,13.19327437368478,2.4254782469943166,True,39.834002296162524,True,0.0,True,False,0.5522919800132513,orphaned,7056a1b31518371a8cacd4b9d55ed720553180e169c52435069859ae9d8ffc33,,70c2362426e0535925f149d39d963e08fe3275f9fe3e2a3828e2cbcbf18e9990,do-close-request-7161f96635bc634fbb2d62e528ff,1385f905df16ba49c972a7d15b83a435442b1bc9077feb273d28015308d090c9,70c2362426e0535925f149d39d963e08fe3275f9fe3e2a3828e2cbcbf18e9990,2.977770227007568,,32,tokens,bbc5ee3657c3fc6376483ea5662ef1fc497dc534826c621e3dc952dc77247a90,,do-hosted-closure-20260825-r1,digitalocean_public_request_v2,True,exact_text,,False,do-close-request-7bb75b78a547865753efa395915d,do-close-cell-1385f905df16ba49c972a7d15b83a435442b1bc9077feb273d28015308d090c9,False,22,matched_control_closure,do-hosted-closure-20260825-r1,direct_completion,,2026-08-25T00:29:27.641384+00:00,success,32,reasoning,streamed,2.4257409750134684,,,cap-tools-required,False,valid_ordinary,[],True,0.5522919800132513,tool_calling,request_declared
,0,,True,,0,cache_miss_observed,8b66f3fed616343a7c9d97741208e5a21de115c50305b38370a86796a61968de,,,cap-pairwise-35,,,do-close-cell-03585c5570e203d065d928c9ada0435fd1cef6186267085e339c6a5cd7efa4e1,1,,,True,,,"[""structured_output""]",,,2026-08-25T00:29:33.283659+00:00,glm-5.2,,,8.580000000000001e-05,,length,False,5.7341002419707365,False,0.43516519595868886,200,22,5.580648863753036,False,False,,,False,,request_payload_sha256_mismatch,32,5.576082055571298,billed_completion_tokens_over_request_minus_streamed_ttft_proxy,control_after,,,,,5.576082055571298,5.738796466961503,True,50.524532375032166,True,0.0,True,False,0.43543203599983826,orphaned,b4c2c33254ad83c033b7678f020f3f527a8ee1af72884cc5c69695c34f9fbd7d,,2b28adc44ef28ccba856d3e35532e5d6df121dfa8afe2179a3cea50020e2e24e,do-close-request-5d0589f56b24dac7a69b478c86a5,03585c5570e203d065d928c9ada0435fd1cef6186267085e339c6a5cd7efa4e1,2b28adc44ef28ccba856d3e35532e5d6df121dfa8afe2179a3cea50020e2e24e,6.174228502961341,,32,tokens,42d15ce6d2f59846972e2ea1b7a1d7a4b2a57faa144e24da4acb7ad187545099,,do-hosted-closure-20260825-r1,digitalocean_public_request_v2,True,exact_text,,False,do-close-request-446dcc8d58494e1dfa9e6d847134,do-close-cell-03585c5570e203d065d928c9ada0435fd1cef6186267085e339c6a5cd7efa4e1,False,22,matched_control_closure,do-hosted-closure-20260825-r1,direct_completion,,2026-08-25T00:29:27.108792+00:00,success,15,reasoning,streamed,5.739063307002652,,,cap-pairwise-35,False,valid_ordinary,[],True,0.43543203599983826,structured_output,request_declared
,0,,True,,0,cache_miss_observed,8b66f3fed616343a7c9d97741208e5a21de115c50305b38370a86796a61968de,,,cap-pairwise-36,,,do-close-cell-4eb9062f36fd1f50fa8e8c9f545e9184de96ddae1cdf56191b9b7e73b629ccdd,1,,,True,,,"[""parameter_interactions""]",,,2026-08-25T00:29:36.284926+00:00,glm-5.2,,,8.44e-05,,length,False,2.4550886569777504,False,0.5085346939740703,200,20,13.034152517894185,False,False,,,False,,request_payload_sha256_mismatch,32,12.877603467300279,billed_completion_tokens_over_request_minus_streamed_ttft_proxy,control_before,,,,,12.877603467300279,2.4849344120011665,True,39.30389940649939,True,0.0,True,False,0.5088553630048409,orphaned,85781beb3102ee4725bb46276d0ccbc68d0af70e181ebb39e28dbb03f81a9e0c,,a7239b79c26eee36c2fef748cf2915bf2dffa2ef806132053518e594d5a0d53e,do-close-request-e0a341256e30ebed02501f85d950,4eb9062f36fd1f50fa8e8c9f545e9184de96ddae1cdf56191b9b7e73b629ccdd,a7239b79c26eee36c2fef748cf2915bf2dffa2ef806132053518e594d5a0d53e,2.9937897750060074,,32,tokens,bc36e092e8172e857f8420c05945ea2614048446e26958e35d7c123792a12c60,,do-hosted-closure-20260825-r1,digitalocean_public_request_v2,True,exact_text,,False,do-close-request-5b74631344cc7e400b85cb1f7130,do-close-cell-4eb9062f36fd1f50fa8e8c9f545e9184de96ddae1cdf56191b9b7e73b629ccdd,False,20,matched_control_closure,do-hosted-closure-20260825-r1,direct_completion,,2026-08-25T00:29:33.290712+00:00,success,11,reasoning,streamed,2.485255081031937,,,cap-pairwise-36,False,valid_ordinary,[],True,0.5088553630048409,parameter_interactions,request_declared
,0,,False,,,not_reported_unknown,8b66f3fed616343a7c9d97741208e5a21de115c50305b38370a86796a61968de,,,cap-pairwise-36,,inconclusive,do-close-cell-4eb9062f36fd1f50fa8e8c9f545e9184de96ddae1cdf56191b9b7e73b629ccdd,1,,,True,matched_control_inconclusive,False,"[""parameter_interactions""]",,,2026-08-25T00:29:36.722325+00:00,glm-5.2,,ProviderHTTPError,0.0008107,,,False,,False,,400,,,False,False,,,False,,request_payload_sha256_mismatch,,,,probe,,,,,,,False,,True,0.0,True,False,,orphaned,85781beb3102ee4725bb46276d0ccbc68d0af70e181ebb39e28dbb03f81a9e0c,,c30408b936852381ae3486d699159aaec1475e87ad70b33ba7202aca8cc85bd2,do-close-request-5b74631344cc7e400b85cb1f7130,4eb9062f36fd1f50fa8e8c9f545e9184de96ddae1cdf56191b9b7e73b629ccdd,c30408b936852381ae3486d699159aaec1475e87ad70b33ba7202aca8cc85bd2,0.4319573470274918,,64,tokens,,,do-hosted-closure-20260825-r1,digitalocean_public_request_v2,False,transport,,True,do-close-request-5b74631344cc7e400b85cb1f7130,do-close-cell-4eb9062f36fd1f50fa8e8c9f545e9184de96ddae1cdf56191b9b7e73b629ccdd,False,,matched_control_closure,do-hosted-closure-20260825-r1,direct_completion,,2026-08-25T00:29:36.290316+00:00,client_rejection,,,unknown,,,,cap-pairwise-36,False,invalid_or_censored,"[""not_streamed_ttft_unobservable""]",False,,parameter_interactions,request_declared
,0,,True,,0,cache_miss_observed,8b66f3fed616343a7c9d97741208e5a21de115c50305b38370a86796a61968de,,,cap-pairwise-36,,,do-close-cell-4eb9062f36fd1f50fa8e8c9f545e9184de96ddae1cdf56191b9b7e73b629ccdd,1,,,True,,,"[""parameter_interactions""]",,,2026-08-25T00:29:37.468966+00:00,glm-5.2,,,8.44e-05,,length,False,0.2611518869525753,False,0.47165602701716125,200,20,122.53405622840145,False,False,,,False,,request_payload_sha256_mismatch,32,119.17150776126807,billed_completion_tokens_over_request_minus_streamed_ttft_proxy,control_after,,,,,119.17150776126807,0.26852055999916047,True,42.38258777421234,True,0.0,True,False,0.47189190302742645,orphaned,85781beb3102ee4725bb46276d0ccbc68d0af70e181ebb39e28dbb03f81a9e0c,,abf28a51747b2d6526fbf69ca6408b4d168124504237f32171a0f10ea298b6f6,do-close-request-aeaf3ad4aa66869b522132bcb01f,4eb9062f36fd1f50fa8e8c9f545e9184de96ddae1cdf56191b9b7e73b629ccdd,abf28a51747b2d6526fbf69ca6408b4d168124504237f32171a0f10ea298b6f6,0.7404124630265869,,32,tokens,f0fc615c10463280b221030079d5e45eb75c5c0e5737b3f7f0820c4549660884,,do-hosted-closure-20260825-r1,digitalocean_public_request_v2,True,exact_text,,False,do-close-request-5b74631344cc7e400b85cb1f7130,do-close-cell-4eb9062f36fd1f50fa8e8c9f545e9184de96ddae1cdf56191b9b7e73b629ccdd,False,20,matched_control_closure,do-hosted-closure-20260825-r1,direct_completion,,2026-08-25T00:29:36.727922+00:00,success,11,reasoning,streamed,0.26875643600942567,,,cap-pairwise-36,False,valid_ordinary,[],True,0.47189190302742645,parameter_interactions,request_declared
,0,,True,,0,cache_miss_observed,8b66f3fed616343a7c9d97741208e5a21de115c50305b38370a86796a61968de,,,cap-pairwise-37,,,do-close-cell-4cab3fa5781b472b10923f2129bc89f84216c6423bcff646e870a6c3cd5f61c2,1,,,True,,,"[""parameter_interactions""]",,,2026-08-25T00:29:39.845320+00:00,glm-5.2,,,8.580000000000001e-05,,length,False,1.926134842040483,False,0.43299266701797023,200,22,16.61358244581686,False,False,,,False,,request_payload_sha256_mismatch,32,16.537644400553404,billed_completion_tokens_over_request_minus_streamed_ttft_proxy,control_before,,,,,16.537644400553404,1.9349793250439689,True,50.776341764716925,True,0.0,True,False,0.43327264697290957,orphaned,5e0ba00565eee91e17500cd66238144b3c0ce8512c06f545980b152f2aafe154,,8f46b598d3094d4966e2d1cc42622e7db04dfd4e0a09686723f46a8ef1c97e19,do-close-request-3eb68f27330f8544e82ac0dd1951,4cab3fa5781b472b10923f2129bc89f84216c6423bcff646e870a6c3cd5f61c2,8f46b598d3094d4966e2d1cc42622e7db04dfd4e0a09686723f46a8ef1c97e19,2.3682519720168784,,32,tokens,b93405fb88cc41afff3b4a6a206b02b94dfd794e26bd56fb5cf5772092aaf4a1,,do-hosted-closure-20260825-r1,digitalocean_public_request_v2,True,exact_text,,False,do-close-request-b9b03910b8a9c1ee2aa9309e7591,do-close-cell-4cab3fa5781b472b10923f2129bc89f84216c6423bcff646e870a6c3cd5f61c2,False,22,matched_control_closure,do-hosted-closure-20260825-r1,direct_completion,,2026-08-25T00:29:37.476692+00:00,success,11,reasoning,streamed,1.9352593049989082,,,cap-pairwise-37,False,valid_ordinary,[],True,0.43327264697290957,parameter_interactions,request_declared
,0,,False,,,not_reported_unknown,8b66f3fed616343a7c9d97741208e5a21de115c50305b38370a86796a61968de,,,cap-pairwise-37,,inconclusive,do-close-cell-4cab3fa5781b472b10923f2129bc89f84216c6423bcff646e870a6c3cd5f61c2,1,,,True,matched_control_inconclusive,False,"[""parameter_interactions""]",,,2026-08-25T00:29:40.342172+00:00,glm-5.2,,ProviderHTTPError,0.0008142000000000001,,,False,,False,,400,,,False,False,,,False,,request_payload_sha256_mismatch,,,,probe,,,,,,,False,,True,0.0,True,False,,orphaned,5e0ba00565eee91e17500cd66238144b3c0ce8512c06f545980b152f2aafe154,,c2acc542207c232df2267f69c96c424131694c0d4206e43fb821423d6b6aff47,do-close-request-b9b03910b8a9c1ee2aa9309e7591,4cab3fa5781b472b10923f2129bc89f84216c6423bcff646e870a6c3cd5f61c2,c2acc542207c232df2267f69c96c424131694c0d4206e43fb821423d6b6aff47,0.49150073499185964,,64,tokens,,,do-hosted-closure-20260825-r1,digitalocean_public_request_v2,False,transport,,True,do-close-request-b9b03910b8a9c1ee2aa9309e7591,do-close-cell-4cab3fa5781b472b10923f2129bc89f84216c6423bcff646e870a6c3cd5f61c2,False,,matched_control_closure,do-hosted-closure-20260825-r1,direct_completion,,2026-08-25T00:29:39.850619+00:00,client_rejection,,,unknown,,,,cap-pairwise-37,False,invalid_or_censored,"[""not_streamed_ttft_unobservable""]",False,,parameter_interactions,request_declared
,0,,True,,0,cache_miss_observed,8b66f3fed616343a7c9d97741208e5a21de115c50305b38370a86796a61968de,,,cap-pairwise-37,,,do-close-cell-4cab3fa5781b472b10923f2129bc89f84216c6423bcff646e870a6c3cd5f61c2,1,,,True,,,"[""parameter_interactions""]",,,2026-08-25T00:29:41.455769+00:00,glm-5.2,,,8.580000000000001e-05,,length,False,0.4124843630124815,False,0.6647766410023905,200,22,77.57869841730631,False,False,,,False,,request_payload_sha256_mismatch,32,72.43528887722799,billed_completion_tokens_over_request_minus_streamed_ttft_proxy,control_after,,,,,72.43528887722799,0.4417736229952425,True,33.079140090454636,True,0.0,True,False,0.6650717019801959,orphaned,5e0ba00565eee91e17500cd66238144b3c0ce8512c06f545980b152f2aafe154,,17ea28de0f497dc002b8bdd4dfe0b1db90ee48968b5d9bb155dc2f177091298c,do-close-request-5cf06ac841e0da4abf0ef349e15b,4cab3fa5781b472b10923f2129bc89f84216c6423bcff646e870a6c3cd5f61c2,17ea28de0f497dc002b8bdd4dfe0b1db90ee48968b5d9bb155dc2f177091298c,1.1068453249754384,,32,tokens,4a91a5dbff53f9cabd197f50a7f388c669387eb4168ea24ed48b02faa1e2a38c,,do-hosted-closure-20260825-r1,digitalocean_public_request_v2,True,exact_text,,False,do-close-request-b9b03910b8a9c1ee2aa9309e7591,do-close-cell-4cab3fa5781b472b10923f2129bc89f84216c6423bcff646e870a6c3cd5f61c2,False,22,matched_control_closure,do-hosted-closure-20260825-r1,direct_completion,,2026-08-25T00:29:40.348524+00:00,success,15,reasoning,streamed,0.4420686839730479,,,cap-pairwise-37,False,valid_ordinary,[],True,0.6650717019801959,parameter_interactions,request_declared
,0,,True,,0,cache_miss_observed,8b66f3fed616343a7c9d97741208e5a21de115c50305b38370a86796a61968de,,,cap-pairwise-38,,,do-close-cell-36ea5aefdca22c9af0286c1e1d7ff4b5c6ba89ee0a1f770175d9faee889a85d7,1,,,True,,,"[""structured_output""]",,,2026-08-25T00:29:50.057539+00:00,glm-5.2,,,8.580000000000001e-05,,length,False,7.493217998999171,False,1.0685937179950997,200,22,4.270528363684877,False,False,,,False,,request_payload_sha256_mismatch,32,4.2526107832819235,billed_completion_tokens_over_request_minus_streamed_ttft_proxy,control_before,,,,,4.2526107832819235,7.524789271992631,True,20.582451319657988,True,0.0,True,False,1.0688717130105942,orphaned,eacbc9ac9454630b7a4078a3b8bad3dc8ebcdbee23d6f1f85237665ff9895d85,,f0ca1a96d8c177be02872789db140b809df1591035970cc937c16361539ea4c9,do-close-request-d3a96950ddcb19bf9d9f6bb8f3f1,36ea5aefdca22c9af0286c1e1d7ff4b5c6ba89ee0a1f770175d9faee889a85d7,f0ca1a96d8c177be02872789db140b809df1591035970cc937c16361539ea4c9,8.593660985003226,,32,tokens,6f0dab36479a1c9b2e21a84789c00e7fc28552b48aebbac660fbc8528cb431e9,,do-hosted-closure-20260825-r1,digitalocean_public_request_v2,True,exact_text,,False,do-close-request-b52f77442588ed7b6083a7348343,do-close-cell-36ea5aefdca22c9af0286c1e1d7ff4b5c6ba89ee0a1f770175d9faee889a85d7,False,22,matched_control_closure,do-hosted-closure-20260825-r1,direct_completion,,2026-08-25T00:29:41.463232+00:00,success,11,reasoning,streamed,7.525067267008126,,,cap-pairwise-38,False,valid_ordinary,[],True,1.0688717130105942,structured_output,request_declared
,0,,False,,,not_reported_unknown,8b66f3fed616343a7c9d97741208e5a21de115c50305b38370a86796a61968de,,,cap-pairwise-38,,inconclusive,do-close-cell-36ea5aefdca22c9af0286c1e1d7ff4b5c6ba89ee0a1f770175d9faee889a85d7,1,,,True,matched_control_inconclusive,False,"[""structured_output""]",,,2026-08-25T00:29:50.479149+00:00,glm-5.2,,ProviderHTTPError,0.010106,,,False,,False,,400,,,False,False,,,False,,request_payload_sha256_mismatch,,,,probe,,,,,,,False,,True,0.0,True,False,,orphaned,eacbc9ac9454630b7a4078a3b8bad3dc8ebcdbee23d6f1f85237665ff9895d85,,f2ae18b0e4fd42299e7cab309dc1facd698851d2bcb1b45421b7e1120fb96f5c,do-close-request-b52f77442588ed7b6083a7348343,36ea5aefdca22c9af0286c1e1d7ff4b5c6ba89ee0a1f770175d9faee889a85d7,f2ae18b0e4fd42299e7cab309dc1facd698851d2bcb1b45421b7e1120fb96f5c,0.4151793089695275,,4096,tokens,,,do-hosted-closure-20260825-r1,digitalocean_public_request_v2,False,transport,,True,do-close-request-b52f77442588ed7b6083a7348343,do-close-cell-36ea5aefdca22c9af0286c1e1d7ff4b5c6ba89ee0a1f770175d9faee889a85d7,False,,matched_control_closure,do-hosted-closure-20260825-r1,direct_completion,,2026-08-25T00:29:50.063914+00:00,client_rejection,,,unknown,,,,cap-pairwise-38,False,invalid_or_censored,"[""not_streamed_ttft_unobservable""]",False,,structured_output,request_declared
,0,,True,,0,cache_miss_observed,8b66f3fed616343a7c9d97741208e5a21de115c50305b38370a86796a61968de,,,cap-pairwise-38,,,do-close-cell-36ea5aefdca22c9af0286c1e1d7ff4b5c6ba89ee0a1f770175d9faee889a85d7,1,,,True,,,"[""structured_output""]",,,2026-08-25T00:29:57.619917+00:00,glm-5.2,,,8.580000000000001e-05,,length,False,6.729512124962639,False,0.3988459150423296,200,22,4.755173838129856,False,False,,,False,,request_payload_sha256_mismatch,32,4.750829527729299,billed_completion_tokens_over_request_minus_streamed_ttft_proxy,control_after,,,,,4.750829527729299,6.735665805987082,True,55.08650081050384,True,0.0,True,False,0.3993718910496682,orphaned,eacbc9ac9454630b7a4078a3b8bad3dc8ebcdbee23d6f1f85237665ff9895d85,,01aac89fb0100329f8ee652349e0b5ac7cfab60408305d7a424ebf0f4c91ce5b,do-close-request-b6d959b9b0ebc5803cdaf79aa331,36ea5aefdca22c9af0286c1e1d7ff4b5c6ba89ee0a1f770175d9faee889a85d7,01aac89fb0100329f8ee652349e0b5ac7cfab60408305d7a424ebf0f4c91ce5b,7.135037697036751,,32,tokens,38b737905b65ecdfdb2701dadacbfdc9418b5d069ea11ac7c474d0a0a76ae0a0,,do-hosted-closure-20260825-r1,digitalocean_public_request_v2,True,exact_text,,False,do-close-request-b52f77442588ed7b6083a7348343,do-close-cell-36ea5aefdca22c9af0286c1e1d7ff4b5c6ba89ee0a1f770175d9faee889a85d7,False,22,matched_control_closure,do-hosted-closure-20260825-r1,direct_completion,,2026-08-25T00:29:50.484477+00:00,success,14,reasoning,streamed,6.736191781994421,,,cap-pairwise-38,False,valid_ordinary,[],True,0.3993718910496682,structured_output,request_declared
,0,,True,,0,cache_miss_observed,8b66f3fed616343a7c9d97741208e5a21de115c50305b38370a86796a61968de,,,cap-pairwise-39,,,do-close-cell-4a741bfaff8edde07017ee5eda1bc7c2827433d1a48614f8db12f665b942abe0,1,,,True,,,"[""parameter_interactions""]",,,2026-08-25T00:30:00.167823+00:00,glm-5.2,,,8.510000000000001e-05,,length,False,1.9482265810365789,False,0.5698678960325196,200,21,16.425194231244905,False,False,,,False,,request_payload_sha256_mismatch,32,16.24326087803905,billed_completion_tokens_over_request_minus_streamed_ttft_proxy,control_before,,,,,16.24326087803905,1.9700477779842913,True,36.834812357432455,True,0.0,True,False,0.5701128540094942,orphaned,c0e17d3e9a64f62ae2ed1465d7bcba92621dc2dcbf3e84aaf5a58cb32b688057,,cdc6cdf56f06f2967cc2df00b119ca713f194a3f78ff0469045194ba616175e4,do-close-request-1c0068493c81d088bf317d25ebf0,4a741bfaff8edde07017ee5eda1bc7c2827433d1a48614f8db12f665b942abe0,cdc6cdf56f06f2967cc2df00b119ca713f194a3f78ff0469045194ba616175e4,2.5401606319937855,,32,tokens,e188ef7467c6b3f114a2678147aa62e8099c49dac0b3310ffe6433c5cdf5bd76,,do-hosted-closure-20260825-r1,digitalocean_public_request_v2,True,exact_text,,False,do-close-request-2aae7e6636a6a69ca46c0be236ab,do-close-cell-4a741bfaff8edde07017ee5eda1bc7c2827433d1a48614f8db12f665b942abe0,False,21,matched_control_closure,do-hosted-closure-20260825-r1,direct_completion,,2026-08-25T00:29:57.627311+00:00,success,16,reasoning,streamed,1.9702927359612659,,,cap-pairwise-39,False,valid_ordinary,[],True,0.5701128540094942,parameter_interactions,request_declared
,0,,False,,,not_reported_unknown,8b66f3fed616343a7c9d97741208e5a21de115c50305b38370a86796a61968de,,,cap-pairwise-39,,inconclusive,do-close-cell-4a741bfaff8edde07017ee5eda1bc7c2827433d1a48614f8db12f665b942abe0,1,,,True,matched_control_inconclusive,False,"[""parameter_interactions""]",,,2026-08-25T00:30:00.504111+00:00,glm-5.2,,ProviderHTTPError,0.0020784,,,False,,False,,400,,,False,False,,,False,,request_payload_sha256_mismatch,,,,probe,,,,,,,False,,True,0.0,True,False,,orphaned,c0e17d3e9a64f62ae2ed1465d7bcba92621dc2dcbf3e84aaf5a58cb32b688057,,564ff7ef0eaab781f7d2c719ad0450a55b58d546ef6886bd01663635f3ade0ea,do-close-request-2aae7e6636a6a69ca46c0be236ab,4a741bfaff8edde07017ee5eda1bc7c2827433d1a48614f8db12f665b942abe0,564ff7ef0eaab781f7d2c719ad0450a55b58d546ef6886bd01663635f3ade0ea,0.3299116319976747,,512,tokens,,,do-hosted-closure-20260825-r1,digitalocean_public_request_v2,False,transport,,True,do-close-request-2aae7e6636a6a69ca46c0be236ab,do-close-cell-4a741bfaff8edde07017ee5eda1bc7c2827433d1a48614f8db12f665b942abe0,False,,matched_control_closure,do-hosted-closure-20260825-r1,direct_completion,,2026-08-25T00:30:00.174130+00:00,client_rejection,,,unknown,,,,cap-pairwise-39,False,invalid_or_censored,"[""not_streamed_ttft_unobservable""]",False,,parameter_interactions,request_declared
,0,,True,,0,cache_miss_observed,8b66f3fed616343a7c9d97741208e5a21de115c50305b38370a86796a61968de,,,cap-pairwise-39,,,do-close-cell-4a741bfaff8edde07017ee5eda1bc7c2827433d1a48614f8db12f665b942abe0,1,,,True,,,"[""parameter_interactions""]",,,2026-08-25T00:30:11.546020+00:00,glm-5.2,,,8.510000000000001e-05,,length,False,9.125307629001327,False,1.8212669259519316,200,21,3.5067310934592655,False,False,,,False,,request_payload_sha256_mismatch,32,3.4727963418420926,billed_completion_tokens_over_request_minus_streamed_ttft_proxy,control_after,,,,,3.4727963418420926,9.214476419030689,True,11.528808201513623,True,0.0,True,False,1.821523927967064,orphaned,c0e17d3e9a64f62ae2ed1465d7bcba92621dc2dcbf3e84aaf5a58cb32b688057,,9ef327fa60800bc5a38f1e93a955eeecf07fc15c72cb4cab27edfc3f57477dd9,do-close-request-b89be83c50dcf60944b4f3ab128b,4a741bfaff8edde07017ee5eda1bc7c2827433d1a48614f8db12f665b942abe0,9ef327fa60800bc5a38f1e93a955eeecf07fc15c72cb4cab27edfc3f57477dd9,11.036000346997753,,32,tokens,2d5f49536533aa6d2142c9695bdf1720a4b9cb5294b808161eb9872a57d9228e,,do-hosted-closure-20260825-r1,digitalocean_public_request_v2,True,exact_text,,False,do-close-request-2aae7e6636a6a69ca46c0be236ab,do-close-cell-4a741bfaff8edde07017ee5eda1bc7c2827433d1a48614f8db12f665b942abe0,False,21,matched_control_closure,do-hosted-closure-20260825-r1,direct_completion,,2026-08-25T00:30:00.509661+00:00,success,11,reasoning,streamed,9.214733421045821,,,cap-pairwise-39,False,valid_ordinary,[],True,1.821523927967064,parameter_interactions,request_declared
,0,,True,,0,cache_miss_observed,8b66f3fed616343a7c9d97741208e5a21de115c50305b38370a86796a61968de,,,extended-parameters-0,,,do-close-cell-9ee05a0cd91bab1cbecaf051c6b2e0adb3cf2c864b46098c4790e09a54dc0951,1,,,True,,,"[""parameter_interactions""]",,,2026-08-25T00:30:13.116395+00:00,glm-5.2,,,8.510000000000001e-05,,length,False,0.387154878990259,False,1.1708468669676222,200,21,82.65425992682668,False,False,,,False,,request_payload_sha256_mismatch,32,81.84908271019953,billed_completion_tokens_over_request_minus_streamed_ttft_proxy,control_before,,,,,81.84908271019953,0.3909634529845789,True,17.931527637057233,True,0.0,True,False,1.1711216369876638,orphaned,cc17a6c639001d7a17fca70a0297db37c88b5a2f9dd2fe8aa2bb5150e0ebfe28,,a26cad8561726552f55083c6bbcf4779edcf58bf1d1e57fb31a93b91e77130bb,do-close-request-8559380159d7213c238b220305b8,9ee05a0cd91bab1cbecaf051c6b2e0adb3cf2c864b46098c4790e09a54dc0951,a26cad8561726552f55083c6bbcf4779edcf58bf1d1e57fb31a93b91e77130bb,1.5620850899722427,,32,tokens,3f140edeb416ae544c500c692ba2f16e2812b9a90a0a346e73e62799280e1360,,do-hosted-closure-20260825-r1,digitalocean_public_request_v2,True,exact_text,,False,do-close-request-76fee3420e9f24b954d21ad2bcd3,do-close-cell-9ee05a0cd91bab1cbecaf051c6b2e0adb3cf2c864b46098c4790e09a54dc0951,False,21,matched_control_closure,do-hosted-closure-20260825-r1,direct_completion,,2026-08-25T00:30:11.553966+00:00,success,11,reasoning,streamed,0.3912382230046205,,,cap-extended-0,False,valid_ordinary,[],True,1.1711216369876638,parameter_interactions,request_declared
,0,,False,,,not_reported_unknown,8b66f3fed616343a7c9d97741208e5a21de115c50305b38370a86796a61968de,,,extended-parameters-0,,inconclusive,do-close-cell-9ee05a0cd91bab1cbecaf051c6b2e0adb3cf2c864b46098c4790e09a54dc0951,1,,,True,matched_control_inconclusive,False,"[""parameter_interactions""]",,,2026-08-25T00:30:13.427446+00:00,glm-5.2,,ProviderHTTPError,0.0006875,,,False,,False,,400,,,False,False,,,False,,request_payload_sha256_mismatch,,,,probe,,,,,,,False,,True,0.0,True,False,,orphaned,cc17a6c639001d7a17fca70a0297db37c88b5a2f9dd2fe8aa2bb5150e0ebfe28,,216ad4cfe72385d90e4eb17c56df19adff478e2f9105881fc8b81830984406f7,do-close-request-76fee3420e9f24b954d21ad2bcd3,9ee05a0cd91bab1cbecaf051c6b2e0adb3cf2c864b46098c4790e09a54dc0951,216ad4cfe72385d90e4eb17c56df19adff478e2f9105881fc8b81830984406f7,0.3052152989548631,,64,tokens,,,do-hosted-closure-20260825-r1,digitalocean_public_request_v2,False,transport,,True,do-close-request-76fee3420e9f24b954d21ad2bcd3,do-close-cell-9ee05a0cd91bab1cbecaf051c6b2e0adb3cf2c864b46098c4790e09a54dc0951,False,,matched_control_closure,do-hosted-closure-20260825-r1,direct_completion,,2026-08-25T00:30:13.122174+00:00,client_rejection,,,unknown,,,,cap-extended-0,False,invalid_or_censored,"[""not_streamed_ttft_unobservable""]",False,,parameter_interactions,request_declared
,0,,True,,0,cache_miss_observed,8b66f3fed616343a7c9d97741208e5a21de115c50305b38370a86796a61968de,,,extended-parameters-0,,,do-close-cell-9ee05a0cd91bab1cbecaf051c6b2e0adb3cf2c864b46098c4790e09a54dc0951,1,,,True,,,"[""parameter_interactions""]",,,2026-08-25T00:30:14.508362+00:00,glm-5.2,,,8.510000000000001e-05,,length,False,0.47226060001412407,False,0.5834749770001508,200,21,67.7591990503611,False,False,,,False,,request_payload_sha256_mismatch,32,65.21913409625029,billed_completion_tokens_over_request_minus_streamed_ttft_proxy,control_after,,,,,65.21913409625029,0.4906535550253466,True,35.963594402386335,True,0.0,True,False,0.5839238360058516,orphaned,cc17a6c639001d7a17fca70a0297db37c88b5a2f9dd2fe8aa2bb5150e0ebfe28,,4d1a1291c9ad8238f2bf829ac8a26c5793f93ea9b8cf805a6b5458ed53d7398c,do-close-request-07399ef17d42e4b8546dd5f6e912,9ee05a0cd91bab1cbecaf051c6b2e0adb3cf2c864b46098c4790e09a54dc0951,4d1a1291c9ad8238f2bf829ac8a26c5793f93ea9b8cf805a6b5458ed53d7398c,1.0745773910311982,,32,tokens,535d14b1bab1368c0c46a4d4d7b5471a2592cd279539cbde7b357eb34f84a3ea,,do-hosted-closure-20260825-r1,digitalocean_public_request_v2,True,exact_text,,False,do-close-request-76fee3420e9f24b954d21ad2bcd3,do-close-cell-9ee05a0cd91bab1cbecaf051c6b2e0adb3cf2c864b46098c4790e09a54dc0951,False,21,matched_control_closure,do-hosted-closure-20260825-r1,direct_completion,,2026-08-25T00:30:13.433383+00:00,success,15,reasoning,streamed,0.4911024140310474,,,cap-extended-0,False,valid_ordinary,[],True,0.5839238360058516,parameter_interactions,request_declared
,0,,True,,0,cache_miss_observed,8b66f3fed616343a7c9d97741208e5a21de115c50305b38370a86796a61968de,,,extended-parameters-1,,,do-close-cell-64dc0bfe3e7e00041526fd1ebae6c156e9ee1a6547d5ec0de5e9ed9190962e53,1,,,True,,,"[""parameter_interactions""]",,,2026-08-25T00:30:15.375947+00:00,glm-5.2,,,8.510000000000001e-05,,length,False,0.44088358600856736,False,0.41201529500540346,200,21,72.58151815018617,False,False,,,False,,request_payload_sha256_mismatch,32,71.47660131548665,billed_completion_tokens_over_request_minus_streamed_ttft_proxy,control_before,,,,,71.47660131548665,0.4476989589747973,True,50.936421109195436,True,0.0,True,False,0.4122786709922366,orphaned,74eb87f9c1cb78d9ff2697ae97a03dc6a02c0d22bcb32e60a395aefc2ed468b2,,2b82eb5478cc6045936907a4d3eb398ec2974563af84035e63358866185c6431,do-close-request-b6ee1d396516024722a4d722470a,64dc0bfe3e7e00041526fd1ebae6c156e9ee1a6547d5ec0de5e9ed9190962e53,2b82eb5478cc6045936907a4d3eb398ec2974563af84035e63358866185c6431,0.8599776299670339,,32,tokens,3f867f42da1797fb036903719fda1d1d39446e958e760558ed0b6e082363d2ae,,do-hosted-closure-20260825-r1,digitalocean_public_request_v2,True,exact_text,,False,do-close-request-2938934107b666a8ae861f6276e1,do-close-cell-64dc0bfe3e7e00041526fd1ebae6c156e9ee1a6547d5ec0de5e9ed9190962e53,False,21,matched_control_closure,do-hosted-closure-20260825-r1,direct_completion,,2026-08-25T00:30:14.515577+00:00,success,15,reasoning,streamed,0.4479623349616304,,,cap-extended-1,False,valid_ordinary,[],True,0.4122786709922366,parameter_interactions,request_declared
,0,,False,,,not_reported_unknown,8b66f3fed616343a7c9d97741208e5a21de115c50305b38370a86796a61968de,,,extended-parameters-1,,inconclusive,do-close-cell-64dc0bfe3e7e00041526fd1ebae6c156e9ee1a6547d5ec0de5e9ed9190962e53,1,,,True,matched_control_inconclusive,False,"[""parameter_interactions""]",,,2026-08-25T00:30:15.690975+00:00,glm-5.2,,ProviderHTTPError,0.0007015,,,False,,False,,400,,,False,False,,,False,,request_payload_sha256_mismatch,,,,probe,,,,,,,False,,True,0.0,True,False,,orphaned,74eb87f9c1cb78d9ff2697ae97a03dc6a02c0d22bcb32e60a395aefc2ed468b2,,ca7ae3a733ec23b62bd9da3488e42b61f13850ddf29eb92c75e6db22514bea63,do-close-request-2938934107b666a8ae861f6276e1,64dc0bfe3e7e00041526fd1ebae6c156e9ee1a6547d5ec0de5e9ed9190962e53,ca7ae3a733ec23b62bd9da3488e42b61f13850ddf29eb92c75e6db22514bea63,0.309297670959495,,64,tokens,,,do-hosted-closure-20260825-r1,digitalocean_public_request_v2,False,transport,,True,do-close-request-2938934107b666a8ae861f6276e1,do-close-cell-64dc0bfe3e7e00041526fd1ebae6c156e9ee1a6547d5ec0de5e9ed9190962e53,False,,matched_control_closure,do-hosted-closure-20260825-r1,direct_completion,,2026-08-25T00:30:15.381626+00:00,client_rejection,,,unknown,,,,cap-extended-1,False,invalid_or_censored,"[""not_streamed_ttft_unobservable""]",False,,parameter_interactions,request_declared
,0,,True,,64,cache_hit_observed,8b66f3fed616343a7c9d97741208e5a21de115c50305b38370a86796a61968de,,,cap-pairwise-23,,accepted,do-close-cell-eb5b7796403ccee6e59f2bbfcd5439da2ae3c9a01a044a9dd43edda59912fb31,1,,,True,accepted,True,"[""structured_output""]",,,2026-08-25T00:30:17.073162+00:00,gemma-4-31B-it,,,0.01440126,,length,False,154.90118667599745,False,0.4824087449815124,200,82,185.7506751073747,False,False,,,False,,request_payload_sha256_mismatch,28773,179.31172877111214,billed_completion_tokens_over_request_minus_streamed_ttft_proxy,probe,,,,,179.31172877111214,160.46356921095867,False,,True,0.0,True,False,0.654709623020608,orphaned,7727d6fd0f8b0023eb0bf4d271959e360ef00509dd825dfc9dd442e77a75235a,,e641475f070a79ff7d4d88c93f4a6292968b57b12fb2b054aa83c8ab9235bb0c,do-close-request-4733dbb81245b8df327bc1d22653,eb5b7796403ccee6e59f2bbfcd5439da2ae3c9a01a044a9dd43edda59912fb31,e641475f070a79ff7d4d88c93f4a6292968b57b12fb2b054aa83c8ab9235bb0c,161.11827883397928,,4096,tokens,fc5b24d98af52732475d5802543986891ffe10094da4bf3fb47e0b843b8082c1,,do-hosted-closure-20260825-r1,digitalocean_public_request_v2,True,tool_exact,,True,do-close-request-4733dbb81245b8df327bc1d22653,do-close-cell-eb5b7796403ccee6e59f2bbfcd5439da2ae3c9a01a044a9dd43edda59912fb31,False,82,matched_control_closure,do-hosted-closure-20260825-r1,direct_completion,,2026-08-25T00:27:35.953154+00:00,success,22595,reasoning,streamed,160.63587008899776,,,cap-pairwise-23,False,valid_ordinary,[],True,0.654709623020608,structured_output,request_declared
,0,,True,,0,cache_miss_observed,8b66f3fed616343a7c9d97741208e5a21de115c50305b38370a86796a61968de,,,cap-pairwise-23,,,do-close-cell-eb5b7796403ccee6e59f2bbfcd5439da2ae3c9a01a044a9dd43edda59912fb31,1,,,True,,,"[""structured_output""]",,,2026-08-25T00:30:17.673872+00:00,gemma-4-31B-it,,,9.32e-06,,stop,True,0.15872224600752816,True,0.3865079829702154,200,24,63.003140716177256,False,False,,,False,,request_payload_sha256_mismatch,10,48.27928476083685,billed_completion_tokens_over_request_minus_streamed_ttft_proxy,control_after,,,,,48.27928476083685,0.2071281720418483,True,62.0203852221714,True,1.0,True,False,0.3869695409666747,orphaned,7727d6fd0f8b0023eb0bf4d271959e360ef00509dd825dfc9dd442e77a75235a,,12e87549885ba2df576205ecbf80a44f3690bb5a30c2d57712217a7cd8788ea7,do-close-request-05ffd900fa76d82d3696295e9df9,eb5b7796403ccee6e59f2bbfcd5439da2ae3c9a01a044a9dd43edda59912fb31,12e87549885ba2df576205ecbf80a44f3690bb5a30c2d57712217a7cd8788ea7,0.594097713008523,,32,tokens,9a80056979e320c8de3571a89a3728c39c238999e5586d65262fbf3863047af9,,do-hosted-closure-20260825-r1,digitalocean_public_request_v2,True,exact_text,,False,do-close-request-4733dbb81245b8df327bc1d22653,do-close-cell-eb5b7796403ccee6e59f2bbfcd5439da2ae3c9a01a044a9dd43edda59912fb31,False,24,matched_control_closure,do-hosted-closure-20260825-r1,direct_completion,,2026-08-25T00:30:17.079023+00:00,success,9,content,streamed,0.2075897300383076,,,cap-pairwise-23,False,valid_ordinary,[],True,0.3869695409666747,structured_output,request_declared
,0,,True,,0,cache_miss_observed,8b66f3fed616343a7c9d97741208e5a21de115c50305b38370a86796a61968de,,,cap-pairwise-32,,,do-close-cell-985afff2266c5024d610dd9e0135fcd570ab90ef4124fb28f07352c4db3ac586,1,,,True,,,"[""parameter_interactions""]",,,2026-08-25T00:30:18.876018+00:00,gemma-4-31B-it,,,8.64e-06,,stop,True,0.31209707201924175,True,0.821427971997764,200,23,28.837181783766052,False,False,,,False,,request_payload_sha256_mismatch,9,24.231597271352427,billed_completion_tokens_over_request_minus_streamed_ttft_proxy,control_before,,,,,24.231597271352427,0.3714158789953217,True,27.982733354692634,True,1.0,True,False,0.8219354309840128,orphaned,a88f582c0f960d9f721455a1c742fa80071af6ef45299f3e7b3e70aac1f9c7d4,,afac7b20a799ecae9106a6d2f67e1a3e263a67ad947769ae43237a5654b5517f,do-close-request-00183abf5814cdec8fd9fd9db3b8,985afff2266c5024d610dd9e0135fcd570ab90ef4124fb28f07352c4db3ac586,afac7b20a799ecae9106a6d2f67e1a3e263a67ad947769ae43237a5654b5517f,1.1933513099793345,,32,tokens,40bd77413ca8147e82d2adf27b5582e7449c4234af2b5eae4dd868c71817550f,,do-hosted-closure-20260825-r1,digitalocean_public_request_v2,True,exact_text,,False,do-close-request-6642f9124099df238dbd940552e5,do-close-cell-985afff2266c5024d610dd9e0135fcd570ab90ef4124fb28f07352c4db3ac586,False,23,matched_control_closure,do-hosted-closure-20260825-r1,direct_completion,,2026-08-25T00:30:17.682284+00:00,success,8,content,streamed,0.3719233379815705,,,cap-pairwise-32,False,valid_ordinary,[],True,0.8219354309840128,parameter_interactions,request_declared
,0,,True,,0,cache_miss_observed,8b66f3fed616343a7c9d97741208e5a21de115c50305b38370a86796a61968de,,,extended-parameters-1,,,do-close-cell-64dc0bfe3e7e00041526fd1ebae6c156e9ee1a6547d5ec0de5e9ed9190962e53,1,,,True,,,"[""parameter_interactions""]",,,2026-08-25T00:30:22.563271+00:00,glm-5.2,,,8.07e-05,,stop,True,6.389436105033383,True,0.44575465796515346,200,21,4.69525002000834,False,False,,,False,,request_payload_sha256_mismatch,30,4.672765882814662,billed_completion_tokens_over_request_minus_streamed_ttft_proxy,control_after,,,,,4.672765882814662,6.420180413988419,True,47.07597659500847,True,1.0,True,False,0.4460873999632895,orphaned,74eb87f9c1cb78d9ff2697ae97a03dc6a02c0d22bcb32e60a395aefc2ed468b2,,fc3a9da9701fbd38edeae4549785ec223b3401a17d733ca7f3e221a40fda3053,do-close-request-e1793134deadbf9e63cb1de51a0f,64dc0bfe3e7e00041526fd1ebae6c156e9ee1a6547d5ec0de5e9ed9190962e53,fc3a9da9701fbd38edeae4549785ec223b3401a17d733ca7f3e221a40fda3053,6.866267813951708,,32,tokens,551da112488a6cab84bbf5b778a4e317e92cdfa3452d3bb7c06df674da491725,,do-hosted-closure-20260825-r1,digitalocean_public_request_v2,True,exact_text,,False,do-close-request-2938934107b666a8ae861f6276e1,do-close-cell-64dc0bfe3e7e00041526fd1ebae6c156e9ee1a6547d5ec0de5e9ed9190962e53,False,21,matched_control_closure,do-hosted-closure-20260825-r1,direct_completion,,2026-08-25T00:30:15.696640+00:00,success,12,reasoning,streamed,6.420513155986555,,,cap-extended-1,False,valid_ordinary,[],True,0.4460873999632895,parameter_interactions,request_declared
,0,,True,,0,cache_miss_observed,8b66f3fed616343a7c9d97741208e5a21de115c50305b38370a86796a61968de,,,extended-parameters-2,,,do-close-cell-19f2122fa3ab12960466789b41a2813f352b1a9453c79c30da0ac9000df54067,1,,,True,,,"[""parameter_interactions""]",,,2026-08-25T00:30:26.010303+00:00,glm-5.2,,,8.510000000000001e-05,,length,False,2.8239145189872943,False,0.5932290990022011,200,21,11.33178776653472,False,False,,,False,,request_payload_sha256_mismatch,32,11.246351826850963,billed_completion_tokens_over_request_minus_streamed_ttft_proxy,control_before,,,,,11.246351826850963,2.8453671459574252,True,35.38167373025168,True,0.0,True,False,0.5935276030213572,orphaned,0e21412199394fcd5796ca18be3c78cb3186c62f73193d9a8e03d79e912ca811,,1b9094a41c12ed6574d5aab193f66bf9cd8b364d1fb8921a574f71dfb316c47a,do-close-request-e1493722439d7dd6b3e25093e108,19f2122fa3ab12960466789b41a2813f352b1a9453c79c30da0ac9000df54067,1b9094a41c12ed6574d5aab193f66bf9cd8b364d1fb8921a574f71dfb316c47a,3.4388947489787824,,32,tokens,a104ba3815e05da73a19ce2c5ec4e80d799b767896e8897a52c652283ee91d9c,,do-hosted-closure-20260825-r1,digitalocean_public_request_v2,True,exact_text,,False,do-close-request-addfd8ca35d120c9b695153d7aba,do-close-cell-19f2122fa3ab12960466789b41a2813f352b1a9453c79c30da0ac9000df54067,False,21,matched_control_closure,do-hosted-closure-20260825-r1,direct_completion,,2026-08-25T00:30:22.571011+00:00,success,11,reasoning,streamed,2.8456656499765813,,,cap-extended-2,False,valid_ordinary,[],True,0.5935276030213572,parameter_interactions,request_declared
,0,,False,,,not_reported_unknown,8b66f3fed616343a7c9d97741208e5a21de115c50305b38370a86796a61968de,,,extended-parameters-2,,inconclusive,do-close-cell-19f2122fa3ab12960466789b41a2813f352b1a9453c79c30da0ac9000df54067,1,,,True,matched_control_inconclusive,False,"[""parameter_interactions""]",,,2026-08-25T00:30:26.310410+00:00,glm-5.2,,ProviderHTTPError,0.0006888999999999999,,,False,,False,,400,,,False,False,,,False,,request_payload_sha256_mismatch,,,,probe,,,,,,,False,,True,0.0,True,False,,orphaned,0e21412199394fcd5796ca18be3c78cb3186c62f73193d9a8e03d79e912ca811,,6abbfa4f704fb694aebac44080de6819ced84361a785e7850deed0bb6aed0069,do-close-request-addfd8ca35d120c9b695153d7aba,19f2122fa3ab12960466789b41a2813f352b1a9453c79c30da0ac9000df54067,6abbfa4f704fb694aebac44080de6819ced84361a785e7850deed0bb6aed0069,0.29307865200098604,,64,tokens,,,do-hosted-closure-20260825-r1,digitalocean_public_request_v2,False,transport,,True,do-close-request-addfd8ca35d120c9b695153d7aba,do-close-cell-19f2122fa3ab12960466789b41a2813f352b1a9453c79c30da0ac9000df54067,False,,matched_control_closure,do-hosted-closure-20260825-r1,direct_completion,,2026-08-25T00:30:26.017273+00:00,client_rejection,,,unknown,,,,cap-extended-2,False,invalid_or_censored,"[""not_streamed_ttft_unobservable""]",False,,parameter_interactions,request_declared
,0,,True,,0,cache_miss_observed,8b66f3fed616343a7c9d97741208e5a21de115c50305b38370a86796a61968de,,,extended-parameters-2,,,do-close-cell-19f2122fa3ab12960466789b41a2813f352b1a9453c79c30da0ac9000df54067,1,,,True,,,"[""parameter_interactions""]",,,2026-08-25T00:30:28.237009+00:00,glm-5.2,,,8.510000000000001e-05,,length,False,0.8755958710098639,False,1.0228866849793121,200,21,36.546540543976036,False,False,,,False,,request_payload_sha256_mismatch,32,35.68803115357534,billed_completion_tokens_over_request_minus_streamed_ttft_proxy,control_after,,,,,35.68803115357534,0.8966591589851305,True,20.524758434302345,True,0.0,True,False,1.0231545509886928,orphaned,0e21412199394fcd5796ca18be3c78cb3186c62f73193d9a8e03d79e912ca811,,ca4ca216ce12d7f3c7c98f7dd47908bb123b1b0fcf647ee95952414fe7076036,do-close-request-6d8d47ac21a86c4b1698aceba752,19f2122fa3ab12960466789b41a2813f352b1a9453c79c30da0ac9000df54067,ca4ca216ce12d7f3c7c98f7dd47908bb123b1b0fcf647ee95952414fe7076036,1.9198137099738233,,32,tokens,d6e24301224d72a155623f682902280980d81b8c1f456cb586546f00607cded8,,do-hosted-closure-20260825-r1,digitalocean_public_request_v2,True,exact_text,,False,do-close-request-addfd8ca35d120c9b695153d7aba,do-close-cell-19f2122fa3ab12960466789b41a2813f352b1a9453c79c30da0ac9000df54067,False,21,matched_control_closure,do-hosted-closure-20260825-r1,direct_completion,,2026-08-25T00:30:26.316339+00:00,success,10,reasoning,streamed,0.8969270249945112,,,cap-extended-2,False,valid_ordinary,[],True,1.0231545509886928,parameter_interactions,request_declared
,0,,True,,0,cache_miss_observed,8b66f3fed616343a7c9d97741208e5a21de115c50305b38370a86796a61968de,,,extended-parameters-3,,,do-close-cell-a0b7d9af3f8e0d1497f5f7257a0284b072353453dbb1c91ba813dbc893be5da2,1,,,True,,,"[""parameter_interactions""]",,,2026-08-25T00:30:35.843747+00:00,glm-5.2,,,8.510000000000001e-05,,length,False,1.8740309900022112,False,5.717753951030318,200,21,17.07549137165669,False,False,,,False,,request_payload_sha256_mismatch,32,17.019806075241792,billed_completion_tokens_over_request_minus_streamed_ttft_proxy,control_before,,,,,17.019806075241792,1.8801624330226332,True,3.672416872005343,True,0.0,True,False,5.718305065005552,orphaned,95746389e9b3f9932967b6c6661860158dfa09fe392aaae4be61a3adcc954fbe,,0c0bc8fb7a95c32af659cff6f05d2abd1aa1796759dd28498951f6837d293c8d,do-close-request-1bd40ce3da5c938b00fc47408bc9,a0b7d9af3f8e0d1497f5f7257a0284b072353453dbb1c91ba813dbc893be5da2,0c0bc8fb7a95c32af659cff6f05d2abd1aa1796759dd28498951f6837d293c8d,7.598467498028185,,32,tokens,66bc48f46eabf001e98977ba6aead0a3033014db71005809a691950f7c3f2d25,,do-hosted-closure-20260825-r1,digitalocean_public_request_v2,True,exact_text,,False,do-close-request-64caca6f71c81c9506ff66904ebe,do-close-cell-a0b7d9af3f8e0d1497f5f7257a0284b072353453dbb1c91ba813dbc893be5da2,False,21,matched_control_closure,do-hosted-closure-20260825-r1,direct_completion,,2026-08-25T00:30:28.244443+00:00,success,13,reasoning,streamed,1.8807135469978675,,,cap-extended-3,False,valid_ordinary,[],True,5.718305065005552,parameter_interactions,request_declared
,0,,False,,,not_reported_unknown,8b66f3fed616343a7c9d97741208e5a21de115c50305b38370a86796a61968de,,,extended-parameters-3,,inconclusive,do-close-cell-a0b7d9af3f8e0d1497f5f7257a0284b072353453dbb1c91ba813dbc893be5da2,1,,,True,matched_control_inconclusive,False,"[""parameter_interactions""]",,,2026-08-25T00:30:36.144283+00:00,glm-5.2,,ProviderHTTPError,0.0007028999999999999,,,False,,False,,400,,,False,False,,,False,,request_payload_sha256_mismatch,,,,probe,,,,,,,False,,True,0.0,True,False,,orphaned,95746389e9b3f9932967b6c6661860158dfa09fe392aaae4be61a3adcc954fbe,,2b1fcd60c3c4840b2587ee3ea5f42d95c268c3dea7597335e0411ca8ff065bfd,do-close-request-64caca6f71c81c9506ff66904ebe,a0b7d9af3f8e0d1497f5f7257a0284b072353453dbb1c91ba813dbc893be5da2,2b1fcd60c3c4840b2587ee3ea5f42d95c268c3dea7597335e0411ca8ff065bfd,0.29430320899700746,,64,tokens,,,do-hosted-closure-20260825-r1,digitalocean_public_request_v2,False,transport,,True,do-close-request-64caca6f71c81c9506ff66904ebe,do-close-cell-a0b7d9af3f8e0d1497f5f7257a0284b072353453dbb1c91ba813dbc893be5da2,False,,matched_control_closure,do-hosted-closure-20260825-r1,direct_completion,,2026-08-25T00:30:35.849922+00:00,client_rejection,,,unknown,,,,cap-extended-3,False,invalid_or_censored,"[""not_streamed_ttft_unobservable""]",False,,parameter_interactions,request_declared
,0,,True,,0,cache_miss_observed,8b66f3fed616343a7c9d97741208e5a21de115c50305b38370a86796a61968de,,,extended-parameters-3,,,do-close-cell-a0b7d9af3f8e0d1497f5f7257a0284b072353453dbb1c91ba813dbc893be5da2,1,,,True,,,"[""parameter_interactions""]",,,2026-08-25T00:30:46.315754+00:00,glm-5.2,,,8.510000000000001e-05,,length,False,8.909965447033755,False,1.1934336090344004,200,21,3.591484185907053,False,False,,,False,,request_payload_sha256_mismatch,32,3.5670386623212584,billed_completion_tokens_over_request_minus_streamed_ttft_proxy,control_after,,,,,3.5670386623212584,8.971026958024595,True,17.59284545016014,True,0.0,True,False,1.1936670540017076,orphaned,95746389e9b3f9932967b6c6661860158dfa09fe392aaae4be61a3adcc954fbe,,ee6509c0e56a2c4b21d3cbca6b46bd5e0678d2fa34651993c6cdbe514926c40c,do-close-request-88f0eafa49b4f46ea03ef23a2d7a,a0b7d9af3f8e0d1497f5f7257a0284b072353453dbb1c91ba813dbc893be5da2,ee6509c0e56a2c4b21d3cbca6b46bd5e0678d2fa34651993c6cdbe514926c40c,10.164694012026303,,32,tokens,36a5b08e5f8fef3b8f5e35ee20025e9d3fb6267aa6e52352e1a6f67be91b18ab,,do-hosted-closure-20260825-r1,digitalocean_public_request_v2,True,exact_text,,False,do-close-request-64caca6f71c81c9506ff66904ebe,do-close-cell-a0b7d9af3f8e0d1497f5f7257a0284b072353453dbb1c91ba813dbc893be5da2,False,21,matched_control_closure,do-hosted-closure-20260825-r1,direct_completion,,2026-08-25T00:30:36.150146+00:00,success,14,reasoning,streamed,8.971260402991902,,,cap-extended-3,False,valid_ordinary,[],True,1.1936670540017076,parameter_interactions,request_declared
,0,,True,,0,cache_miss_observed,8b66f3fed616343a7c9d97741208e5a21de115c50305b38370a86796a61968de,,,extended-parameters-4,,,do-close-cell-ad7e92b700735ffebb48e47d985c5c4f094fad05bbcb546fe82f0f8f09ac4dd7,1,,,True,,,"[""parameter_interactions""]",,,2026-08-25T00:30:52.559167+00:00,glm-5.2,,,8.510000000000001e-05,,length,False,5.621944345009979,False,0.5749404960079119,200,21,5.691980929765537,False,False,,,False,,request_payload_sha256_mismatch,32,5.65618121305745,billed_completion_tokens_over_request_minus_streamed_ttft_proxy,control_before,,,,,5.65618121305745,5.6575273660128005,True,36.396270049642254,True,0.0,True,False,0.5769822009606287,orphaned,c3efcb0e19e588d8884613bfe3bf0d381201e41de831335d6158131154d18dbb,,d3258bfca4036d9924c84730b32e84d64a71d9b202e5e0b71a12919eb778e3b4,do-close-request-4546f01542e72f35a7397e23a481,ad7e92b700735ffebb48e47d985c5c4f094fad05bbcb546fe82f0f8f09ac4dd7,d3258bfca4036d9924c84730b32e84d64a71d9b202e5e0b71a12919eb778e3b4,6.234509566973429,,32,tokens,07a96b6444971516149d51177c20bb19b3d98ca465ea9dd2c3efa34b78e274ef,,do-hosted-closure-20260825-r1,digitalocean_public_request_v2,True,exact_text,,False,do-close-request-d5042aad6e20eec0ebb8bd19b90c,do-close-cell-ad7e92b700735ffebb48e47d985c5c4f094fad05bbcb546fe82f0f8f09ac4dd7,False,21,matched_control_closure,do-hosted-closure-20260825-r1,direct_completion,,2026-08-25T00:30:46.324291+00:00,success,12,reasoning,streamed,5.659569070965517,,,cap-extended-4,False,valid_ordinary,[],True,0.5769822009606287,parameter_interactions,request_declared
,0,,False,,,not_reported_unknown,8b66f3fed616343a7c9d97741208e5a21de115c50305b38370a86796a61968de,,,extended-parameters-4,,inconclusive,do-close-cell-ad7e92b700735ffebb48e47d985c5c4f094fad05bbcb546fe82f0f8f09ac4dd7,1,,,True,matched_control_inconclusive,False,"[""parameter_interactions""]",,,2026-08-25T00:30:52.866398+00:00,glm-5.2,,ProviderHTTPError,0.0006902999999999999,,,False,,False,,400,,,False,False,,,False,,request_payload_sha256_mismatch,,,,probe,,,,,,,False,,True,0.0,True,False,,orphaned,c3efcb0e19e588d8884613bfe3bf0d381201e41de831335d6158131154d18dbb,,cf12ad995ce84f4b9b43ab7b6b9709a4d7e94f6908745d56679276a7f82be2fc,do-close-request-d5042aad6e20eec0ebb8bd19b90c,ad7e92b700735ffebb48e47d985c5c4f094fad05bbcb546fe82f0f8f09ac4dd7,cf12ad995ce84f4b9b43ab7b6b9709a4d7e94f6908745d56679276a7f82be2fc,0.30216189502971247,,64,tokens,,,do-hosted-closure-20260825-r1,digitalocean_public_request_v2,False,transport,,True,do-close-request-d5042aad6e20eec0ebb8bd19b90c,do-close-cell-ad7e92b700735ffebb48e47d985c5c4f094fad05bbcb546fe82f0f8f09ac4dd7,False,,matched_control_closure,do-hosted-closure-20260825-r1,direct_completion,,2026-08-25T00:30:52.564176+00:00,client_rejection,,,unknown,,,,cap-extended-4,False,invalid_or_censored,"[""not_streamed_ttft_unobservable""]",False,,parameter_interactions,request_declared
,0,,True,,0,cache_miss_observed,8b66f3fed616343a7c9d97741208e5a21de115c50305b38370a86796a61968de,,,extended-parameters-4,,,do-close-cell-ad7e92b700735ffebb48e47d985c5c4f094fad05bbcb546fe82f0f8f09ac4dd7,1,,,True,,,"[""parameter_interactions""]",,,2026-08-25T00:30:53.892857+00:00,glm-5.2,,,8.510000000000001e-05,,length,False,0.32874930900288746,False,0.6852324029896408,200,21,97.33860763710058,False,False,,,False,,request_payload_sha256_mismatch,32,95.64393436722747,billed_completion_tokens_over_request_minus_streamed_ttft_proxy,control_after,,,,,95.64393436722747,0.33457427500979975,True,30.63300362712324,True,0.0,True,False,0.6855351259582676,orphaned,c3efcb0e19e588d8884613bfe3bf0d381201e41de831335d6158131154d18dbb,,d6542347b30e10676674f84faecdb48b440963797d3d0b4aca4f4218a60bb8c6,do-close-request-40c98eac7c64ba3797b16d7d1dc1,ad7e92b700735ffebb48e47d985c5c4f094fad05bbcb546fe82f0f8f09ac4dd7,d6542347b30e10676674f84faecdb48b440963797d3d0b4aca4f4218a60bb8c6,1.0201094009680673,,32,tokens,2195f11ac16ef59304c3d67ef99f86b0633fc7c902e6dd0a08520462fd95101a,,do-hosted-closure-20260825-r1,digitalocean_public_request_v2,True,exact_text,,False,do-close-request-d5042aad6e20eec0ebb8bd19b90c,do-close-cell-ad7e92b700735ffebb48e47d985c5c4f094fad05bbcb546fe82f0f8f09ac4dd7,False,21,matched_control_closure,do-hosted-closure-20260825-r1,direct_completion,,2026-08-25T00:30:52.871993+00:00,success,10,reasoning,streamed,0.3348769979784265,,,cap-extended-4,False,valid_ordinary,[],True,0.6855351259582676,parameter_interactions,request_declared
,0,,True,,0,cache_miss_observed,8b66f3fed616343a7c9d97741208e5a21de115c50305b38370a86796a61968de,,,extended-parameters-5,,,do-close-cell-8179663999926156249c609ae8fa00e7977c8dfb5ec32cad4dc7f2987f9b624f,1,,,True,,,"[""parameter_interactions""]",,,2026-08-25T00:30:54.787946+00:00,glm-5.2,,,8.65e-05,,length,False,0.33605933899525553,False,0.5058497150312178,200,23,95.2212787648546,False,False,,,False,,request_payload_sha256_mismatch,32,83.76013243632096,billed_completion_tokens_over_request_minus_streamed_ttft_proxy,control_before,,,,,83.76013243632096,0.38204333098838106,True,45.4418227320014,True,0.0,True,False,0.506141669000499,orphaned,299ba72f16b018b9d520eaff7aa8d794ce6650add0f7e339db9bc148ced7a2b5,,4cfdce631db0f9438f06f5a20c8200fcd2eb4134ec80e0df2a00567cefee9a83,do-close-request-61117f7e30dbf05e0c8d4ea638ae,8179663999926156249c609ae8fa00e7977c8dfb5ec32cad4dc7f2987f9b624f,4cfdce631db0f9438f06f5a20c8200fcd2eb4134ec80e0df2a00567cefee9a83,0.88818499998888,,32,tokens,06680f692977bc958ed16760c62d65207e4ff295515d2d6b4cfbf7989562cf0b,,do-hosted-closure-20260825-r1,digitalocean_public_request_v2,True,exact_text,,False,do-close-request-f924b7b1a8f6f8b860ea7f3a29d9,do-close-cell-8179663999926156249c609ae8fa00e7977c8dfb5ec32cad4dc7f2987f9b624f,False,23,matched_control_closure,do-hosted-closure-20260825-r1,direct_completion,,2026-08-25T00:30:53.899390+00:00,success,12,reasoning,streamed,0.3823352849576622,,,cap-extended-5,False,valid_ordinary,[],True,0.506141669000499,parameter_interactions,request_declared
,0,,False,,,not_reported_unknown,8b66f3fed616343a7c9d97741208e5a21de115c50305b38370a86796a61968de,,,extended-parameters-5,,inconclusive,do-close-cell-8179663999926156249c609ae8fa00e7977c8dfb5ec32cad4dc7f2987f9b624f,1,,,True,matched_control_inconclusive,False,"[""parameter_interactions""]",,,2026-08-25T00:30:55.207152+00:00,glm-5.2,,ProviderHTTPError,0.0007007999999999999,,,False,,False,,400,,,False,False,,,False,,request_payload_sha256_mismatch,,,,probe,,,,,,,False,,True,0.0,True,False,,orphaned,299ba72f16b018b9d520eaff7aa8d794ce6650add0f7e339db9bc148ced7a2b5,,e16cea9c2488076ff49cf6c144486f3b1dd2d1e7a797723cf2da018966bd2915,do-close-request-f924b7b1a8f6f8b860ea7f3a29d9,8179663999926156249c609ae8fa00e7977c8dfb5ec32cad4dc7f2987f9b624f,e16cea9c2488076ff49cf6c144486f3b1dd2d1e7a797723cf2da018966bd2915,0.4136920410091989,,64,tokens,,,do-hosted-closure-20260825-r1,digitalocean_public_request_v2,False,transport,,True,do-close-request-f924b7b1a8f6f8b860ea7f3a29d9,do-close-cell-8179663999926156249c609ae8fa00e7977c8dfb5ec32cad4dc7f2987f9b624f,False,,matched_control_closure,do-hosted-closure-20260825-r1,direct_completion,,2026-08-25T00:30:54.793409+00:00,client_rejection,,,unknown,,,,cap-extended-5,False,invalid_or_censored,"[""not_streamed_ttft_unobservable""]",False,,parameter_interactions,request_declared
,0,,True,,0,cache_miss_observed,8b66f3fed616343a7c9d97741208e5a21de115c50305b38370a86796a61968de,,,extended-parameters-5,,,do-close-cell-8179663999926156249c609ae8fa00e7977c8dfb5ec32cad4dc7f2987f9b624f,1,,,True,,,"[""parameter_interactions""]",,,2026-08-25T00:30:56.686600+00:00,glm-5.2,,,8.65e-05,,length,False,0.9453262300230563,False,0.4947247749660164,200,23,33.85074801026047,False,False,,,False,,request_payload_sha256_mismatch,32,32.69525201114968,billed_completion_tokens_over_request_minus_streamed_ttft_proxy,control_after,,,,,32.69525201114968,0.97873538301792,True,46.46389525453778,True,0.0,True,False,0.4950080029666424,orphaned,299ba72f16b018b9d520eaff7aa8d794ce6650add0f7e339db9bc148ced7a2b5,,0a58d8db4ef128ae8cad7ae62e5163db88784cfa1da4556b4f6bf9012f767e78,do-close-request-fdf994af6a4ab889f5cbcbc1eb6f,8179663999926156249c609ae8fa00e7977c8dfb5ec32cad4dc7f2987f9b624f,0a58d8db4ef128ae8cad7ae62e5163db88784cfa1da4556b4f6bf9012f767e78,1.4737433859845623,,32,tokens,211dea6ad2ff2ec4c127fa47d2c45b8c5de55efd373d6992aec5a451fc84debb,,do-hosted-closure-20260825-r1,digitalocean_public_request_v2,True,exact_text,,False,do-close-request-f924b7b1a8f6f8b860ea7f3a29d9,do-close-cell-8179663999926156249c609ae8fa00e7977c8dfb5ec32cad4dc7f2987f9b624f,False,23,matched_control_closure,do-hosted-closure-20260825-r1,direct_completion,,2026-08-25T00:30:55.212495+00:00,success,10,reasoning,streamed,0.9790186110185459,,,cap-extended-5,False,valid_ordinary,[],True,0.4950080029666424,parameter_interactions,request_declared
,0,,True,,0,cache_miss_observed,8b66f3fed616343a7c9d97741208e5a21de115c50305b38370a86796a61968de,,,realized-output-1024,,accepted,do-close-cell-58dca630e18bfe5fb76accba000127c252b6e57b4082497475b760777eb4b3e0,1,,,True,accepted,True,"[""output_length""]",,,2026-08-25T00:30:59.271187+00:00,qwen3.5-397b-a17b,,,0.0036054499999999996,,length,False,84.02220288000535,False,0.5488704140298069,200,39,12.187254855272068,False,False,,,False,,request_payload_sha256_mismatch,1024,12.177002315813862,billed_completion_tokens_over_request_minus_streamed_ttft_proxy,probe,,,,,12.177002315813862,84.09294614900136,True,71.00597894967225,True,0.0,True,False,0.5492495220387354,orphaned,58dca630e18bfe5fb76accba000127c252b6e57b4082497475b760777eb4b3e0,,de8e6bc7c68183a05dcc6684d454cefea3aba8b10988a4b4c40abee0af8e6c59,do-close-request-604574a2f7c7af345f4d97afb45f,58dca630e18bfe5fb76accba000127c252b6e57b4082497475b760777eb4b3e0,de8e6bc7c68183a05dcc6684d454cefea3aba8b10988a4b4c40abee0af8e6c59,84.6421956710401,,1024,tokens,23d315f8d8f8324e7e8bb08ef64be1ca2a7077c6f57d63c8f2776d4dc16fe918,,do-hosted-closure-20260825-r1,digitalocean_public_request_v2,True,controlled_words,,True,do-close-request-604574a2f7c7af345f4d97afb45f,do-close-cell-58dca630e18bfe5fb76accba000127c252b6e57b4082497475b760777eb4b3e0,False,39,matched_control_closure,do-hosted-closure-20260825-r1,direct_completion,,2026-08-25T00:29:34.628502+00:00,success,1024,reasoning,streamed,84.09332525701029,,,realized-output-1024,False,valid_ordinary,[],True,0.5492495220387354,output_length,request_declared
,0,,True,,0,cache_miss_observed,8b66f3fed616343a7c9d97741208e5a21de115c50305b38370a86796a61968de,,,cap-pairwise-32,,accepted,do-close-cell-6e67fc4cad65a5642fe4903025a4cfe465b58f1f2349b631fc09977f2d7cb146,1,,,True,accepted,True,"[""parameter_interactions""]",,,2026-08-25T00:31:06.834565+00:00,qwen3.8-max,,,0.196638,,length,False,104.94669641100336,False,0.6296864739852026,200,15,312.23469742840206,False,False,,,False,,request_payload_sha256_mismatch,32768,278.03000275317805,billed_completion_tokens_over_request_minus_streamed_ttft_proxy,probe,,,,,278.03000275317805,117.8577839640202,True,23.669752569661316,True,0.0,True,False,0.6337201859569177,orphaned,bcda6f750fbce44c0d61b17e940b4dd080c258629d6c0a485dbaa5a31c045249,,1e227bdc145fd6d83760a5825f6843ba45cf75e1f7874efc76da4f8ac329fea1,do-close-request-3e5f68ae8c3dd2c3967b8a1f933d,6e67fc4cad65a5642fe4903025a4cfe465b58f1f2349b631fc09977f2d7cb146,1e227bdc145fd6d83760a5825f6843ba45cf75e1f7874efc76da4f8ac329fea1,118.49150414997712,,64,tokens,31f4c1e23b678117ec073482a2391e74e29ae132f91a4dba0f39bedae2cf0b7e,,do-hosted-closure-20260825-r1,digitalocean_public_request_v2,True,exact_text,,True,do-close-request-3e5f68ae8c3dd2c3967b8a1f933d,do-close-cell-6e67fc4cad65a5642fe4903025a4cfe465b58f1f2349b631fc09977f2d7cb146,False,15,matched_control_closure,do-hosted-closure-20260825-r1,direct_completion,,2026-08-25T00:29:08.341562+00:00,success,32768,reasoning,streamed,117.86181767599192,,,cap-pairwise-32,False,valid_ordinary,[],True,0.6337201859569177,parameter_interactions,request_declared
,0,,True,,0,cache_miss_observed,8b66f3fed616343a7c9d97741208e5a21de115c50305b38370a86796a61968de,,,extended-parameters-6,,,do-close-cell-fd3997a4f789d9cff8ebb8f48311618d737127c279b40635670ec14a1ce2c575,1,,,True,,,"[""parameter_interactions""]",,,2026-08-25T00:31:06.950795+00:00,glm-5.2,,,8.580000000000001e-05,,length,False,1.659543827001471,False,8.575532744987868,200,22,19.282407297322695,False,False,,,False,,request_payload_sha256_mismatch,32,19.039215783231576,billed_completion_tokens_over_request_minus_streamed_ttft_proxy,control_before,,,,,19.039215783231576,1.6807414950453676,True,2.5653603055556053,True,0.0,True,False,8.575793408963364,orphaned,6c22148a48c973ae4def0199c1deba970e5839a353b61e2afe0f35cba628a05e,,31436d30e384bf3102ae835e65b4ba2ef90780613e710df6099cb504e40925c1,do-close-request-fa68b71f81aa787a90d1d9e4cf0d,fd3997a4f789d9cff8ebb8f48311618d737127c279b40635670ec14a1ce2c575,31436d30e384bf3102ae835e65b4ba2ef90780613e710df6099cb504e40925c1,10.256534904008731,,32,tokens,d1fa934464f2bbabc72c0dbd539e225e934dd6fc508b34a6caef3440124ca6fe,,do-hosted-closure-20260825-r1,digitalocean_public_request_v2,True,exact_text,,False,do-close-request-f2bb0f4fd343a6f999997ba5d0da,do-close-cell-fd3997a4f789d9cff8ebb8f48311618d737127c279b40635670ec14a1ce2c575,False,22,matched_control_closure,do-hosted-closure-20260825-r1,direct_completion,,2026-08-25T00:30:56.693932+00:00,success,11,reasoning,streamed,1.6810021590208635,,,cap-extended-6,False,valid_ordinary,[],True,8.575793408963364,parameter_interactions,request_declared
,0,,False,,,not_reported_unknown,8b66f3fed616343a7c9d97741208e5a21de115c50305b38370a86796a61968de,,,extended-parameters-6,,inconclusive,do-close-cell-fd3997a4f789d9cff8ebb8f48311618d737127c279b40635670ec14a1ce2c575,1,,,True,matched_control_inconclusive,False,"[""parameter_interactions""]",,,2026-08-25T00:31:07.289265+00:00,glm-5.2,,ProviderHTTPError,0.0006888999999999999,,,False,,False,,400,,,False,False,,,False,,request_payload_sha256_mismatch,,,,probe,,,,,,,False,,True,0.0,True,False,,orphaned,6c22148a48c973ae4def0199c1deba970e5839a353b61e2afe0f35cba628a05e,,4d76d193ffb9cf81846036ef4b66b924b9b782809d7866d400b96ea6e1f451ff,do-close-request-f2bb0f4fd343a6f999997ba5d0da,fd3997a4f789d9cff8ebb8f48311618d737127c279b40635670ec14a1ce2c575,4d76d193ffb9cf81846036ef4b66b924b9b782809d7866d400b96ea6e1f451ff,0.3333128090016544,,64,tokens,,,do-hosted-closure-20260825-r1,digitalocean_public_request_v2,False,transport,,True,do-close-request-f2bb0f4fd343a6f999997ba5d0da,do-close-cell-fd3997a4f789d9cff8ebb8f48311618d737127c279b40635670ec14a1ce2c575,False,,matched_control_closure,do-hosted-closure-20260825-r1,direct_completion,,2026-08-25T00:31:06.955892+00:00,client_rejection,,,unknown,,,,cap-extended-6,False,invalid_or_censored,"[""not_streamed_ttft_unobservable""]",False,,parameter_interactions,request_declared
,0,,True,,0,cache_miss_observed,8b66f3fed616343a7c9d97741208e5a21de115c50305b38370a86796a61968de,,,cap-pairwise-32,,,do-close-cell-6e67fc4cad65a5642fe4903025a4cfe465b58f1f2349b631fc09977f2d7cb146,1,,,True,,,"[""parameter_interactions""]",,,2026-08-25T00:31:08.393825+00:00,qwen3.8-max,,,0.000106,,stop,True,0.181429999996908,True,1.1122793329996057,200,23,55.117676239709105,False,False,,,False,,request_payload_sha256_mismatch,10,23.52090422671819,billed_completion_tokens_over_request_minus_streamed_ttft_proxy,control_after,,,,,23.52090422671819,0.42515372298657894,True,20.385319533591062,True,1.0,True,False,1.1282629130291753,orphaned,bcda6f750fbce44c0d61b17e940b4dd080c258629d6c0a485dbaa5a31c045249,,2b53091e6e81256dfff65f626c657751a5277940be2f468e2da8bdb392db84da,do-close-request-8efd43e66e6d3e9b8571de0f9199,6e67fc4cad65a5642fe4903025a4cfe465b58f1f2349b631fc09977f2d7cb146,2b53091e6e81256dfff65f626c657751a5277940be2f468e2da8bdb392db84da,1.5534166360157542,,32,tokens,1632e3eb3e04a0c142ff5a10a9cf3eec2a14d7288272ce7539299c3a9bb4215b,,do-hosted-closure-20260825-r1,digitalocean_public_request_v2,True,exact_text,,False,do-close-request-3e5f68ae8c3dd2c3967b8a1f933d,do-close-cell-6e67fc4cad65a5642fe4903025a4cfe465b58f1f2349b631fc09977f2d7cb146,False,23,matched_control_closure,do-hosted-closure-20260825-r1,direct_completion,,2026-08-25T00:31:06.839979+00:00,success,9,content,streamed,0.4411373030161485,,,cap-pairwise-32,False,valid_ordinary,[],True,1.1282629130291753,parameter_interactions,request_declared
,0,,True,,0,cache_miss_observed,8b66f3fed616343a7c9d97741208e5a21de115c50305b38370a86796a61968de,,,extended-parameters-6,,,do-close-cell-fd3997a4f789d9cff8ebb8f48311618d737127c279b40635670ec14a1ce2c575,1,,,True,,,"[""parameter_interactions""]",,,2026-08-25T00:31:08.749230+00:00,glm-5.2,,,8.580000000000001e-05,,length,False,0.4351120140054263,False,0.9726886110147461,200,22,73.54428048406157,False,False,,,False,,request_payload_sha256_mismatch,32,67.0968139953721,billed_completion_tokens_over_request_minus_streamed_ttft_proxy,control_after,,,,,67.0968139953721,0.4769227940123528,True,22.509599713159957,True,0.0,True,False,0.9773607829702087,orphaned,6c22148a48c973ae4def0199c1deba970e5839a353b61e2afe0f35cba628a05e,,c93e92b48b597f952f1d0ecaf9c3317ed577a0962ee0d763b3b833e69b226e46,do-close-request-17aeecdb1df21ad7090daf35369a,fd3997a4f789d9cff8ebb8f48311618d737127c279b40635670ec14a1ce2c575,c93e92b48b597f952f1d0ecaf9c3317ed577a0962ee0d763b3b833e69b226e46,1.4542835769825615,,32,tokens,ab9cd6b9cc5495db13235e59cc021ce0777d0f889d3e39fc4356be99592b4ddc,,do-hosted-closure-20260825-r1,digitalocean_public_request_v2,True,exact_text,,False,do-close-request-f2bb0f4fd343a6f999997ba5d0da,do-close-cell-fd3997a4f789d9cff8ebb8f48311618d737127c279b40635670ec14a1ce2c575,False,22,matched_control_closure,do-hosted-closure-20260825-r1,direct_completion,,2026-08-25T00:31:07.294628+00:00,success,14,reasoning,streamed,0.48159496596781537,,,cap-extended-6,False,valid_ordinary,[],True,0.9773607829702087,parameter_interactions,request_declared
,0,,True,,0,cache_miss_observed,8b66f3fed616343a7c9d97741208e5a21de115c50305b38370a86796a61968de,,,tool-argument-bytes-32768,,,do-close-cell-3e7459a99324a5975b3b0bcd8bcddb44e197c7e304e6bc772c673b4c71ec1808,1,,,True,,,"[""tool_calling""]",,,2026-08-25T00:31:09.533117+00:00,glm-5.2,,,8.44e-05,,length,False,0.3463655119994655,False,0.42459804500686005,200,20,92.3879511423452,False,False,,,False,,request_payload_sha256_mismatch,32,91.27822289741465,billed_completion_tokens_over_request_minus_streamed_ttft_proxy,control_before,,,,,91.27822289741465,0.35057650099042803,True,47.074838504323914,True,0.0,True,False,0.4248554139630869,orphaned,e9b680a2b8d3f610bba46e9143719ce68ec44be66c971ffb1b70a8a17d0d3d2a,,4a0216f3f0e850b88fe857cbfb7b441b20ea34c4ecadb47cd0f05996b8a4b5a1,do-close-request-3d5cd9f8b22d023801e7292efe92,3e7459a99324a5975b3b0bcd8bcddb44e197c7e304e6bc772c673b4c71ec1808,4a0216f3f0e850b88fe857cbfb7b441b20ea34c4ecadb47cd0f05996b8a4b5a1,0.7754319149535149,,32,tokens,1aa7876f640b2dfa16a0ac4c4ee8eea06f271a708d212aac128c641862f1b9a6,,do-hosted-closure-20260825-r1,digitalocean_public_request_v2,True,exact_text,,False,do-close-request-3cdf125991c7e350716b6a61a697,do-close-cell-3e7459a99324a5975b3b0bcd8bcddb44e197c7e304e6bc772c673b4c71ec1808,False,20,matched_control_closure,do-hosted-closure-20260825-r1,direct_completion,,2026-08-25T00:31:08.757338+00:00,success,10,reasoning,streamed,0.3508338699466549,,,cap-tool-argument-bytes-32768,False,valid_ordinary,[],True,0.4248554139630869,tool_calling,request_declared
,0,,True,,0,cache_miss_observed,8b66f3fed616343a7c9d97741208e5a21de115c50305b38370a86796a61968de,,,extended-parameters-4,,,do-close-cell-188ed2d917548898679de3ec1c370527ee6b9ff6ce85e22e125bdc9ee440614d,1,,,True,,,"[""parameter_interactions""]",,,2026-08-25T00:31:09.555244+00:00,qwen3.8-max,,,0.000106,,stop,True,0.12874649598961696,True,0.9158658129745163,200,23,77.6720168042979,False,False,,,False,,request_payload_sha256_mismatch,10,45.384792540078344,billed_completion_tokens_over_request_minus_streamed_ttft_proxy,control_before,,,,,45.384792540078344,0.2203381229774095,True,24.648093965125707,True,1.0,True,False,0.9331350339925848,orphaned,ca58b0f1cf9204fd341a501e45debee746cd38c78488cd9aef7bac6b5b81df96,,4da280686e2daa23303f5a31a5ee521a743bd872bc96e27f8b3dd109e410b674,do-close-request-966d5992d53cbd525a9fc35c482c,188ed2d917548898679de3ec1c370527ee6b9ff6ce85e22e125bdc9ee440614d,4da280686e2daa23303f5a31a5ee521a743bd872bc96e27f8b3dd109e410b674,1.1534731569699943,,32,tokens,1acbbafc165081a154e20d1204b06ae6c4107f991b241aeab061c9a2e86daca3,,do-hosted-closure-20260825-r1,digitalocean_public_request_v2,True,exact_text,,False,do-close-request-a08263efa7410fd1976ffd5b0377,do-close-cell-188ed2d917548898679de3ec1c370527ee6b9ff6ce85e22e125bdc9ee440614d,False,23,matched_control_closure,do-hosted-closure-20260825-r1,direct_completion,,2026-08-25T00:31:08.401393+00:00,success,9,content,streamed,0.237607343995478,,,cap-extended-4,False,valid_ordinary,[],True,0.9331350339925848,parameter_interactions,request_declared
,0,,True,,0,cache_miss_observed,8b66f3fed616343a7c9d97741208e5a21de115c50305b38370a86796a61968de,,,realized-output-256,,accepted,do-close-cell-78ffc247b58f705238699f809024f559482c293f8eaaf3647655c82958da543e,1,,,True,accepted,True,"[""output_length""]",,,2026-08-25T00:31:21.857210+00:00,qwen3.5-397b-a17b,,,0.00091745,,length,False,21.963819210010115,False,0.5320463179959916,200,39,11.655532107245119,False,False,,,False,,request_payload_sha256_mismatch,256,11.612856113898857,billed_completion_tokens_over_request_minus_streamed_ttft_proxy,probe,,,,,11.612856113898857,22.044533876003698,True,73.2592027089155,True,0.0,True,False,0.5323563260026276,orphaned,78ffc247b58f705238699f809024f559482c293f8eaaf3647655c82958da543e,,f6d3bbbcdf786f8e0b0a1d87cb2994307447a7084ec6101bd45552e29787efaa,do-close-request-939f5748a8019c244c21cc059138,78ffc247b58f705238699f809024f559482c293f8eaaf3647655c82958da543e,f6d3bbbcdf786f8e0b0a1d87cb2994307447a7084ec6101bd45552e29787efaa,22.576890202006325,,256,tokens,0b41fa73c417318b4d4a11b90f5e9ba948510418dcde5e0321ec06faa6b9d284,,do-hosted-closure-20260825-r1,digitalocean_public_request_v2,True,controlled_words,,True,do-close-request-939f5748a8019c244c21cc059138,do-close-cell-78ffc247b58f705238699f809024f559482c293f8eaaf3647655c82958da543e,False,39,matched_control_closure,do-hosted-closure-20260825-r1,direct_completion,,2026-08-25T00:30:59.279324+00:00,success,256,reasoning,streamed,22.044843884010334,,,realized-output-256,False,valid_ordinary,[],True,0.5323563260026276,output_length,request_declared
,0,,True,,0,cache_miss_observed,8b66f3fed616343a7c9d97741208e5a21de115c50305b38370a86796a61968de,,,cap-pairwise-32,,accepted,do-close-cell-985afff2266c5024d610dd9e0135fcd570ab90ef4124fb28f07352c4db3ac586,1,,,True,accepted,True,"[""parameter_interactions""]",,,2026-08-25T00:32:04.859945+00:00,gemma-4-31B-it,,,0.016387779999999998,,length,False,103.49873986199964,False,0.5770747310016304,200,21,316.60288853459775,False,False,,,False,,request_payload_sha256_mismatch,32768,310.9018427737893,billed_completion_tokens_over_request_minus_streamed_ttft_proxy,probe,,,,,310.9018427737893,105.39660912798718,True,36.36420440143163,True,0.0,True,False,0.5774909789906815,orphaned,a88f582c0f960d9f721455a1c742fa80071af6ef45299f3e7b3e70aac1f9c7d4,,505b2b86c6e7f205043c61269a0c142505741da8a95bb4a23c1efb523b7763aa,do-close-request-6642f9124099df238dbd940552e5,985afff2266c5024d610dd9e0135fcd570ab90ef4124fb28f07352c4db3ac586,505b2b86c6e7f205043c61269a0c142505741da8a95bb4a23c1efb523b7763aa,105.97410010697786,,64,tokens,0ef23e13de5acaa5c855b0dd22f568dbfb686fd92f31efbd2af215c5c2d8f10c,,do-hosted-closure-20260825-r1,digitalocean_public_request_v2,True,exact_text,,True,do-close-request-6642f9124099df238dbd940552e5,do-close-cell-985afff2266c5024d610dd9e0135fcd570ab90ef4124fb28f07352c4db3ac586,False,21,matched_control_closure,do-hosted-closure-20260825-r1,direct_completion,,2026-08-25T00:30:18.882350+00:00,success,32768,reasoning,streamed,105.39702537597623,,,cap-pairwise-32,False,valid_ordinary,[],True,0.5774909789906815,parameter_interactions,request_declared
,0,,True,,0,cache_miss_observed,8b66f3fed616343a7c9d97741208e5a21de115c50305b38370a86796a61968de,,,cap-pairwise-32,,,do-close-cell-985afff2266c5024d610dd9e0135fcd570ab90ef4124fb28f07352c4db3ac586,1,,,True,,,"[""parameter_interactions""]",,,2026-08-25T00:32:06.520550+00:00,gemma-4-31B-it,,,8.64e-06,,stop,True,0.6761818049708381,True,0.9125903089880012,200,23,13.310029837889745,False,False,,,False,,request_payload_sha256_mismatch,9,12.144662917894284,billed_completion_tokens_over_request_minus_streamed_ttft_proxy,control_after,,,,,12.144662917894284,0.7410662659676746,True,25.196113428271076,True,1.0,True,False,0.9128391990088858,orphaned,a88f582c0f960d9f721455a1c742fa80071af6ef45299f3e7b3e70aac1f9c7d4,,525c7fec65b42502276cd024d0c23e84f847aeffea03448a745273c983ecb060,do-close-request-ffb609a1b54f6b58cf5365a44320,985afff2266c5024d610dd9e0135fcd570ab90ef4124fb28f07352c4db3ac586,525c7fec65b42502276cd024d0c23e84f847aeffea03448a745273c983ecb060,1.6539054649765603,,32,tokens,40bd77413ca8147e82d2adf27b5582e7449c4234af2b5eae4dd868c71817550f,,do-hosted-closure-20260825-r1,digitalocean_public_request_v2,True,exact_text,,False,do-close-request-6642f9124099df238dbd940552e5,do-close-cell-985afff2266c5024d610dd9e0135fcd570ab90ef4124fb28f07352c4db3ac586,False,23,matched_control_closure,do-hosted-closure-20260825-r1,direct_completion,,2026-08-25T00:32:04.866028+00:00,success,8,content,streamed,0.7413151559885591,,,cap-pairwise-32,False,valid_ordinary,[],True,0.9128391990088858,parameter_interactions,request_declared
,0,,True,,0,cache_miss_observed,8b66f3fed616343a7c9d97741208e5a21de115c50305b38370a86796a61968de,,,extended-parameters-4,,,do-close-cell-2a03bd4e49ecc2ba8b56f426cf268f07a8f7c40675ab90ed9fcf67c6aa1d8163,1,,,True,,,"[""parameter_interactions""]",,,2026-08-25T00:32:07.698983+00:00,gemma-4-31B-it,,,9.32e-06,,stop,True,0.235456686001271,True,0.8664752480108291,200,24,42.470656364992834,False,False,,,False,,request_payload_sha256_mismatch,10,32.89886727242121,billed_completion_tokens_over_request_minus_streamed_ttft_proxy,control_before,,,,,32.89886727242121,0.3039618330076337,True,27.68897075564389,True,1.0,True,False,0.8667711130110547,orphaned,7103e98b705611d672d2ee6376a91f268b03d57d9bc97dfbad6a96e054b87a0f,,abee1b9bb80bc127462a62525adcff8173eedc2d699d8f3b62fa4ed8121333a9,do-close-request-cbfdbc62cb043e7c8edae68909ed,2a03bd4e49ecc2ba8b56f426cf268f07a8f7c40675ab90ed9fcf67c6aa1d8163,abee1b9bb80bc127462a62525adcff8173eedc2d699d8f3b62fa4ed8121333a9,1.1707329460186884,,32,tokens,6136132ffa784b7e5754e93a34d4e190de43560fb212ab28f8808826c691dbce,,do-hosted-closure-20260825-r1,digitalocean_public_request_v2,True,exact_text,,False,do-close-request-d91f5be517f532de4fbac88978d2,do-close-cell-2a03bd4e49ecc2ba8b56f426cf268f07a8f7c40675ab90ed9fcf67c6aa1d8163,False,24,matched_control_closure,do-hosted-closure-20260825-r1,direct_completion,,2026-08-25T00:32:06.527901+00:00,success,9,content,streamed,0.3042576980078593,,,cap-extended-4,False,valid_ordinary,[],True,0.8667711130110547,parameter_interactions,request_declared
,0,,False,,,not_reported_unknown,8b66f3fed616343a7c9d97741208e5a21de115c50305b38370a86796a61968de,,,extended-parameters-4,,accepted,do-close-cell-188ed2d917548898679de3ec1c370527ee6b9ff6ce85e22e125bdc9ee440614d,1,,,True,accepted,True,"[""parameter_interactions""]",,,2026-08-25T00:33:28.161192+00:00,qwen3.8-max,,,0.001954,,,False,137.9756998779485,False,0.6196714149555191,200,,,False,False,,,False,,request_payload_sha256_mismatch,,,,probe,,,,,,137.97856305597816,False,,True,0.0,True,False,0.6200772890006192,orphaned,ca58b0f1cf9204fd341a501e45debee746cd38c78488cd9aef7bac6b5b81df96,,d0779a5c9b829ea42cfc9685b7dbc544201a976ca1a44424d77569d10cdf92ce,do-close-request-a08263efa7410fd1976ffd5b0377,188ed2d917548898679de3ec1c370527ee6b9ff6ce85e22e125bdc9ee440614d,d0779a5c9b829ea42cfc9685b7dbc544201a976ca1a44424d77569d10cdf92ce,138.59864034497878,,64,tokens,a0462c72b38aeb2d97fb55e7eb2c65bb80d89608a817ace2d88e009cad86f932,,do-hosted-closure-20260825-r1,digitalocean_public_request_v2,False,exact_text,,True,do-close-request-a08263efa7410fd1976ffd5b0377,do-close-cell-188ed2d917548898679de3ec1c370527ee6b9ff6ce85e22e125bdc9ee440614d,False,,matched_control_closure,do-hosted-closure-20260825-r1,direct_completion,,2026-08-25T00:31:09.560691+00:00,success,65536,reasoning,streamed,137.97896893002326,,,cap-extended-4,False,invalid_or_censored,[],True,0.6200772890006192,parameter_interactions,request_declared
,0,,True,,0,cache_miss_observed,8b66f3fed616343a7c9d97741208e5a21de115c50305b38370a86796a61968de,,,extended-parameters-4,,,do-close-cell-188ed2d917548898679de3ec1c370527ee6b9ff6ce85e22e125bdc9ee440614d,1,,,True,,,"[""parameter_interactions""]",,,2026-08-25T00:33:28.971184+00:00,qwen3.8-max,,,0.000106,,stop,True,0.0956159770139493,True,0.6325406279647723,200,23,104.58503183564302,False,False,,,False,,request_payload_sha256_mismatch,10,58.62398714906555,billed_completion_tokens_over_request_minus_streamed_ttft_proxy,control_after,,,,,58.62398714906555,0.1705786400125362,True,36.346991225458964,True,1.0,True,False,0.6327896539587528,orphaned,ca58b0f1cf9204fd341a501e45debee746cd38c78488cd9aef7bac6b5b81df96,,d33448982fb7f83cdfba9b7a78215ace4b4686d40e38324b526451fd8382e670,do-close-request-69409c6a6b4980f4241d509c83b2,188ed2d917548898679de3ec1c370527ee6b9ff6ce85e22e125bdc9ee440614d,d33448982fb7f83cdfba9b7a78215ace4b4686d40e38324b526451fd8382e670,0.803368293971289,,32,tokens,1acbbafc165081a154e20d1204b06ae6c4107f991b241aeab061c9a2e86daca3,,do-hosted-closure-20260825-r1,digitalocean_public_request_v2,True,exact_text,,False,do-close-request-a08263efa7410fd1976ffd5b0377,do-close-cell-188ed2d917548898679de3ec1c370527ee6b9ff6ce85e22e125bdc9ee440614d,False,23,matched_control_closure,do-hosted-closure-20260825-r1,direct_completion,,2026-08-25T00:33:28.167225+00:00,success,9,content,streamed,0.17082766600651667,,,cap-extended-4,False,valid_ordinary,[],True,0.6327896539587528,parameter_interactions,request_declared
,0,,True,,0,cache_miss_observed,8b66f3fed616343a7c9d97741208e5a21de115c50305b38370a86796a61968de,,,extended-parameters-5,,,do-close-cell-83d88bb1ce5e163bbea3ea69ba294877fb6e806c712634a80ab133b107be8148,1,,,True,,,"[""parameter_interactions""]",,,2026-08-25T00:33:29.673860+00:00,qwen3.8-max,,,0.000106,,stop,True,0.10497219796525314,True,0.5595913090510294,200,23,95.26331918199999,False,False,,,False,,request_payload_sha256_mismatch,10,74.00953887433165,billed_completion_tokens_over_request_minus_streamed_ttft_proxy,control_before,,,,,74.00953887433165,0.13511771796038374,True,41.08209392017913,True,1.0,True,False,0.5598546180408448,orphaned,47bb5b24cb8defe57cdfd994eb057418ab940d3a85b834f6cde056d1fcfc65ce,,cb7396a81377baf3398d3b7da0236876662115faa2bdb96c4273db6434421a1a,do-close-request-45eeb749a14c29a123ffcfacc632,83d88bb1ce5e163bbea3ea69ba294877fb6e806c712634a80ab133b107be8148,cb7396a81377baf3398d3b7da0236876662115faa2bdb96c4273db6434421a1a,0.6949723360012285,,32,tokens,999f93ce21a4d7c3f1809b6faaca362f24957af994ec7808abc01cd7aad5d57f,,do-hosted-closure-20260825-r1,digitalocean_public_request_v2,True,exact_text,,False,do-close-request-8d2a7078a047c898b7b759a74122,do-close-cell-83d88bb1ce5e163bbea3ea69ba294877fb6e806c712634a80ab133b107be8148,False,23,matched_control_closure,do-hosted-closure-20260825-r1,direct_completion,,2026-08-25T00:33:28.978443+00:00,success,9,content,streamed,0.13538102695019916,,,cap-extended-5,False,valid_ordinary,[],True,0.5598546180408448,parameter_interactions,request_declared
,0,,False,,,not_reported_unknown,8b66f3fed616343a7c9d97741208e5a21de115c50305b38370a86796a61968de,,,extended-parameters-5,,rejected_exact_tested_state,do-close-cell-83d88bb1ce5e163bbea3ea69ba294877fb6e806c712634a80ab133b107be8148,1,,,True,matched_control_rejection,True,"[""parameter_interactions""]",,,2026-08-25T00:33:30.186471+00:00,qwen3.8-max,,ProviderHTTPError,0.001984,,,False,,False,,400,,,False,False,,,False,,request_payload_sha256_mismatch,,,,probe,,,,,,,False,,True,0.0,True,False,,orphaned,47bb5b24cb8defe57cdfd994eb057418ab940d3a85b834f6cde056d1fcfc65ce,,70cfa8b7ed77f0779c85be5d86c2d02fae915ab8051fe343e676fe59d4c72607,do-close-request-8d2a7078a047c898b7b759a74122,83d88bb1ce5e163bbea3ea69ba294877fb6e806c712634a80ab133b107be8148,70cfa8b7ed77f0779c85be5d86c2d02fae915ab8051fe343e676fe59d4c72607,0.5068002560292371,,64,tokens,,,do-hosted-closure-20260825-r1,digitalocean_public_request_v2,False,transport,,True,do-close-request-8d2a7078a047c898b7b759a74122,do-close-cell-83d88bb1ce5e163bbea3ea69ba294877fb6e806c712634a80ab133b107be8148,False,,matched_control_closure,do-hosted-closure-20260825-r1,direct_completion,,2026-08-25T00:33:29.679618+00:00,client_rejection,,,unknown,,,,cap-extended-5,False,invalid_or_censored,"[""not_streamed_ttft_unobservable""]",False,,parameter_interactions,request_declared
,0,,True,,0,cache_miss_observed,8b66f3fed616343a7c9d97741208e5a21de115c50305b38370a86796a61968de,,,extended-parameters-5,,,do-close-cell-83d88bb1ce5e163bbea3ea69ba294877fb6e806c712634a80ab133b107be8148,1,,,True,,,"[""parameter_interactions""]",,,2026-08-25T00:33:30.723179+00:00,qwen3.8-max,,,0.000106,,stop,True,0.1055235390085727,True,0.3970748449792154,200,23,94.76558589631459,False,False,,,False,,request_payload_sha256_mismatch,10,75.37565812395493,billed_completion_tokens_over_request_minus_streamed_ttft_proxy,control_after,,,,,75.37565812395493,0.13266882504103705,True,57.88623184622713,True,1.0,True,False,0.397331096988637,orphaned,47bb5b24cb8defe57cdfd994eb057418ab940d3a85b834f6cde056d1fcfc65ce,,cad2795459962b072bac500562d7df660c71349d02e5384c582f872d5022be7e,do-close-request-e47a67df2b309372a517051c8ac2,83d88bb1ce5e163bbea3ea69ba294877fb6e806c712634a80ab133b107be8148,cad2795459962b072bac500562d7df660c71349d02e5384c582f872d5022be7e,0.529999922029674,,32,tokens,999f93ce21a4d7c3f1809b6faaca362f24957af994ec7808abc01cd7aad5d57f,,do-hosted-closure-20260825-r1,digitalocean_public_request_v2,True,exact_text,,False,do-close-request-8d2a7078a047c898b7b759a74122,do-close-cell-83d88bb1ce5e163bbea3ea69ba294877fb6e806c712634a80ab133b107be8148,False,23,matched_control_closure,do-hosted-closure-20260825-r1,direct_completion,,2026-08-25T00:33:30.192202+00:00,success,9,content,streamed,0.13292507705045864,,,cap-extended-5,False,valid_ordinary,[],True,0.397331096988637,parameter_interactions,request_declared
,0,,True,,0,cache_miss_observed,8b66f3fed616343a7c9d97741208e5a21de115c50305b38370a86796a61968de,,,tool-argument-bytes-32768,,,do-close-cell-2424a835e1f010825fb48b347d598905796bbb6b6ccbd850d38f68f7bd17e421,1,,,True,,,"[""tool_calling""]",,,2026-08-25T00:33:31.612435+00:00,qwen3.8-max,,,0.000106,,stop,True,0.10396943701198325,True,0.739095745026134,200,23,96.18211166082804,False,False,,,False,,request_payload_sha256_mismatch,10,71.36640058234097,billed_completion_tokens_over_request_minus_streamed_ttft_proxy,control_before,,,,,71.36640058234097,0.14012196101248264,True,31.07787816947342,True,1.0,True,False,0.7400762650067918,orphaned,639abe4d7ad478db51ab70baf15040e95aef4991cfea72da0e7f4097eeb87157,,17a7074e9c3a261e8d6cfc57bebb220cf2d53712eadbf10a20569a5f0b4b8927,do-close-request-d827c8535f5ac047e2214778fb0f,2424a835e1f010825fb48b347d598905796bbb6b6ccbd850d38f68f7bd17e421,17a7074e9c3a261e8d6cfc57bebb220cf2d53712eadbf10a20569a5f0b4b8927,0.8801982260192744,,32,tokens,b6e701f60abe8e3f1d1bf12a25045ade6fa96478822fa3a7d01e709f3ce42fbf,,do-hosted-closure-20260825-r1,digitalocean_public_request_v2,True,exact_text,,False,do-close-request-e10d3ec18fd9dcea61085eaac3c5,do-close-cell-2424a835e1f010825fb48b347d598905796bbb6b6ccbd850d38f68f7bd17e421,False,23,matched_control_closure,do-hosted-closure-20260825-r1,direct_completion,,2026-08-25T00:33:30.731457+00:00,success,9,content,streamed,0.1411024809931405,,,cap-tool-argument-bytes-32768,False,valid_ordinary,[],True,0.7400762650067918,tool_calling,request_declared
,0,,False,,,not_reported_unknown,8b66f3fed616343a7c9d97741208e5a21de115c50305b38370a86796a61968de,,,tool-argument-bytes-32768,,,do-close-cell-3e7459a99324a5975b3b0bcd8bcddb44e197c7e304e6bc772c673b4c71ec1808,1,,,True,,,"[""tool_calling""]",,,2026-08-25T00:34:09.542508+00:00,glm-5.2,,TimeoutError,0.09604170000000001,,,False,,False,,,,,False,False,,,False,,request_payload_sha256_mismatch,,,,probe,,,,,,,False,,True,0.0,True,False,,orphaned,e9b680a2b8d3f610bba46e9143719ce68ec44be66c971ffb1b70a8a17d0d3d2a,,edafcb702698250e5a4418dc310bc7aca742437a757d0c2e96ad40aeae1b6cf8,do-close-request-e669e130124f10b0ce5eb59897bb,3e7459a99324a5975b3b0bcd8bcddb44e197c7e304e6bc772c673b4c71ec1808,edafcb702698250e5a4418dc310bc7aca742437a757d0c2e96ad40aeae1b6cf8,180.00334571802523,,32896,tokens,,,do-hosted-closure-20260825-r1,digitalocean_public_request_v2,False,transport,,False,do-close-request-3cdf125991c7e350716b6a61a697,do-close-cell-3e7459a99324a5975b3b0bcd8bcddb44e197c7e304e6bc772c673b4c71ec1808,False,,matched_control_closure,do-hosted-closure-20260825-r1,direct_completion,,2026-08-25T00:31:09.539058+00:00,timeout,,,unknown,,,,cap-tool-argument-bytes-32768,True,invalid_or_censored,"[""not_streamed_ttft_unobservable""]",False,,tool_calling,request_declared
,0,,True,,0,cache_miss_observed,8b66f3fed616343a7c9d97741208e5a21de115c50305b38370a86796a61968de,,,tool-argument-bytes-32768,,,do-close-cell-3e7459a99324a5975b3b0bcd8bcddb44e197c7e304e6bc772c673b4c71ec1808,1,,,True,,,"[""tool_calling""]",,,2026-08-25T00:34:10.498374+00:00,glm-5.2,,,8.44e-05,,length,False,0.36758855101652443,False,0.53795175999403,200,20,87.0538538578191,False,False,,,False,,request_payload_sha256_mismatch,32,77.91498904656022,billed_completion_tokens_over_request_minus_streamed_ttft_proxy,control_after,,,,,77.91498904656022,0.4107040300150402,True,37.152482529079656,True,0.0,True,False,0.538322034990415,orphaned,e9b680a2b8d3f610bba46e9143719ce68ec44be66c971ffb1b70a8a17d0d3d2a,,b5729cfe4fd21b3bed8c0f1f7434b8d73e93af2ecdaabf28409c6df675501ce9,do-close-request-b5eaf24e54fb6ffd884cf7e95431,3e7459a99324a5975b3b0bcd8bcddb44e197c7e304e6bc772c673b4c71ec1808,b5729cfe4fd21b3bed8c0f1f7434b8d73e93af2ecdaabf28409c6df675501ce9,0.9490260650054552,,32,tokens,9b2be333180ccc48415fd71bedd2bd1fc695ab72a0beef8d8a1d9883f5d98c09,,do-hosted-closure-20260825-r1,digitalocean_public_request_v2,True,exact_text,,False,do-close-request-3cdf125991c7e350716b6a61a697,do-close-cell-3e7459a99324a5975b3b0bcd8bcddb44e197c7e304e6bc772c673b4c71ec1808,False,20,matched_control_closure,do-hosted-closure-20260825-r1,direct_completion,,2026-08-25T00:34:09.548972+00:00,success,17,reasoning,streamed,0.41107430501142517,,,cap-tool-argument-bytes-32768,False,valid_ordinary,[],True,0.538322034990415,tool_calling,request_declared
,0,,True,,0,cache_miss_observed,8b66f3fed616343a7c9d97741208e5a21de115c50305b38370a86796a61968de,,,extended-parameters-4,,accepted,do-close-cell-2a03bd4e49ecc2ba8b56f426cf268f07a8f7c40675ab90ed9fcf67c6aa1d8163,1,,,True,accepted,True,"[""parameter_interactions""]",,,2026-08-25T00:34:11.611024+00:00,gemma-4-31B-it,,,0.03277178,,length,False,119.66997166402871,False,0.4459590289625339,200,21,547.6394711949222,False,False,,,False,,request_payload_sha256_mismatch,65536,530.8534877011533,billed_completion_tokens_over_request_minus_streamed_ttft_proxy,probe,,,,,530.8534877011533,123.45402548601851,True,47.04779342083483,True,0.0,True,False,0.4463546209735796,orphaned,7103e98b705611d672d2ee6376a91f268b03d57d9bc97dfbad6a96e054b87a0f,,81f2d7686e5ebffc5a40aa81ec669f02cab815e997e700592128ad1af3a08cd0,do-close-request-d91f5be517f532de4fbac88978d2,2a03bd4e49ecc2ba8b56f426cf268f07a8f7c40675ab90ed9fcf67c6aa1d8163,81f2d7686e5ebffc5a40aa81ec669f02cab815e997e700592128ad1af3a08cd0,123.90038010699209,,64,tokens,e02a37c4f639e7297381c3bd18973699d42418efba7a15f0f71f0fee7ba45268,,do-hosted-closure-20260825-r1,digitalocean_public_request_v2,True,exact_text,,True,do-close-request-d91f5be517f532de4fbac88978d2,do-close-cell-2a03bd4e49ecc2ba8b56f426cf268f07a8f7c40675ab90ed9fcf67c6aa1d8163,False,21,matched_control_closure,do-hosted-closure-20260825-r1,direct_completion,,2026-08-25T00:32:07.704693+00:00,success,65536,reasoning,streamed,123.45442107802955,,,cap-extended-4,False,valid_ordinary,[],True,0.4463546209735796,parameter_interactions,request_declared
,0,,True,,0,cache_miss_observed,8b66f3fed616343a7c9d97741208e5a21de115c50305b38370a86796a61968de,,,extended-parameters-4,,,do-close-cell-2a03bd4e49ecc2ba8b56f426cf268f07a8f7c40675ab90ed9fcf67c6aa1d8163,1,,,True,,,"[""parameter_interactions""]",,,2026-08-25T00:34:12.976740+00:00,gemma-4-31B-it,,,9.32e-06,,stop,True,0.24861206399509683,True,1.0495000730152242,200,24,40.22330951806595,False,False,,,False,,request_payload_sha256_mismatch,10,32.42062255965799,billed_completion_tokens_over_request_minus_streamed_ttft_proxy,control_after,,,,,32.42062255965799,0.30844565003644675,True,22.840924908638957,True,1.0,True,False,1.0507455409970134,orphaned,7103e98b705611d672d2ee6376a91f268b03d57d9bc97dfbad6a96e054b87a0f,,8e5e553978fae4fa8e357473e2aec221cff741250c1358116709e353e3d558c1,do-close-request-e38c5521c3b0c6799e592ae702d8,2a03bd4e49ecc2ba8b56f426cf268f07a8f7c40675ab90ed9fcf67c6aa1d8163,8e5e553978fae4fa8e357473e2aec221cff741250c1358116709e353e3d558c1,1.3591911910334602,,32,tokens,6136132ffa784b7e5754e93a34d4e190de43560fb212ab28f8808826c691dbce,,do-hosted-closure-20260825-r1,digitalocean_public_request_v2,True,exact_text,,False,do-close-request-d91f5be517f532de4fbac88978d2,do-close-cell-2a03bd4e49ecc2ba8b56f426cf268f07a8f7c40675ab90ed9fcf67c6aa1d8163,False,24,matched_control_closure,do-hosted-closure-20260825-r1,direct_completion,,2026-08-25T00:34:11.617123+00:00,success,9,content,streamed,0.309691118018236,,,cap-extended-4,False,valid_ordinary,[],True,1.0507455409970134,parameter_interactions,request_declared
,1,,True,,0,cache_miss_observed,8b66f3fed616343a7c9d97741208e5a21de115c50305b38370a86796a61968de,,,tool-argument-bytes-32768,,,do-close-cell-3e7459a99324a5975b3b0bcd8bcddb44e197c7e304e6bc772c673b4c71ec1808,1,,,True,,,"[""tool_calling""]",,,2026-08-25T00:34:13.608391+00:00,glm-5.2,,,8.44e-05,,length,False,0.3698725040303543,False,0.7141716430196539,200,20,86.51629859291691,False,False,,,False,,request_payload_sha256_mismatch,32,82.63242614868896,billed_completion_tokens_over_request_minus_streamed_ttft_proxy,control_before,,,,,82.63242614868896,0.3872571760439314,True,27.977489960610644,True,0.0,True,False,0.7148604120011441,orphaned,e9b680a2b8d3f610bba46e9143719ce68ec44be66c971ffb1b70a8a17d0d3d2a,,4a0216f3f0e850b88fe857cbfb7b441b20ea34c4ecadb47cd0f05996b8a4b5a1,do-close-request-d7bbddad9b324b2a252e5f87a67f,3e7459a99324a5975b3b0bcd8bcddb44e197c7e304e6bc772c673b4c71ec1808,4a0216f3f0e850b88fe857cbfb7b441b20ea34c4ecadb47cd0f05996b8a4b5a1,1.1021175880450755,,32,tokens,90741e9d24ac967ece6b8ae0330704e2677c4c8100cc04aacb7505ead219e7e4,,do-hosted-closure-20260825-r1,digitalocean_public_request_v2,True,exact_text,,False,do-close-request-3cdf125991c7e350716b6a61a697,do-close-cell-3e7459a99324a5975b3b0bcd8bcddb44e197c7e304e6bc772c673b4c71ec1808,False,20,matched_control_closure,do-hosted-closure-20260825-r1,direct_completion,,2026-08-25T00:34:12.505891+00:00,success,17,reasoning,streamed,0.3879459450254217,,,cap-tool-argument-bytes-32768,False,valid_ordinary,[],True,0.7148604120011441,tool_calling,request_declared
,0,,True,,0,cache_miss_observed,8b66f3fed616343a7c9d97741208e5a21de115c50305b38370a86796a61968de,,,extended-parameters-5,,,do-close-cell-18af23b5e02216188e8ed64996a56a507d62a516136a0010779aa11648d29944,1,,,True,,,"[""parameter_interactions""]",,,2026-08-25T00:34:13.783284+00:00,gemma-4-31B-it,,,1e-05,,stop,True,0.1786118780146353,True,0.560367279977072,200,25,61.586049720045324,False,False,,,False,,request_payload_sha256_mismatch,11,46.14845846639334,billed_completion_tokens_over_request_minus_streamed_ttft_proxy,control_before,,,,,46.14845846639334,0.23836115800077096,True,44.590629493178625,True,1.0,True,False,0.560655910987407,orphaned,6ade27822dc96166769f93adec236ec96bd68fb96d29c1e126221531bb7ad684,,e4459e73c828c94766799ffa3dd07adc44d7d586c0d4c0dae33fc0a2b34540cd,do-close-request-4c99f3443687c6a333b8b16ac9bb,18af23b5e02216188e8ed64996a56a507d62a516136a0010779aa11648d29944,e4459e73c828c94766799ffa3dd07adc44d7d586c0d4c0dae33fc0a2b34540cd,0.7990170689881779,,32,tokens,fb5410fe0aa9320170c18f8063d60fdf49607aec7b690f2732c4e8cd7068e5c7,,do-hosted-closure-20260825-r1,digitalocean_public_request_v2,True,exact_text,,False,do-close-request-3d10aa25907626ec988ec2f59b6f,do-close-cell-18af23b5e02216188e8ed64996a56a507d62a516136a0010779aa11648d29944,False,25,matched_control_closure,do-hosted-closure-20260825-r1,direct_completion,,2026-08-25T00:34:12.983936+00:00,success,10,content,streamed,0.2386497890111059,,,cap-extended-5,False,valid_ordinary,[],True,0.560655910987407,parameter_interactions,request_declared
,0,,False,,,not_reported_unknown,8b66f3fed616343a7c9d97741208e5a21de115c50305b38370a86796a61968de,,,extended-parameters-5,,rejected_exact_tested_state,do-close-cell-18af23b5e02216188e8ed64996a56a507d62a516136a0010779aa11648d29944,1,,,True,matched_control_rejection,True,"[""parameter_interactions""]",,,2026-08-25T00:34:14.071507+00:00,gemma-4-31B-it,,ProviderHTTPError,0.000176,,,False,,False,,400,,,False,False,,,False,,request_payload_sha256_mismatch,,,,probe,,,,,,,False,,True,0.0,True,False,,orphaned,6ade27822dc96166769f93adec236ec96bd68fb96d29c1e126221531bb7ad684,,72903e031cb514d2243bf445b44baad4287d5ad4bb9ae02c2cc6d69f62cdd5b5,do-close-request-3d10aa25907626ec988ec2f59b6f,18af23b5e02216188e8ed64996a56a507d62a516136a0010779aa11648d29944,72903e031cb514d2243bf445b44baad4287d5ad4bb9ae02c2cc6d69f62cdd5b5,0.28274869197048247,,64,tokens,,,do-hosted-closure-20260825-r1,digitalocean_public_request_v2,False,transport,,True,do-close-request-3d10aa25907626ec988ec2f59b6f,do-close-cell-18af23b5e02216188e8ed64996a56a507d62a516136a0010779aa11648d29944,False,,matched_control_closure,do-hosted-closure-20260825-r1,direct_completion,,2026-08-25T00:34:13.788710+00:00,client_rejection,,,unknown,,,,cap-extended-5,False,invalid_or_censored,"[""not_streamed_ttft_unobservable""]",False,,parameter_interactions,request_declared
,0,,True,,0,cache_miss_observed,8b66f3fed616343a7c9d97741208e5a21de115c50305b38370a86796a61968de,,,extended-parameters-5,,,do-close-cell-18af23b5e02216188e8ed64996a56a507d62a516136a0010779aa11648d29944,1,,,True,,,"[""parameter_interactions""]",,,2026-08-25T00:34:14.630291+00:00,gemma-4-31B-it,,,1e-05,,stop,True,0.17797849304042757,True,0.33823093899991363,200,25,61.80522046279696,False,False,,,False,,request_payload_sha256_mismatch,11,51.361508849266706,billed_completion_tokens_over_request_minus_streamed_ttft_proxy,control_after,,,,,51.361508849266706,0.21416816301643848,True,73.84993416623712,True,1.0,True,False,0.33852433698484674,orphaned,6ade27822dc96166769f93adec236ec96bd68fb96d29c1e126221531bb7ad684,,43de90faa37ef5062defca9f6b26b6cb7b7e28af9ab2dcec6ac7d670f428185f,do-close-request-a4e328080470b6cf81a9ecc2ca8e,18af23b5e02216188e8ed64996a56a507d62a516136a0010779aa11648d29944,43de90faa37ef5062defca9f6b26b6cb7b7e28af9ab2dcec6ac7d670f428185f,0.5526925000012852,,32,tokens,fb5410fe0aa9320170c18f8063d60fdf49607aec7b690f2732c4e8cd7068e5c7,,do-hosted-closure-20260825-r1,digitalocean_public_request_v2,True,exact_text,,False,do-close-request-3d10aa25907626ec988ec2f59b6f,do-close-cell-18af23b5e02216188e8ed64996a56a507d62a516136a0010779aa11648d29944,False,25,matched_control_closure,do-hosted-closure-20260825-r1,direct_completion,,2026-08-25T00:34:14.077268+00:00,success,10,content,streamed,0.2144615610013716,,,cap-extended-5,False,valid_ordinary,[],True,0.33852433698484674,parameter_interactions,request_declared
,0,,False,,,not_reported_unknown,8b66f3fed616343a7c9d97741208e5a21de115c50305b38370a86796a61968de,,,realized-output-1024,,accepted,do-close-cell-368075d8d96117f2694de9ec76f08894f61f599f504c5c9fc25abe921db85b2b,1,,,True,accepted,True,"[""output_length""]",,,2026-08-25T00:34:17.341222+00:00,gemma-4-31B-it,,,0.0006529400000000001,,,False,2.272103335999418,False,0.3980697090155445,200,,,False,False,,,False,,request_payload_sha256_mismatch,,,,probe,,,,,,2.3051508479984477,False,,True,0.0,True,False,0.39838789601344615,orphaned,368075d8d96117f2694de9ec76f08894f61f599f504c5c9fc25abe921db85b2b,,509b58818b523bdb32f028030339e90bd90ae83a91083cf9c16517f513230ade,do-close-request-335a4274412509fcc42a9e826374,368075d8d96117f2694de9ec76f08894f61f599f504c5c9fc25abe921db85b2b,509b58818b523bdb32f028030339e90bd90ae83a91083cf9c16517f513230ade,2.703538744011894,,1024,tokens,735517271842eb98f2bb2e98c7d9d03e5f92bdb301a55a2d33812f7bc83c98c5,,do-hosted-closure-20260825-r1,digitalocean_public_request_v2,False,controlled_words,,True,do-close-request-335a4274412509fcc42a9e826374,do-close-cell-368075d8d96117f2694de9ec76f08894f61f599f504c5c9fc25abe921db85b2b,False,,matched_control_closure,do-hosted-closure-20260825-r1,direct_completion,,2026-08-25T00:34:14.637327+00:00,success,101,content,streamed,2.3054690349963494,,,realized-output-1024,False,invalid_or_censored,[],True,0.39838789601344615,output_length,request_declared
,0,,False,,,not_reported_unknown,8b66f3fed616343a7c9d97741208e5a21de115c50305b38370a86796a61968de,,,realized-output-256,,accepted,do-close-cell-1cd33caea13b5364b8a9530c513793e93441b06030eafba5edb6782247a3edc5,1,,,True,accepted,True,"[""output_length""]",,,2026-08-25T00:34:19.630331+00:00,gemma-4-31B-it,,,0.00026876,,,False,1.9078536670422181,False,0.33684759895550087,200,,,False,False,,,False,,request_payload_sha256_mismatch,,,,probe,,,,,,1.9444957870291546,False,,True,0.0,True,False,0.3371695049572736,orphaned,1cd33caea13b5364b8a9530c513793e93441b06030eafba5edb6782247a3edc5,,69847e4d0727e1f4fe119d69f301996601660e80d3bdecfea5e3da8638aa54a5,do-close-request-a5cacc9a487294ffa7cb7fd402b1,1cd33caea13b5364b8a9530c513793e93441b06030eafba5edb6782247a3edc5,69847e4d0727e1f4fe119d69f301996601660e80d3bdecfea5e3da8638aa54a5,2.281665291986428,,256,tokens,735517271842eb98f2bb2e98c7d9d03e5f92bdb301a55a2d33812f7bc83c98c5,,do-hosted-closure-20260825-r1,digitalocean_public_request_v2,False,controlled_words,,True,do-close-request-a5cacc9a487294ffa7cb7fd402b1,do-close-cell-1cd33caea13b5364b8a9530c513793e93441b06030eafba5edb6782247a3edc5,False,,matched_control_closure,do-hosted-closure-20260825-r1,direct_completion,,2026-08-25T00:34:17.348314+00:00,success,101,content,streamed,1.9448176930309273,,,realized-output-256,False,invalid_or_censored,[],True,0.3371695049572736,output_length,request_declared
,0,,False,,,not_reported_unknown,8b66f3fed616343a7c9d97741208e5a21de115c50305b38370a86796a61968de,,,realized-output-4096,,accepted,do-close-cell-38080c5387f290d560effd85fc4cacece782d47827fe0d5331875761d77b1558,1,,,True,accepted,True,"[""output_length""]",,,2026-08-25T00:34:21.849026+00:00,gemma-4-31B-it,,,0.0021893000000000004,,,False,1.7993654839810915,False,0.3791077880305238,200,,,False,False,,,False,,request_payload_sha256_mismatch,,,,probe,,,,,,1.8312360279960558,False,,True,0.0,True,False,0.37973758100997657,orphaned,38080c5387f290d560effd85fc4cacece782d47827fe0d5331875761d77b1558,,2f5472003318c7ea163443bf63188975a1d0d3c635c86b2e28572056ddb1d8d3,do-close-request-64a4bb6201278f2bfadea01fe264,38080c5387f290d560effd85fc4cacece782d47827fe0d5331875761d77b1558,2f5472003318c7ea163443bf63188975a1d0d3c635c86b2e28572056ddb1d8d3,2.2109736090060323,,4096,tokens,735517271842eb98f2bb2e98c7d9d03e5f92bdb301a55a2d33812f7bc83c98c5,,do-hosted-closure-20260825-r1,digitalocean_public_request_v2,False,controlled_words,,True,do-close-request-64a4bb6201278f2bfadea01fe264,do-close-cell-38080c5387f290d560effd85fc4cacece782d47827fe0d5331875761d77b1558,False,,matched_control_closure,do-hosted-closure-20260825-r1,direct_completion,,2026-08-25T00:34:19.637679+00:00,success,101,content,streamed,1.8318658209755085,,,realized-output-4096,False,invalid_or_censored,[],True,0.37973758100997657,output_length,request_declared
,0,,False,,,not_reported_unknown,8b66f3fed616343a7c9d97741208e5a21de115c50305b38370a86796a61968de,,,realized-output-4096,,,do-close-cell-2a7ffcc0688ab76a5bdcdc3910bfdb3a82d4e9c7c279e2a47a65d7bc24cf5d2c,1,,,True,,,"[""output_length""]",,,2026-08-25T00:34:21.866728+00:00,qwen3.5-397b-a17b,,TimeoutError,0.01476775,,,False,,False,,,,,False,False,,,False,,request_payload_sha256_mismatch,,,,probe,,,,,,,False,,True,0.0,True,False,,orphaned,2a7ffcc0688ab76a5bdcdc3910bfdb3a82d4e9c7c279e2a47a65d7bc24cf5d2c,,cfa47d9ee10853a2ce96cd8ea4b53ef51baf066feda6ca6b2cfd77fc67e7da7a,do-close-request-91fab0587c511b3cf9625eb74e07,2a7ffcc0688ab76a5bdcdc3910bfdb3a82d4e9c7c279e2a47a65d7bc24cf5d2c,cfa47d9ee10853a2ce96cd8ea4b53ef51baf066feda6ca6b2cfd77fc67e7da7a,180.0014765409869,,4096,tokens,,,do-hosted-closure-20260825-r1,digitalocean_public_request_v2,False,transport,,False,do-close-request-177acf00ff08fa21ab6f28b24aea,do-close-cell-2a7ffcc0688ab76a5bdcdc3910bfdb3a82d4e9c7c279e2a47a65d7bc24cf5d2c,False,,matched_control_closure,do-hosted-closure-20260825-r1,direct_completion,,2026-08-25T00:31:21.865008+00:00,timeout,,,unknown,,,,realized-output-4096,True,invalid_or_censored,"[""not_streamed_ttft_unobservable""]",False,,output_length,request_declared
,0,,True,,0,cache_miss_observed,8b66f3fed616343a7c9d97741208e5a21de115c50305b38370a86796a61968de,,,extended-parameters-1,,,do-close-cell-787253fd65b79b5ac45a6b4bd8a4d3240cd29729ee12835c943f60c9774a66a0,1,,,True,,,"[""parameter_interactions""]",,,2026-08-25T00:34:24.495553+00:00,kimi-k3,,,0.00073245,,length,False,1.836069241981022,False,0.7822841029847041,200,97,17.428536608713998,False,False,,,False,,request_payload_sha256_mismatch,32,17.244424512199352,billed_completion_tokens_over_request_minus_streamed_ttft_proxy,control_before,,,,,17.244424512199352,1.855672247998882,True,123.94887790037762,True,0.0,True,False,0.782580702973064,orphaned,ddb7ecb443c8fe68fe617e5fcc92dc5c62c53eab2e4437f32f6d6186c95a20ec,,656d58d3c9dc7ea83a34841cb6c075dcbc03552ffe12a04c9baa0f895bcbc61f,do-close-request-796cfe67f0e4c0891ae07bd2126f,787253fd65b79b5ac45a6b4bd8a4d3240cd29729ee12835c943f60c9774a66a0,656d58d3c9dc7ea83a34841cb6c075dcbc03552ffe12a04c9baa0f895bcbc61f,2.638252950971946,,32,tokens,75ae47308eb02d3205866ab5f1ee12a666dfb6d2b2e2caf0c9a9abda47a9fdd5,,do-hosted-closure-20260825-r1,digitalocean_public_request_v2,True,exact_text,,False,do-close-request-c2fbbca3de368c21f0cfb54a5b0c,do-close-cell-787253fd65b79b5ac45a6b4bd8a4d3240cd29729ee12835c943f60c9774a66a0,False,97,matched_control_closure,do-hosted-closure-20260825-r1,direct_completion,,2026-08-25T00:34:21.856879+00:00,success,32,reasoning,streamed,1.855968847987242,,,cap-extended-1,False,valid_ordinary,[],True,0.782580702973064,parameter_interactions,request_declared
,0,,False,,,not_reported_unknown,8b66f3fed616343a7c9d97741208e5a21de115c50305b38370a86796a61968de,,,extended-parameters-1,,inconclusive,do-close-cell-787253fd65b79b5ac45a6b4bd8a4d3240cd29729ee12835c943f60c9774a66a0,1,,,True,matched_control_inconclusive,False,"[""parameter_interactions""]",,,2026-08-25T00:34:24.743005+00:00,kimi-k3,,ProviderHTTPError,0.00319485,,,False,,False,,400,,,False,False,,,False,,request_payload_sha256_mismatch,,,,probe,,,,,,,False,,True,0.0,True,False,,orphaned,ddb7ecb443c8fe68fe617e5fcc92dc5c62c53eab2e4437f32f6d6186c95a20ec,,1cb63a7d3329672ce4bab83b59d974d1dae680258dde64bd81752167e334538c,do-close-request-c2fbbca3de368c21f0cfb54a5b0c,787253fd65b79b5ac45a6b4bd8a4d3240cd29729ee12835c943f60c9774a66a0,1cb63a7d3329672ce4bab83b59d974d1dae680258dde64bd81752167e334538c,0.24141042801784351,,64,tokens,,,do-hosted-closure-20260825-r1,digitalocean_public_request_v2,False,transport,,True,do-close-request-c2fbbca3de368c21f0cfb54a5b0c,do-close-cell-787253fd65b79b5ac45a6b4bd8a4d3240cd29729ee12835c943f60c9774a66a0,False,,matched_control_closure,do-hosted-closure-20260825-r1,direct_completion,,2026-08-25T00:34:24.501533+00:00,client_rejection,,,unknown,,,,cap-extended-1,False,invalid_or_censored,"[""not_streamed_ttft_unobservable""]",False,,parameter_interactions,request_declared
,0,,True,,0,cache_miss_observed,8b66f3fed616343a7c9d97741208e5a21de115c50305b38370a86796a61968de,,,extended-parameters-1,,,do-close-cell-787253fd65b79b5ac45a6b4bd8a4d3240cd29729ee12835c943f60c9774a66a0,1,,,True,,,"[""parameter_interactions""]",,,2026-08-25T00:34:26.142622+00:00,kimi-k3,,,0.00073245,,length,False,0.8016867749975063,False,0.5689988889498636,200,97,39.91583870159207,False,False,,,False,,request_payload_sha256_mismatch,32,38.83387367505245,billed_completion_tokens_over_request_minus_streamed_ttft_proxy,control_after,,,,,38.83387367505245,0.8240228689974174,True,170.38967283206037,True,0.0,True,False,0.5692833279608749,orphaned,ddb7ecb443c8fe68fe617e5fcc92dc5c62c53eab2e4437f32f6d6186c95a20ec,,9c0a08b8ac583f5f385cae9a0cf7f7d2124102212327865945dbf999d4d1e5a6,do-close-request-9714a1e7f374df6431f33141ac33,787253fd65b79b5ac45a6b4bd8a4d3240cd29729ee12835c943f60c9774a66a0,9c0a08b8ac583f5f385cae9a0cf7f7d2124102212327865945dbf999d4d1e5a6,1.3933061969582923,,32,tokens,bd80718a6df950c3443ffd7e49a96cda170fd6d1ea3146c202380972ed4a6b54,,do-hosted-closure-20260825-r1,digitalocean_public_request_v2,True,exact_text,,False,do-close-request-c2fbbca3de368c21f0cfb54a5b0c,do-close-cell-787253fd65b79b5ac45a6b4bd8a4d3240cd29729ee12835c943f60c9774a66a0,False,97,matched_control_closure,do-hosted-closure-20260825-r1,direct_completion,,2026-08-25T00:34:24.748934+00:00,success,32,reasoning,streamed,0.8243073080084287,,,cap-extended-1,False,valid_ordinary,[],True,0.5692833279608749,parameter_interactions,request_declared
,0,,True,,0,cache_miss_observed,8b66f3fed616343a7c9d97741208e5a21de115c50305b38370a86796a61968de,,,extended-parameters-2,,,do-close-cell-aae816e03336c7fe228dd19530460f011bf501b3683930e693f30014b6a5b5f8,1,,,True,,,"[""parameter_interactions""]",,,2026-08-25T00:34:28.516182+00:00,kimi-k3,,,0.0007381500000000001,,length,False,1.5125470089842565,False,0.8288251099875197,200,99,21.156367246720777,False,False,,,False,,request_payload_sha256_mismatch,32,20.840479622827576,billed_completion_tokens_over_request_minus_streamed_ttft_proxy,control_before,,,,,20.840479622827576,1.5354732990381308,True,119.407020396738,True,0.0,True,False,0.8290969799854793,orphaned,c910a15c5865e1fa756092bb2a96873acfa49973d7516e5913e00c7ace6c0ad5,,975adc4f1b4ef3e2d5bbd9af1bef0de44821e3726ba1b3f127278814fd6e0f8f,do-close-request-d823983e037f0a0deebfb2dc053e,aae816e03336c7fe228dd19530460f011bf501b3683930e693f30014b6a5b5f8,975adc4f1b4ef3e2d5bbd9af1bef0de44821e3726ba1b3f127278814fd6e0f8f,2.36457027902361,,32,tokens,14441dca7f9f80bb4ed9b4496957c8173046520ba21151057f79c13797bb8e76,,do-hosted-closure-20260825-r1,digitalocean_public_request_v2,True,exact_text,,False,do-close-request-12b46f01d783957bdbe82a963d50,do-close-cell-aae816e03336c7fe228dd19530460f011bf501b3683930e693f30014b6a5b5f8,False,99,matched_control_closure,do-hosted-closure-20260825-r1,direct_completion,,2026-08-25T00:34:26.151239+00:00,success,32,reasoning,streamed,1.5357451690360904,,,cap-extended-2,False,valid_ordinary,[],True,0.8290969799854793,parameter_interactions,request_declared
,0,,False,,,not_reported_unknown,8b66f3fed616343a7c9d97741208e5a21de115c50305b38370a86796a61968de,,,extended-parameters-2,,inconclusive,do-close-cell-aae816e03336c7fe228dd19530460f011bf501b3683930e693f30014b6a5b5f8,1,,,True,matched_control_inconclusive,False,"[""parameter_interactions""]",,,2026-08-25T00:34:28.792136+00:00,kimi-k3,,ProviderHTTPError,0.00314355,,,False,,False,,400,,,False,False,,,False,,request_payload_sha256_mismatch,,,,probe,,,,,,,False,,True,0.0,True,False,,orphaned,c910a15c5865e1fa756092bb2a96873acfa49973d7516e5913e00c7ace6c0ad5,,8c25780532f7b48f10984535c078de8615265bd0660cda14b1c132090391b5f2,do-close-request-12b46f01d783957bdbe82a963d50,aae816e03336c7fe228dd19530460f011bf501b3683930e693f30014b6a5b5f8,8c25780532f7b48f10984535c078de8615265bd0660cda14b1c132090391b5f2,0.26943112298613414,,64,tokens,,,do-hosted-closure-20260825-r1,digitalocean_public_request_v2,False,transport,,True,do-close-request-12b46f01d783957bdbe82a963d50,do-close-cell-aae816e03336c7fe228dd19530460f011bf501b3683930e693f30014b6a5b5f8,False,,matched_control_closure,do-hosted-closure-20260825-r1,direct_completion,,2026-08-25T00:34:28.522651+00:00,client_rejection,,,unknown,,,,cap-extended-2,False,invalid_or_censored,"[""not_streamed_ttft_unobservable""]",False,,parameter_interactions,request_declared
,0,,True,,0,cache_miss_observed,8b66f3fed616343a7c9d97741208e5a21de115c50305b38370a86796a61968de,,,extended-parameters-2,,,do-close-cell-aae816e03336c7fe228dd19530460f011bf501b3683930e693f30014b6a5b5f8,1,,,True,,,"[""parameter_interactions""]",,,2026-08-25T00:34:30.744745+00:00,kimi-k3,,,0.0007381500000000001,,length,False,1.3290268839919008,False,0.6078089349903166,200,99,24.07776726373205,False,False,,,False,,request_payload_sha256_mismatch,32,23.916254937328052,billed_completion_tokens_over_request_minus_streamed_ttft_proxy,control_after,,,,,23.916254937328052,1.3380021280026995,True,162.713624618181,True,0.0,True,False,0.608430918015074,orphaned,c910a15c5865e1fa756092bb2a96873acfa49973d7516e5913e00c7ace6c0ad5,,f9811829389007b91676caffa8ce61adecc94b3eaffd25b18295692a6e2fe9fd,do-close-request-0c97a9d6b9d79fb8bfd55f5cc3b9,aae816e03336c7fe228dd19530460f011bf501b3683930e693f30014b6a5b5f8,f9811829389007b91676caffa8ce61adecc94b3eaffd25b18295692a6e2fe9fd,1.9464330460177734,,32,tokens,70e2c6ec80ec5a1039e4f496f9688eb7cb7bf9de09949d80b6da912ef43a5a65,,do-hosted-closure-20260825-r1,digitalocean_public_request_v2,True,exact_text,,False,do-close-request-12b46f01d783957bdbe82a963d50,do-close-cell-aae816e03336c7fe228dd19530460f011bf501b3683930e693f30014b6a5b5f8,False,99,matched_control_closure,do-hosted-closure-20260825-r1,direct_completion,,2026-08-25T00:34:28.797935+00:00,success,32,reasoning,streamed,1.3386241110274568,,,cap-extended-2,False,valid_ordinary,[],True,0.608430918015074,parameter_interactions,request_declared
,0,,True,,0,cache_miss_observed,8b66f3fed616343a7c9d97741208e5a21de115c50305b38370a86796a61968de,,,extended-parameters-3,,,do-close-cell-a048436250a93bc98af515c1a0e1ae02a22441e8001ed81658bf8de4f30736de,1,,,True,,,"[""parameter_interactions""]",,,2026-08-25T00:34:32.475174+00:00,kimi-k3,,,0.00072675,,length,False,1.1871630350360647,False,0.5289242529543117,200,95,26.955017175907837,False,False,,,False,,request_payload_sha256_mismatch,32,26.82261873561957,billed_completion_tokens_over_request_minus_streamed_ttft_proxy,control_before,,,,,26.82261873561957,1.1930229600402527,True,179.51133135994556,True,0.0,True,False,0.5292145029525273,orphaned,30bdee05cacd6d9a7918a39cd7e7995f5f571aaac7165cb7d91c02f2cf2cb750,,3e49223f2e203b7de86e117a1b3850536abfc254e6ba8279303412b44b8af1f9,do-close-request-2b3f893803711a08ea961ddd5026,a048436250a93bc98af515c1a0e1ae02a22441e8001ed81658bf8de4f30736de,3e49223f2e203b7de86e117a1b3850536abfc254e6ba8279303412b44b8af1f9,1.72223746299278,,32,tokens,5b74a952d06f7e1262c59c7a97b0805c40d4eea80807205cf4accb8352a3f56e,,do-hosted-closure-20260825-r1,digitalocean_public_request_v2,True,exact_text,,False,do-close-request-38d8bf9d66a1ad16a2bbe82efc7f,do-close-cell-a048436250a93bc98af515c1a0e1ae02a22441e8001ed81658bf8de4f30736de,False,95,matched_control_closure,do-hosted-closure-20260825-r1,direct_completion,,2026-08-25T00:34:30.752554+00:00,success,32,reasoning,streamed,1.1933132100384682,,,cap-extended-3,False,valid_ordinary,[],True,0.5292145029525273,parameter_interactions,request_declared
,0,,False,,,not_reported_unknown,8b66f3fed616343a7c9d97741208e5a21de115c50305b38370a86796a61968de,,,extended-parameters-3,,inconclusive,do-close-cell-a048436250a93bc98af515c1a0e1ae02a22441e8001ed81658bf8de4f30736de,1,,,True,matched_control_inconclusive,False,"[""parameter_interactions""]",,,2026-08-25T00:34:32.761810+00:00,kimi-k3,,ProviderHTTPError,0.0032005500000000004,,,False,,False,,400,,,False,False,,,False,,request_payload_sha256_mismatch,,,,probe,,,,,,,False,,True,0.0,True,False,,orphaned,30bdee05cacd6d9a7918a39cd7e7995f5f571aaac7165cb7d91c02f2cf2cb750,,707d2e68d94566f63bd79a3fd137831fa7088cd157885c461879668175d4a75a,do-close-request-38d8bf9d66a1ad16a2bbe82efc7f,a048436250a93bc98af515c1a0e1ae02a22441e8001ed81658bf8de4f30736de,707d2e68d94566f63bd79a3fd137831fa7088cd157885c461879668175d4a75a,0.2809465209720656,,64,tokens,,,do-hosted-closure-20260825-r1,digitalocean_public_request_v2,False,transport,,True,do-close-request-38d8bf9d66a1ad16a2bbe82efc7f,do-close-cell-a048436250a93bc98af515c1a0e1ae02a22441e8001ed81658bf8de4f30736de,False,,matched_control_closure,do-hosted-closure-20260825-r1,direct_completion,,2026-08-25T00:34:32.480809+00:00,client_rejection,,,unknown,,,,cap-extended-3,False,invalid_or_censored,"[""not_streamed_ttft_unobservable""]",False,,parameter_interactions,request_declared
,0,,True,,0,cache_miss_observed,8b66f3fed616343a7c9d97741208e5a21de115c50305b38370a86796a61968de,,,extended-parameters-3,,,do-close-cell-a048436250a93bc98af515c1a0e1ae02a22441e8001ed81658bf8de4f30736de,1,,,True,,,"[""parameter_interactions""]",,,2026-08-25T00:34:35.897372+00:00,kimi-k3,,,0.00072675,,length,False,2.152257231005933,False,0.9653566619963385,200,95,14.86811127359701,False,False,,,False,,request_payload_sha256_mismatch,32,14.78650383538649,billed_completion_tokens_over_request_minus_streamed_ttft_proxy,control_after,,,,,14.78650383538649,2.1641356439795345,True,98.37846677029803,True,0.0,True,False,0.9656584730255418,orphaned,30bdee05cacd6d9a7918a39cd7e7995f5f571aaac7165cb7d91c02f2cf2cb750,,e5baff6850b2b6ab026bbec4dfc5bb5280b141f300fc976ef1f8918d3f63bc5f,do-close-request-7fc74ef48b27699b61f58a35f533,a048436250a93bc98af515c1a0e1ae02a22441e8001ed81658bf8de4f30736de,e5baff6850b2b6ab026bbec4dfc5bb5280b141f300fc976ef1f8918d3f63bc5f,3.1297941170050763,,32,tokens,a2bf71d7787bcc5fcf309acf1edcf46650843635ec12845cdd8895923e852fbc,,do-hosted-closure-20260825-r1,digitalocean_public_request_v2,True,exact_text,,False,do-close-request-38d8bf9d66a1ad16a2bbe82efc7f,do-close-cell-a048436250a93bc98af515c1a0e1ae02a22441e8001ed81658bf8de4f30736de,False,95,matched_control_closure,do-hosted-closure-20260825-r1,direct_completion,,2026-08-25T00:34:32.767218+00:00,success,32,reasoning,streamed,2.1644374550087377,,,cap-extended-3,False,valid_ordinary,[],True,0.9656584730255418,parameter_interactions,request_declared
,0,,True,,0,cache_miss_observed,8b66f3fed616343a7c9d97741208e5a21de115c50305b38370a86796a61968de,,,extended-parameters-4,,,do-close-cell-3048831485acadd05b8f9eb0e8f55490c93a0392be0379e53b046c10be729f8c,1,,,True,,,"[""parameter_interactions""]",,,2026-08-25T00:34:39.094084+00:00,kimi-k3,,,0.00073245,,length,False,2.640522879024502,False,0.5328756379894912,200,97,12.118811866467098,False,False,,,False,,request_payload_sha256_mismatch,32,12.053544735525215,billed_completion_tokens_over_request_minus_streamed_ttft_proxy,control_before,,,,,12.053544735525215,2.654820694006048,True,181.9233860485498,True,0.0,True,False,0.533191483002156,orphaned,8c97d9a74f24e01b37b65b6fcb6758c8fffe179e27cb47042c958e8cd343daed,,aa52dd1a7a988859b890fb12df186e74db8ba6f108fa1da7b8fda5489fcfce8d,do-close-request-a3f4c5c77d6ed84d3f9bcf644686,3048831485acadd05b8f9eb0e8f55490c93a0392be0379e53b046c10be729f8c,aa52dd1a7a988859b890fb12df186e74db8ba6f108fa1da7b8fda5489fcfce8d,3.188012177008204,,32,tokens,c113393e81a7e2858cf368430e982016157e89bdd5fd2bc5f356eba1e3f58a28,,do-hosted-closure-20260825-r1,digitalocean_public_request_v2,True,exact_text,,False,do-close-request-70d13ff0a803fed853d35b6909f5,do-close-cell-3048831485acadd05b8f9eb0e8f55490c93a0392be0379e53b046c10be729f8c,False,97,matched_control_closure,do-hosted-closure-20260825-r1,direct_completion,,2026-08-25T00:34:35.905720+00:00,success,32,reasoning,streamed,2.655136539018713,,,cap-extended-4,False,valid_ordinary,[],True,0.533191483002156,parameter_interactions,request_declared
,0,,False,,,not_reported_unknown,8b66f3fed616343a7c9d97741208e5a21de115c50305b38370a86796a61968de,,,extended-parameters-4,,inconclusive,do-close-cell-3048831485acadd05b8f9eb0e8f55490c93a0392be0379e53b046c10be729f8c,1,,,True,matched_control_inconclusive,False,"[""parameter_interactions""]",,,2026-08-25T00:34:39.353874+00:00,kimi-k3,,ProviderHTTPError,0.00314925,,,False,,False,,400,,,False,False,,,False,,request_payload_sha256_mismatch,,,,probe,,,,,,,False,,True,0.0,True,False,,orphaned,8c97d9a74f24e01b37b65b6fcb6758c8fffe179e27cb47042c958e8cd343daed,,03a5f941ff2fa885ff514c90561c2f224087f417961dbdac80b5c144d76c4a74,do-close-request-70d13ff0a803fed853d35b6909f5,3048831485acadd05b8f9eb0e8f55490c93a0392be0379e53b046c10be729f8c,03a5f941ff2fa885ff514c90561c2f224087f417961dbdac80b5c144d76c4a74,0.2537167620030232,,64,tokens,,,do-hosted-closure-20260825-r1,digitalocean_public_request_v2,False,transport,,True,do-close-request-70d13ff0a803fed853d35b6909f5,do-close-cell-3048831485acadd05b8f9eb0e8f55490c93a0392be0379e53b046c10be729f8c,False,,matched_control_closure,do-hosted-closure-20260825-r1,direct_completion,,2026-08-25T00:34:39.100107+00:00,client_rejection,,,unknown,,,,cap-extended-4,False,invalid_or_censored,"[""not_streamed_ttft_unobservable""]",False,,parameter_interactions,request_declared
,0,,True,,0,cache_miss_observed,8b66f3fed616343a7c9d97741208e5a21de115c50305b38370a86796a61968de,,,extended-parameters-4,,,do-close-cell-3048831485acadd05b8f9eb0e8f55490c93a0392be0379e53b046c10be729f8c,1,,,True,,,"[""parameter_interactions""]",,,2026-08-25T00:34:41.097169+00:00,kimi-k3,,,0.00073245,,length,False,1.1737466050544754,False,0.5252146329730749,200,97,27.263124649050493,False,False,,,False,,request_payload_sha256_mismatch,32,26.40440360684819,billed_completion_tokens_over_request_minus_streamed_ttft_proxy,control_after,,,,,26.40440360684819,1.211919060035143,True,184.5876701847482,True,0.0,True,False,0.5254955539712682,orphaned,8c97d9a74f24e01b37b65b6fcb6758c8fffe179e27cb47042c958e8cd343daed,,1eaa0fe83254453215aec2f2ad7f46f13c777c4060d29ff5c53b8b3b132b9df7,do-close-request-11f12bdd77ca6fda47bf578eb65f,3048831485acadd05b8f9eb0e8f55490c93a0392be0379e53b046c10be729f8c,1eaa0fe83254453215aec2f2ad7f46f13c777c4060d29ff5c53b8b3b132b9df7,1.7374146140064113,,32,tokens,3e7471e6b192824bcbdcf60ef691ee33ce52650edbeb2b52f072194d90f48a76,,do-hosted-closure-20260825-r1,digitalocean_public_request_v2,True,exact_text,,False,do-close-request-70d13ff0a803fed853d35b6909f5,do-close-cell-3048831485acadd05b8f9eb0e8f55490c93a0392be0379e53b046c10be729f8c,False,97,matched_control_closure,do-hosted-closure-20260825-r1,direct_completion,,2026-08-25T00:34:39.359439+00:00,success,32,reasoning,streamed,1.2121999810333364,,,cap-extended-4,False,valid_ordinary,[],True,0.5254955539712682,parameter_interactions,request_declared
,0,,True,,0,cache_miss_observed,8b66f3fed616343a7c9d97741208e5a21de115c50305b38370a86796a61968de,,,extended-parameters-5,,,do-close-cell-2c57c1f58f0c61018c55e17ba3ee316f8c44717cb07481056c734f0eff2b6680,1,,,True,,,"[""parameter_interactions""]",,,2026-08-25T00:34:43.333345+00:00,kimi-k3,,,0.00073245,,length,False,1.7017925810068846,False,0.5182165270089172,200,97,18.803701671485044,False,False,,,False,,request_payload_sha256_mismatch,32,18.724763696489536,billed_completion_tokens_over_request_minus_streamed_ttft_proxy,control_before,,,,,18.724763696489536,1.7089668269618414,True,187.0708446550363,True,0.0,True,False,0.5185201370040886,orphaned,cf6024a08658640d8719c88dc4e926ab4f9c982591c1d578642b6fd9785ada66,,8af01a7138b841e82cf34609c1c2745389fa42aeb2461e303292e9d1ea0f1990,do-close-request-0e0801ab72996772d1e093959ce9,2c57c1f58f0c61018c55e17ba3ee316f8c44717cb07481056c734f0eff2b6680,8af01a7138b841e82cf34609c1c2745389fa42aeb2461e303292e9d1ea0f1990,2.22748696396593,,32,tokens,5e35bacbe934341e32cf2707446dc10fb487228cb5a854b8712952bbaa9dc6da,,do-hosted-closure-20260825-r1,digitalocean_public_request_v2,True,exact_text,,False,do-close-request-9b667e869582f30a250fab79b391,do-close-cell-2c57c1f58f0c61018c55e17ba3ee316f8c44717cb07481056c734f0eff2b6680,False,97,matched_control_closure,do-hosted-closure-20260825-r1,direct_completion,,2026-08-25T00:34:41.105507+00:00,success,32,reasoning,streamed,1.7092704369570129,,,cap-extended-5,False,valid_ordinary,[],True,0.5185201370040886,parameter_interactions,request_declared
,0,,False,,,not_reported_unknown,8b66f3fed616343a7c9d97741208e5a21de115c50305b38370a86796a61968de,,,extended-parameters-5,,inconclusive,do-close-cell-2c57c1f58f0c61018c55e17ba3ee316f8c44717cb07481056c734f0eff2b6680,1,,,True,matched_control_inconclusive,False,"[""parameter_interactions""]",,,2026-08-25T00:34:43.621927+00:00,kimi-k3,,ProviderHTTPError,0.003192,,,False,,False,,400,,,False,False,,,False,,request_payload_sha256_mismatch,,,,probe,,,,,,,False,,True,0.0,True,False,,orphaned,cf6024a08658640d8719c88dc4e926ab4f9c982591c1d578642b6fd9785ada66,,c006fbb44832725456542a8417a85921df0b6ac36578b3a4d1507b2124b98908,do-close-request-9b667e869582f30a250fab79b391,2c57c1f58f0c61018c55e17ba3ee316f8c44717cb07481056c734f0eff2b6680,c006fbb44832725456542a8417a85921df0b6ac36578b3a4d1507b2124b98908,0.28239626297727227,,64,tokens,,,do-hosted-closure-20260825-r1,digitalocean_public_request_v2,False,transport,,True,do-close-request-9b667e869582f30a250fab79b391,do-close-cell-2c57c1f58f0c61018c55e17ba3ee316f8c44717cb07481056c734f0eff2b6680,False,,matched_control_closure,do-hosted-closure-20260825-r1,direct_completion,,2026-08-25T00:34:43.339476+00:00,client_rejection,,,unknown,,,,cap-extended-5,False,invalid_or_censored,"[""not_streamed_ttft_unobservable""]",False,,parameter_interactions,request_declared
,0,,True,,0,cache_miss_observed,8b66f3fed616343a7c9d97741208e5a21de115c50305b38370a86796a61968de,,,extended-parameters-5,,,do-close-cell-2c57c1f58f0c61018c55e17ba3ee316f8c44717cb07481056c734f0eff2b6680,1,,,True,,,"[""parameter_interactions""]",,,2026-08-25T00:34:45.411052+00:00,kimi-k3,,,0.00073245,,length,False,1.1738934600143693,False,0.5970584619790316,200,97,27.25971401153244,False,False,,,False,,request_payload_sha256_mismatch,32,26.99061085696239,billed_completion_tokens_over_request_minus_streamed_ttft_proxy,control_after,,,,,26.99061085696239,1.185597472009249,True,162.3910346175277,True,0.0,True,False,0.597323615977075,orphaned,cf6024a08658640d8719c88dc4e926ab4f9c982591c1d578642b6fd9785ada66,,59d2683987b110d9cbf35e0c02ef2c132325c9b59431d547ce3de3284a9ff83f,do-close-request-37acfae9b0cf4b6487376616bbd6,2c57c1f58f0c61018c55e17ba3ee316f8c44717cb07481056c734f0eff2b6680,59d2683987b110d9cbf35e0c02ef2c132325c9b59431d547ce3de3284a9ff83f,1.782921087986324,,32,tokens,332d416f973416df04f579190f4adf4ed499a6cc530efd2d3ae04d11cd7eae9c,,do-hosted-closure-20260825-r1,digitalocean_public_request_v2,True,exact_text,,False,do-close-request-9b667e869582f30a250fab79b391,do-close-cell-2c57c1f58f0c61018c55e17ba3ee316f8c44717cb07481056c734f0eff2b6680,False,97,matched_control_closure,do-hosted-closure-20260825-r1,direct_completion,,2026-08-25T00:34:43.627782+00:00,success,32,reasoning,streamed,1.1858626260072924,,,cap-extended-5,False,valid_ordinary,[],True,0.597323615977075,parameter_interactions,request_declared
,0,,True,,0,cache_miss_observed,8b66f3fed616343a7c9d97741208e5a21de115c50305b38370a86796a61968de,,,extended-parameters-6,,,do-close-cell-c1a3d55a58a69af31f6692d34f5df50a8acb6c08a8cfff3315236e1216f13247,1,,,True,,,"[""parameter_interactions""]",,,2026-08-25T00:34:47.669245+00:00,kimi-k3,,,0.0007296000000000001,,length,False,1.2799815319594927,False,0.961817265022546,200,96,25.000360709120525,False,False,,,False,,request_payload_sha256_mismatch,32,24.84666933987637,billed_completion_tokens_over_request_minus_streamed_ttft_proxy,control_before,,,,,24.84666933987637,1.2878989760065451,True,99.7804135538249,True,0.0,True,False,0.9621126690180972,orphaned,54e5e3edc7b753d0b4e23fc8020a4ab4dfe9bbe3b20a5a97f726d67d77ded74d,,a7185d3e1314f43316a5d42f228091c72c06049cc00b2fc67ea9f1637296631a,do-close-request-27d767726fa7548dbab7119d82fa,c1a3d55a58a69af31f6692d34f5df50a8acb6c08a8cfff3315236e1216f13247,a7185d3e1314f43316a5d42f228091c72c06049cc00b2fc67ea9f1637296631a,2.2500116450246423,,32,tokens,35ce159f023fd71e507fcbafdc53d913c4a1c6d1c378379995cf4aebaf6ef067,,do-hosted-closure-20260825-r1,digitalocean_public_request_v2,True,exact_text,,False,do-close-request-b44f3cb05d33e9f8306b3cd06851,do-close-cell-c1a3d55a58a69af31f6692d34f5df50a8acb6c08a8cfff3315236e1216f13247,False,96,matched_control_closure,do-hosted-closure-20260825-r1,direct_completion,,2026-08-25T00:34:45.418863+00:00,success,32,reasoning,streamed,1.2881943800020963,,,cap-extended-6,False,valid_ordinary,[],True,0.9621126690180972,parameter_interactions,request_declared
,0,,False,,,not_reported_unknown,8b66f3fed616343a7c9d97741208e5a21de115c50305b38370a86796a61968de,,,extended-parameters-6,,inconclusive,do-close-cell-c1a3d55a58a69af31f6692d34f5df50a8acb6c08a8cfff3315236e1216f13247,1,,,True,matched_control_inconclusive,False,"[""parameter_interactions""]",,,2026-08-25T00:34:47.914421+00:00,kimi-k3,,ProviderHTTPError,0.00314355,,,False,,False,,400,,,False,False,,,False,,request_payload_sha256_mismatch,,,,probe,,,,,,,False,,True,0.0,True,False,,orphaned,54e5e3edc7b753d0b4e23fc8020a4ab4dfe9bbe3b20a5a97f726d67d77ded74d,,052aeab010e2d399afc729ef6c5e39b36ced60d049fe7e1b06af88b40a05478d,do-close-request-b44f3cb05d33e9f8306b3cd06851,c1a3d55a58a69af31f6692d34f5df50a8acb6c08a8cfff3315236e1216f13247,052aeab010e2d399afc729ef6c5e39b36ced60d049fe7e1b06af88b40a05478d,0.23950063402298838,,64,tokens,,,do-hosted-closure-20260825-r1,digitalocean_public_request_v2,False,transport,,True,do-close-request-b44f3cb05d33e9f8306b3cd06851,do-close-cell-c1a3d55a58a69af31f6692d34f5df50a8acb6c08a8cfff3315236e1216f13247,False,,matched_control_closure,do-hosted-closure-20260825-r1,direct_completion,,2026-08-25T00:34:47.674858+00:00,client_rejection,,,unknown,,,,cap-extended-6,False,invalid_or_censored,"[""not_streamed_ttft_unobservable""]",False,,parameter_interactions,request_declared
,0,,True,,0,cache_miss_observed,8b66f3fed616343a7c9d97741208e5a21de115c50305b38370a86796a61968de,,,extended-parameters-6,,,do-close-cell-c1a3d55a58a69af31f6692d34f5df50a8acb6c08a8cfff3315236e1216f13247,1,,,True,,,"[""parameter_interactions""]",,,2026-08-25T00:34:50.453985+00:00,kimi-k3,,,0.0007296000000000001,,length,False,2.009530449984595,False,0.5173033740138635,200,96,15.924117994950167,False,False,,,False,,request_payload_sha256_mismatch,32,15.879144829117283,billed_completion_tokens_over_request_minus_streamed_ttft_proxy,control_after,,,,,15.879144829117283,2.0152218739967793,True,185.4785486270159,True,0.0,True,False,0.5175800690194592,orphaned,54e5e3edc7b753d0b4e23fc8020a4ab4dfe9bbe3b20a5a97f726d67d77ded74d,,6bc33e5e090c7af859dc04f74f69f35dcdb01c8fbd3f570d320780e28501b234,do-close-request-5dd6117e7500552e6e686c2af64d,c1a3d55a58a69af31f6692d34f5df50a8acb6c08a8cfff3315236e1216f13247,6bc33e5e090c7af859dc04f74f69f35dcdb01c8fbd3f570d320780e28501b234,2.5328019430162385,,32,tokens,ba0616e8009391319f90b4456db6ee191d7534eeb9349114d6621beafb1794a6,,do-hosted-closure-20260825-r1,digitalocean_public_request_v2,True,exact_text,,False,do-close-request-b44f3cb05d33e9f8306b3cd06851,do-close-cell-c1a3d55a58a69af31f6692d34f5df50a8acb6c08a8cfff3315236e1216f13247,False,96,matched_control_closure,do-hosted-closure-20260825-r1,direct_completion,,2026-08-25T00:34:47.920833+00:00,success,32,reasoning,streamed,2.015498569002375,,,cap-extended-6,False,valid_ordinary,[],True,0.5175800690194592,parameter_interactions,request_declared
,0,,True,,0,cache_miss_observed,8b66f3fed616343a7c9d97741208e5a21de115c50305b38370a86796a61968de,,,vision-malformed-data-uri,,,do-close-cell-5c22e56a7c90a3f239bcf4cdb98cf4a9a864f6ab02d711a1a5f39f3d3125b5e4,1,,,True,,,"[""vision""]",,,2026-08-25T00:34:54.300479+00:00,kimi-k3,,,0.0007352999999999999,,length,False,0.5033917410182767,False,3.21044888603501,200,98,63.568782307133986,False,False,,,False,,request_payload_sha256_mismatch,32,55.11546611731592,billed_completion_tokens_over_request_minus_streamed_ttft_proxy,control_before,,,,,55.11546611731592,0.5805992810055614,True,30.08649229179834,True,0.0,True,False,3.2572756920126267,orphaned,d9c3b0a1548eb6aa379680e18c3741414a610ef5c22fdfdd7376f535a58757ff,,ea014137f99a3da6f3e1d7901322ce133cadf286455a70c21818074b3fc12848,do-close-request-880d78c88c6b8e2fc06cbc8fbbf7,5c22e56a7c90a3f239bcf4cdb98cf4a9a864f6ab02d711a1a5f39f3d3125b5e4,ea014137f99a3da6f3e1d7901322ce133cadf286455a70c21818074b3fc12848,3.837874973018188,,32,tokens,328ef277762c3031541cd5ab14ab0bcf5c6bf4f74164dd84582d178e8bb780c3,,do-hosted-closure-20260825-r1,digitalocean_public_request_v2,True,exact_text,,False,do-close-request-6240667cb8150e6a2712295eb043,do-close-cell-5c22e56a7c90a3f239bcf4cdb98cf4a9a864f6ab02d711a1a5f39f3d3125b5e4,False,98,matched_control_closure,do-hosted-closure-20260825-r1,direct_completion,,2026-08-25T00:34:50.461849+00:00,success,32,reasoning,streamed,0.6274260869831778,,,cap-vision-malformed-data-uri,False,valid_ordinary,[],True,3.2572756920126267,vision,request_declared
,0,,False,,,not_reported_unknown,8b66f3fed616343a7c9d97741208e5a21de115c50305b38370a86796a61968de,,,vision-malformed-data-uri,,inconclusive,do-close-cell-5c22e56a7c90a3f239bcf4cdb98cf4a9a864f6ab02d711a1a5f39f3d3125b5e4,1,,,True,matched_control_inconclusive,False,"[""vision""]",,,2026-08-25T00:34:54.606876+00:00,kimi-k3,,ProviderHTTPError,0.0039957000000000005,,,False,,False,,400,,,False,False,,,False,,request_payload_sha256_mismatch,,,,probe,,,,,,,False,,True,0.0,True,False,,orphaned,d9c3b0a1548eb6aa379680e18c3741414a610ef5c22fdfdd7376f535a58757ff,,3928e43d9a861c13c38e4da9de10dbf17fb1b66fe40ea4bb4c2dcbf91c15bf9a,do-close-request-6240667cb8150e6a2712295eb043,5c22e56a7c90a3f239bcf4cdb98cf4a9a864f6ab02d711a1a5f39f3d3125b5e4,3928e43d9a861c13c38e4da9de10dbf17fb1b66fe40ea4bb4c2dcbf91c15bf9a,0.30022559099597856,,64,tokens,,,do-hosted-closure-20260825-r1,digitalocean_public_request_v2,False,transport,,True,do-close-request-6240667cb8150e6a2712295eb043,do-close-cell-5c22e56a7c90a3f239bcf4cdb98cf4a9a864f6ab02d711a1a5f39f3d3125b5e4,False,,matched_control_closure,do-hosted-closure-20260825-r1,direct_completion,,2026-08-25T00:34:54.306581+00:00,client_rejection,,,unknown,,,,cap-vision-malformed-data-uri,False,invalid_or_censored,"[""not_streamed_ttft_unobservable""]",False,,vision,request_declared
,0,,True,,0,cache_miss_observed,8b66f3fed616343a7c9d97741208e5a21de115c50305b38370a86796a61968de,,,vision-malformed-data-uri,,,do-close-cell-5c22e56a7c90a3f239bcf4cdb98cf4a9a864f6ab02d711a1a5f39f3d3125b5e4,1,,,True,,,"[""vision""]",,,2026-08-25T00:34:56.854546+00:00,kimi-k3,,,0.0007352999999999999,,length,False,1.3484160510124639,False,0.8827450239914469,200,98,23.731547823071867,False,False,,,False,,request_payload_sha256_mismatch,32,23.56162790775278,billed_completion_tokens_over_request_minus_streamed_ttft_proxy,control_after,,,,,23.56162790775278,1.358140452997759,True,110.98131494159227,True,0.0,True,False,0.8830315269879065,orphaned,d9c3b0a1548eb6aa379680e18c3741414a610ef5c22fdfdd7376f535a58757ff,,e211a3d87a2f27752afc7cff430044a42d3434ac7ef34c257cc680c3ae0571c1,do-close-request-730ea0f8c7e5c43e403d9d00c4f9,5c22e56a7c90a3f239bcf4cdb98cf4a9a864f6ab02d711a1a5f39f3d3125b5e4,e211a3d87a2f27752afc7cff430044a42d3434ac7ef34c257cc680c3ae0571c1,2.2411719799856655,,32,tokens,af30b705f5026569ea010df13faddff51c7b06e085b9edabf98ea70e4b1d1320,,do-hosted-closure-20260825-r1,digitalocean_public_request_v2,True,exact_text,,False,do-close-request-6240667cb8150e6a2712295eb043,do-close-cell-5c22e56a7c90a3f239bcf4cdb98cf4a9a864f6ab02d711a1a5f39f3d3125b5e4,False,98,matched_control_closure,do-hosted-closure-20260825-r1,direct_completion,,2026-08-25T00:34:54.613016+00:00,success,32,reasoning,streamed,1.3584269559942186,,,cap-vision-malformed-data-uri,False,valid_ordinary,[],True,0.8830315269879065,vision,request_declared
,0,,True,,0,cache_miss_observed,8b66f3fed616343a7c9d97741208e5a21de115c50305b38370a86796a61968de,,,realized-output-1024,,accepted,do-close-cell-40fac8a00fa95108410cc78889f6bc0102c896b319f182f31df2e6b5fd5cb8f9,1,,,True,accepted,True,"[""output_length""]",,,2026-08-25T00:35:33.039033+00:00,kimi-k3,,,0.01491405,,length,False,34.96401806897484,False,0.9874416179955006,200,113,29.28725176780073,False,False,,,False,,request_payload_sha256_mismatch,1024,29.100865518029526,billed_completion_tokens_over_request_minus_streamed_ttft_proxy,probe,,,,,29.100865518029526,35.18795684498036,True,114.39971401902082,True,0.0,True,False,0.9877647070097737,orphaned,40fac8a00fa95108410cc78889f6bc0102c896b319f182f31df2e6b5fd5cb8f9,,860a0be002cab0748b83fdfe1beba31e6dd1198b674ce628f974597c373ad331,do-close-request-5fd41d45560db1d3db6d2ef62495,40fac8a00fa95108410cc78889f6bc0102c896b319f182f31df2e6b5fd5cb8f9,860a0be002cab0748b83fdfe1beba31e6dd1198b674ce628f974597c373ad331,36.17572155199014,,1024,tokens,e8030bb0ea42a81ff9e54fc5362fe949cd439d1b45ec57b6315eab98dd669c43,,do-hosted-closure-20260825-r1,digitalocean_public_request_v2,True,controlled_words,,True,do-close-request-5fd41d45560db1d3db6d2ef62495,do-close-cell-40fac8a00fa95108410cc78889f6bc0102c896b319f182f31df2e6b5fd5cb8f9,False,113,matched_control_closure,do-hosted-closure-20260825-r1,direct_completion,,2026-08-25T00:34:56.862842+00:00,success,1024,reasoning,streamed,35.188279933994636,,,realized-output-1024,False,valid_ordinary,[],True,0.9877647070097737,output_length,request_declared
,0,,True,,0,cache_miss_observed,8b66f3fed616343a7c9d97741208e5a21de115c50305b38370a86796a61968de,,,realized-output-256,,accepted,do-close-cell-5dbdc491bd9c3f2837805c9d448454dbd673e1978ca52e7e1f055d80a79f7517,1,,,True,accepted,True,"[""output_length""]",,,2026-08-25T00:35:45.309349+00:00,kimi-k3,,,0.00397005,,length,False,11.205397273995914,False,0.8977530489792116,200,113,22.84613331774437,False,False,,,False,,request_payload_sha256_mismatch,256,22.527288576819863,billed_completion_tokens_over_request_minus_streamed_ttft_proxy,probe,,,,,22.527288576819863,11.363995233026799,True,125.83053400039934,True,0.0,True,False,0.8980332229984924,orphaned,5dbdc491bd9c3f2837805c9d448454dbd673e1978ca52e7e1f055d80a79f7517,,37c983e7245fd1105f4d02ca88b86b2dece5c534fc058562e3b3f586a71d3562,do-close-request-614f14e4d4dc252d81553cb34ceb,5dbdc491bd9c3f2837805c9d448454dbd673e1978ca52e7e1f055d80a79f7517,37c983e7245fd1105f4d02ca88b86b2dece5c534fc058562e3b3f586a71d3562,12.262028456025291,,256,tokens,b58ec4bd90c83f6b1a95358799aada7453bc0afaa4b2db8df7026db6030c3e1c,,do-hosted-closure-20260825-r1,digitalocean_public_request_v2,True,controlled_words,,True,do-close-request-614f14e4d4dc252d81553cb34ceb,do-close-cell-5dbdc491bd9c3f2837805c9d448454dbd673e1978ca52e7e1f055d80a79f7517,False,113,matched_control_closure,do-hosted-closure-20260825-r1,direct_completion,,2026-08-25T00:35:33.046952+00:00,success,256,reasoning,streamed,11.36427540704608,,,realized-output-256,False,valid_ordinary,[],True,0.8980332229984924,output_length,request_declared
,0,,False,,,not_reported_unknown,8b66f3fed616343a7c9d97741208e5a21de115c50305b38370a86796a61968de,,,tool-argument-bytes-32768,,,do-close-cell-2424a835e1f010825fb48b347d598905796bbb6b6ccbd850d38f68f7bd17e421,1,,,True,,,"[""tool_calling""]",,,2026-08-25T00:36:31.620228+00:00,qwen3.8-max,,TimeoutError,0.265006,,,False,,False,,,,,False,False,,,False,,request_payload_sha256_mismatch,,,,probe,,,,,,,False,,True,0.0,True,False,,orphaned,639abe4d7ad478db51ab70baf15040e95aef4991cfea72da0e7f4097eeb87157,,339d96ad56170b20bed0a661664866dc95ccbac5590022251cd128795c69c080,do-close-request-cda68098a4f0c0908e39a4ec1370,2424a835e1f010825fb48b347d598905796bbb6b6ccbd850d38f68f7bd17e421,339d96ad56170b20bed0a661664866dc95ccbac5590022251cd128795c69c080,180.00198474898934,,32896,tokens,,,do-hosted-closure-20260825-r1,digitalocean_public_request_v2,False,transport,,False,do-close-request-e10d3ec18fd9dcea61085eaac3c5,do-close-cell-2424a835e1f010825fb48b347d598905796bbb6b6ccbd850d38f68f7bd17e421,False,,matched_control_closure,do-hosted-closure-20260825-r1,direct_completion,,2026-08-25T00:33:31.618164+00:00,timeout,,,unknown,,,,cap-tool-argument-bytes-32768,True,invalid_or_censored,"[""not_streamed_ttft_unobservable""]",False,,tool_calling,request_declared
,0,,True,,0,cache_miss_observed,8b66f3fed616343a7c9d97741208e5a21de115c50305b38370a86796a61968de,,,tool-argument-bytes-32768,,,do-close-cell-2424a835e1f010825fb48b347d598905796bbb6b6ccbd850d38f68f7bd17e421,1,,,True,,,"[""tool_calling""]",,,2026-08-25T00:36:32.366070+00:00,qwen3.8-max,,,0.000106,,stop,True,0.1251817029551603,True,0.6026146769872867,200,23,79.88387890506627,False,False,,,False,,request_payload_sha256_mismatch,10,73.77447267761096,billed_completion_tokens_over_request_minus_streamed_ttft_proxy,control_after,,,,,73.77447267761096,0.1355482409708202,True,38.14764762437899,True,1.0,True,False,0.6029205319937319,orphaned,639abe4d7ad478db51ab70baf15040e95aef4991cfea72da0e7f4097eeb87157,,d6e20b2bacc8c6982a6cf8b377a48a948e30d9d2282b3c7f812b10fada306ec9,do-close-request-97580f186e07db74add9b8916c49,2424a835e1f010825fb48b347d598905796bbb6b6ccbd850d38f68f7bd17e421,d6e20b2bacc8c6982a6cf8b377a48a948e30d9d2282b3c7f812b10fada306ec9,0.738468772964552,,32,tokens,b6e701f60abe8e3f1d1bf12a25045ade6fa96478822fa3a7d01e709f3ce42fbf,,do-hosted-closure-20260825-r1,digitalocean_public_request_v2,True,exact_text,,False,do-close-request-e10d3ec18fd9dcea61085eaac3c5,do-close-cell-2424a835e1f010825fb48b347d598905796bbb6b6ccbd850d38f68f7bd17e421,False,23,matched_control_closure,do-hosted-closure-20260825-r1,direct_completion,,2026-08-25T00:36:31.627237+00:00,success,9,content,streamed,0.1358540959772654,,,cap-tool-argument-bytes-32768,False,valid_ordinary,[],True,0.6029205319937319,tool_calling,request_declared
,1,,True,,0,cache_miss_observed,8b66f3fed616343a7c9d97741208e5a21de115c50305b38370a86796a61968de,,,tool-argument-bytes-32768,,,do-close-cell-2424a835e1f010825fb48b347d598905796bbb6b6ccbd850d38f68f7bd17e421,1,,,True,,,"[""tool_calling""]",,,2026-08-25T00:36:34.909694+00:00,qwen3.8-max,,,0.000106,,stop,True,0.10471965302713215,True,0.4072693250491284,200,23,95.49305895244962,False,False,,,False,,request_payload_sha256_mismatch,10,77.88581386876389,billed_completion_tokens_over_request_minus_streamed_ttft_proxy,control_before,,,,,77.88581386876389,0.1283930860226974,True,56.43391052023977,True,1.0,True,False,0.4075563750229776,orphaned,639abe4d7ad478db51ab70baf15040e95aef4991cfea72da0e7f4097eeb87157,,17a7074e9c3a261e8d6cfc57bebb220cf2d53712eadbf10a20569a5f0b4b8927,do-close-request-daf0745ffe4504035762fcc2f4f4,2424a835e1f010825fb48b347d598905796bbb6b6ccbd850d38f68f7bd17e421,17a7074e9c3a261e8d6cfc57bebb220cf2d53712eadbf10a20569a5f0b4b8927,0.535949461045675,,32,tokens,b6e701f60abe8e3f1d1bf12a25045ade6fa96478822fa3a7d01e709f3ce42fbf,,do-hosted-closure-20260825-r1,digitalocean_public_request_v2,True,exact_text,,False,do-close-request-e10d3ec18fd9dcea61085eaac3c5,do-close-cell-2424a835e1f010825fb48b347d598905796bbb6b6ccbd850d38f68f7bd17e421,False,23,matched_control_closure,do-hosted-closure-20260825-r1,direct_completion,,2026-08-25T00:36:34.373374+00:00,success,9,content,streamed,0.1286801359965466,,,cap-tool-argument-bytes-32768,False,valid_ordinary,[],True,0.4075563750229776,tool_calling,request_declared
,1,,False,,,not_reported_unknown,8b66f3fed616343a7c9d97741208e5a21de115c50305b38370a86796a61968de,,,tool-argument-bytes-32768,,inconclusive,do-close-cell-3e7459a99324a5975b3b0bcd8bcddb44e197c7e304e6bc772c673b4c71ec1808,1,,,True,matched_control_inconclusive,False,"[""tool_calling""]",,,2026-08-25T00:37:13.617269+00:00,glm-5.2,,TimeoutError,0.09604170000000001,,,False,,False,,,,,False,False,,,False,,request_payload_sha256_mismatch,,,,probe,,,,,,,False,,True,0.0,True,False,,orphaned,e9b680a2b8d3f610bba46e9143719ce68ec44be66c971ffb1b70a8a17d0d3d2a,,edafcb702698250e5a4418dc310bc7aca742437a757d0c2e96ad40aeae1b6cf8,do-close-request-3cdf125991c7e350716b6a61a697,3e7459a99324a5975b3b0bcd8bcddb44e197c7e304e6bc772c673b4c71ec1808,edafcb702698250e5a4418dc310bc7aca742437a757d0c2e96ad40aeae1b6cf8,180.0034102179925,,32896,tokens,,,do-hosted-closure-20260825-r1,digitalocean_public_request_v2,False,transport,,True,do-close-request-3cdf125991c7e350716b6a61a697,do-close-cell-3e7459a99324a5975b3b0bcd8bcddb44e197c7e304e6bc772c673b4c71ec1808,False,,matched_control_closure,do-hosted-closure-20260825-r1,direct_completion,,2026-08-25T00:34:13.613646+00:00,timeout,,,unknown,,,,cap-tool-argument-bytes-32768,True,invalid_or_censored,"[""not_streamed_ttft_unobservable""]",False,,tool_calling,request_declared
,1,,True,,0,cache_miss_observed,8b66f3fed616343a7c9d97741208e5a21de115c50305b38370a86796a61968de,,,tool-argument-bytes-32768,,,do-close-cell-3e7459a99324a5975b3b0bcd8bcddb44e197c7e304e6bc772c673b4c71ec1808,1,,,True,,,"[""tool_calling""]",,,2026-08-25T00:37:14.406624+00:00,glm-5.2,,,8.44e-05,,length,False,0.22427088400581852,False,0.5285550669650547,200,20,142.6845938644884,False,False,,,False,,request_payload_sha256_mismatch,32,126.32609185901725,billed_completion_tokens_over_request_minus_streamed_ttft_proxy,control_after,,,,,126.32609185901725,0.25331267301226035,True,37.81900498821351,True,0.0,True,False,0.5288346429588273,orphaned,e9b680a2b8d3f610bba46e9143719ce68ec44be66c971ffb1b70a8a17d0d3d2a,,b5729cfe4fd21b3bed8c0f1f7434b8d73e93af2ecdaabf28409c6df675501ce9,do-close-request-43012c5e8549690c0da32972e03f,3e7459a99324a5975b3b0bcd8bcddb44e197c7e304e6bc772c673b4c71ec1808,b5729cfe4fd21b3bed8c0f1f7434b8d73e93af2ecdaabf28409c6df675501ce9,0.7821473159710877,,32,tokens,d4323a9ce3f65c104195d732b6984dcb8c9c7cd6b0811b48accef92e5b2fd2f6,,do-hosted-closure-20260825-r1,digitalocean_public_request_v2,True,exact_text,,False,do-close-request-3cdf125991c7e350716b6a61a697,do-close-cell-3e7459a99324a5975b3b0bcd8bcddb44e197c7e304e6bc772c673b4c71ec1808,False,20,matched_control_closure,do-hosted-closure-20260825-r1,direct_completion,,2026-08-25T00:37:13.624100+00:00,success,9,reasoning,streamed,0.25359224900603294,,,cap-tool-argument-bytes-32768,False,valid_ordinary,[],True,0.5288346429588273,tool_calling,request_declared
,1,,False,,,not_reported_unknown,8b66f3fed616343a7c9d97741208e5a21de115c50305b38370a86796a61968de,,,realized-output-4096,,inconclusive_provider_failure,do-close-cell-2a7ffcc0688ab76a5bdcdc3910bfdb3a82d4e9c7c279e2a47a65d7bc24cf5d2c,1,,,True,matched_control_repeated_provider_failure,True,"[""output_length""]",,,2026-08-25T00:37:23.875953+00:00,qwen3.5-397b-a17b,,TimeoutError,0.01476775,,,False,,False,,,,,False,False,,,False,,request_payload_sha256_mismatch,,,,probe,,,,,,,False,,True,0.0,True,False,,orphaned,2a7ffcc0688ab76a5bdcdc3910bfdb3a82d4e9c7c279e2a47a65d7bc24cf5d2c,,cfa47d9ee10853a2ce96cd8ea4b53ef51baf066feda6ca6b2cfd77fc67e7da7a,do-close-request-177acf00ff08fa21ab6f28b24aea,2a7ffcc0688ab76a5bdcdc3910bfdb3a82d4e9c7c279e2a47a65d7bc24cf5d2c,cfa47d9ee10853a2ce96cd8ea4b53ef51baf066feda6ca6b2cfd77fc67e7da7a,180.0027370559983,,4096,tokens,,,do-hosted-closure-20260825-r1,digitalocean_public_request_v2,False,transport,,True,do-close-request-177acf00ff08fa21ab6f28b24aea,do-close-cell-2a7ffcc0688ab76a5bdcdc3910bfdb3a82d4e9c7c279e2a47a65d7bc24cf5d2c,False,,matched_control_closure,do-hosted-closure-20260825-r1,direct_completion,,2026-08-25T00:34:23.873059+00:00,timeout,,,unknown,,,,realized-output-4096,True,invalid_or_censored,"[""not_streamed_ttft_unobservable""]",False,,output_length,request_declared
,0,,True,,0,cache_miss_observed,8b66f3fed616343a7c9d97741208e5a21de115c50305b38370a86796a61968de,,,cap-pairwise-08,,,do-close-cell-04b35aa588f4bc2257f5f1593c6a1508bff88ab973e49e03edb6446807249c32,1,,,True,,,"[""parameter_interactions""]",,,2026-08-25T00:37:24.779919+00:00,openai-gpt-oss-120b,,,2.99e-05,,length,False,0.4201410889509134,False,0.4123199890018441,200,75,76.16489041789168,False,False,,,False,,request_payload_sha256_mismatch,32,72.71521522456825,billed_completion_tokens_over_request_minus_streamed_ttft_proxy,control_before,,,,,72.71521522456825,0.44007295998744667,True,164.90307335130026,True,0.0,True,False,0.4548126270528883,orphaned,200afdcc25ef486755db7de6cccafa53dfc90bfd036f4785fb919180acacb383,,b9d43fb39d7b5704816a8a65dff4f7a5cab5f881bc367bcde2a1983a69990625,do-close-request-d81fb72951f03ea87525de50b5e6,04b35aa588f4bc2257f5f1593c6a1508bff88ab973e49e03edb6446807249c32,b9d43fb39d7b5704816a8a65dff4f7a5cab5f881bc367bcde2a1983a69990625,0.8948855870403349,,32,tokens,ec70f0e9fbb27a2e756925ec4ec972688fe3cb58701768edd7206648b8b481fb,,do-hosted-closure-20260825-r1,digitalocean_public_request_v2,True,exact_text,,False,do-close-request-6ab3e126312b4c4f9114dd742f1e,do-close-cell-04b35aa588f4bc2257f5f1593c6a1508bff88ab973e49e03edb6446807249c32,False,75,matched_control_closure,do-hosted-closure-20260825-r1,direct_completion,,2026-08-25T00:37:23.884220+00:00,success,29,reasoning,streamed,0.48256559803849086,,,cap-pairwise-08,False,valid_ordinary,[],True,0.4548126270528883,parameter_interactions,request_declared
,0,,True,,0,cache_miss_observed,8b66f3fed616343a7c9d97741208e5a21de115c50305b38370a86796a61968de,,,tool-argument-bytes-8192,,,do-close-cell-c0a4aa615bf1d521b3c5b9e3f4127118282c07c424771ace3cbceca3e8ee70dd,1,,,True,,,"[""tool_calling""]",,,2026-08-25T00:37:25.377256+00:00,glm-5.2,,,8.44e-05,,length,False,6.044460550008807,False,0.8685031549539417,200,20,5.294103540795444,False,False,,,False,,request_payload_sha256_mismatch,32,5.253553067299688,billed_completion_tokens_over_request_minus_streamed_ttft_proxy,control_before,,,,,5.253553067299688,6.091115782037377,True,23.016302828186408,True,0.0,True,False,0.8689492899575271,orphaned,c36f700d66113ed0f4f250830e41633910ed3945a3ea57644b0c08be737362c1,,bdfb0825417485831f7522c3e57d0b41a7d13aab3aebf69225bd4e2fa19dbf0c,do-close-request-d8561631bc72c93f11f6041b01a0,c0a4aa615bf1d521b3c5b9e3f4127118282c07c424771ace3cbceca3e8ee70dd,bdfb0825417485831f7522c3e57d0b41a7d13aab3aebf69225bd4e2fa19dbf0c,6.960065071994904,,32,tokens,101bb700ca4538197bdd2a214f576509364b5c6bd8f9e0f912e8f6585ac21689,,do-hosted-closure-20260825-r1,digitalocean_public_request_v2,True,exact_text,,False,do-close-request-f8f0453ebaa2d758e9c9bf4ba948,do-close-cell-c0a4aa615bf1d521b3c5b9e3f4127118282c07c424771ace3cbceca3e8ee70dd,False,20,matched_control_closure,do-hosted-closure-20260825-r1,direct_completion,,2026-08-25T00:37:18.416823+00:00,success,10,reasoning,streamed,6.091561917040963,,,cap-tool-argument-bytes-8192,False,valid_ordinary,[],True,0.8689492899575271,tool_calling,request_declared
,0,,True,,0,cache_miss_observed,8b66f3fed616343a7c9d97741208e5a21de115c50305b38370a86796a61968de,,,cap-pairwise-08,,inconclusive,do-close-cell-04b35aa588f4bc2257f5f1593c6a1508bff88ab973e49e03edb6446807249c32,1,,,True,matched_control_inconclusive,False,"[""parameter_interactions""]",,,2026-08-25T00:38:29.227431+00:00,openai-gpt-oss-120b,,,0.0028743999999999996,,length,False,63.234877503011376,False,0.39824475097702816,200,72,64.77438024300656,False,False,,,False,,request_payload_sha256_mismatch,4096,63.97797747356665,billed_completion_tokens_over_request_minus_streamed_ttft_proxy,probe,,,,,63.97797747356665,64.0220301070367,True,171.91714850977223,True,0.0,True,False,0.4188063879846595,orphaned,200afdcc25ef486755db7de6cccafa53dfc90bfd036f4785fb919180acacb383,,eb2f096c54952c75afc001c948933d22e3c0f352a32ab5c90a7b54831f682011,do-close-request-6ab3e126312b4c4f9114dd742f1e,04b35aa588f4bc2257f5f1593c6a1508bff88ab973e49e03edb6446807249c32,eb2f096c54952c75afc001c948933d22e3c0f352a32ab5c90a7b54831f682011,64.44083649502136,,64,tokens,b07624ce5f861b711f7f1bf496d08ff5633e8896be408b59a6bba86fba4d9136,,do-hosted-closure-20260825-r1,digitalocean_public_request_v2,True,exact_text,,True,do-close-request-6ab3e126312b4c4f9114dd742f1e,do-close-cell-04b35aa588f4bc2257f5f1593c6a1508bff88ab973e49e03edb6446807249c32,False,72,matched_control_closure,do-hosted-closure-20260825-r1,direct_completion,,2026-08-25T00:37:24.785961+00:00,success,4093,reasoning,streamed,64.04259174404433,,,cap-pairwise-08,False,valid_ordinary,[],True,0.4188063879846595,parameter_interactions,request_declared
,0,,True,,64,cache_hit_observed,8b66f3fed616343a7c9d97741208e5a21de115c50305b38370a86796a61968de,,,cap-pairwise-08,,,do-close-cell-04b35aa588f4bc2257f5f1593c6a1508bff88ab973e49e03edb6446807249c32,1,,,True,,,"[""parameter_interactions""]",,,2026-08-25T00:38:30.128850+00:00,openai-gpt-oss-120b,,,2.99e-05,,length,False,0.4864527099998668,False,0.3559273610007949,200,75,65.78234500946405,False,False,,,False,,request_payload_sha256_mismatch,32,65.0130078575734,billed_completion_tokens_over_request_minus_streamed_ttft_proxy,control_after,,,,,65.0130078575734,0.4922091909684241,False,,True,0.0,True,False,0.4023314689984545,orphaned,200afdcc25ef486755db7de6cccafa53dfc90bfd036f4785fb919180acacb383,,46e15d6a9723f94da42183981adabfddd9f00068c1292cc8ef02549bc853b48c,do-close-request-b00b3dc8485351be777a800cf559,04b35aa588f4bc2257f5f1593c6a1508bff88ab973e49e03edb6446807249c32,46e15d6a9723f94da42183981adabfddd9f00068c1292cc8ef02549bc853b48c,0.8945406599668786,,32,tokens,90413de03edb110412f292ab09dff055e0383d08bdff3643d5b842ac137d2619,,do-hosted-closure-20260825-r1,digitalocean_public_request_v2,True,exact_text,,False,do-close-request-6ab3e126312b4c4f9114dd742f1e,do-close-cell-04b35aa588f4bc2257f5f1593c6a1508bff88ab973e49e03edb6446807249c32,False,75,matched_control_closure,do-hosted-closure-20260825-r1,direct_completion,,2026-08-25T00:38:29.233954+00:00,success,29,reasoning,streamed,0.5386132989660837,,,cap-pairwise-08,False,valid_ordinary,[],True,0.4023314689984545,parameter_interactions,request_declared
,0,,True,,64,cache_hit_observed,8b66f3fed616343a7c9d97741208e5a21de115c50305b38370a86796a61968de,,,cap-pairwise-18,,,do-close-cell-0ad2aec2b8d5f7e7d32788075e74f3d01ebc8a3d07ce694767d76abf1c9062ec,1,,,True,,,"[""parameter_interactions""]",,,2026-08-25T00:38:31.267974+00:00,openai-gpt-oss-120b,,,3e-05,,length,False,0.48262114101089537,False,0.5871119700022973,200,76,66.30459646457466,False,False,,,False,,request_payload_sha256_mismatch,32,64.8248140771063,billed_completion_tokens_over_request_minus_streamed_ttft_proxy,control_before,,,,,64.8248140771063,0.49363813002128154,False,,True,0.0,True,False,0.635524176992476,orphaned,01cca9facfa574e59cfa82beaa2cbd447074fb6e63d18e9f1cb5e7e1b8d5aa01,,a6adde92461ce52a2f506615f9107962a2d9ea0caabeeb50fe5cc5e261f82495,do-close-request-7211e5ab9ea0127559628f7ed54f,0ad2aec2b8d5f7e7d32788075e74f3d01ebc8a3d07ce694767d76abf1c9062ec,a6adde92461ce52a2f506615f9107962a2d9ea0caabeeb50fe5cc5e261f82495,1.1291623070137575,,32,tokens,1908e7f72fa73f834bf982f12363b6dc4d899232121e87d518b1c2dae555b1b9,,do-hosted-closure-20260825-r1,digitalocean_public_request_v2,True,exact_text,,False,do-close-request-ce5895fe6001cc8dc8f486e01c49,do-close-cell-0ad2aec2b8d5f7e7d32788075e74f3d01ebc8a3d07ce694767d76abf1c9062ec,False,76,matched_control_closure,do-hosted-closure-20260825-r1,direct_completion,,2026-08-25T00:38:30.138378+00:00,success,29,reasoning,streamed,0.5420503370114602,,,cap-pairwise-18,False,valid_ordinary,[],True,0.635524176992476,parameter_interactions,request_declared
,0,,True,,64,cache_hit_observed,8b66f3fed616343a7c9d97741208e5a21de115c50305b38370a86796a61968de,,,cap-pairwise-18,,inconclusive,do-close-cell-0ad2aec2b8d5f7e7d32788075e74f3d01ebc8a3d07ce694767d76abf1c9062ec,1,,,True,matched_control_inconclusive,False,"[""parameter_interactions""]",,,2026-08-25T00:38:32.274865+00:00,openai-gpt-oss-120b,,,3.45e-05,,stop,True,0.5971069629886188,True,0.3220535820000805,200,72,65.31493085392702,False,False,,,False,,request_payload_sha256_mismatch,39,62.15327090827297,billed_completion_tokens_over_request_minus_streamed_ttft_proxy,probe,,,,,62.15327090827297,0.6274810549803078,False,,True,1.0,True,False,0.37212955398717895,orphaned,01cca9facfa574e59cfa82beaa2cbd447074fb6e63d18e9f1cb5e7e1b8d5aa01,,72c048e7eb458ad9fe7f80af75d60d27f3959e231507a2258950e3e8401d1222,do-close-request-ce5895fe6001cc8dc8f486e01c49,0ad2aec2b8d5f7e7d32788075e74f3d01ebc8a3d07ce694767d76abf1c9062ec,72c048e7eb458ad9fe7f80af75d60d27f3959e231507a2258950e3e8401d1222,0.9996106089674868,,64,tokens,d2702938da0377046732cfc9b61ed010c4023eefcece6dc805f1bb5712b6a8c7,,do-hosted-closure-20260825-r1,digitalocean_public_request_v2,True,exact_text,,True,do-close-request-ce5895fe6001cc8dc8f486e01c49,do-close-cell-0ad2aec2b8d5f7e7d32788075e74f3d01ebc8a3d07ce694767d76abf1c9062ec,False,72,matched_control_closure,do-hosted-closure-20260825-r1,direct_completion,,2026-08-25T00:38:31.274388+00:00,success,29,reasoning,streamed,0.6775570269674063,,,cap-pairwise-18,False,valid_ordinary,[],True,0.37212955398717895,parameter_interactions,request_declared
,0,,True,,64,cache_hit_observed,8b66f3fed616343a7c9d97741208e5a21de115c50305b38370a86796a61968de,,,cap-pairwise-18,,,do-close-cell-0ad2aec2b8d5f7e7d32788075e74f3d01ebc8a3d07ce694767d76abf1c9062ec,1,,,True,,,"[""parameter_interactions""]",,,2026-08-25T00:38:33.430940+00:00,openai-gpt-oss-120b,,,3e-05,,length,False,0.49022273998707533,False,0.5600723180104978,200,76,65.27644964173567,False,False,,,False,,request_payload_sha256_mismatch,32,59.184485800586266,billed_completion_tokens_over_request_minus_streamed_ttft_proxy,control_after,,,,,59.184485800586266,0.5406822339864448,False,,True,0.0,True,False,0.6087644100189209,orphaned,01cca9facfa574e59cfa82beaa2cbd447074fb6e63d18e9f1cb5e7e1b8d5aa01,,c71898f5b447eca89d964c58624097820c31324c7ee11b56cb4ca91d1b86956f,do-close-request-ff1167e4f1802f1c75aac57a0cb7,0ad2aec2b8d5f7e7d32788075e74f3d01ebc8a3d07ce694767d76abf1c9062ec,c71898f5b447eca89d964c58624097820c31324c7ee11b56cb4ca91d1b86956f,1.1494466440053657,,32,tokens,82903cdaeffbd248b2c66d2e8f07e435e324127171004db3eea1cd65f837920d,,do-hosted-closure-20260825-r1,digitalocean_public_request_v2,True,exact_text,,False,do-close-request-ce5895fe6001cc8dc8f486e01c49,do-close-cell-0ad2aec2b8d5f7e7d32788075e74f3d01ebc8a3d07ce694767d76abf1c9062ec,False,76,matched_control_closure,do-hosted-closure-20260825-r1,direct_completion,,2026-08-25T00:38:32.281135+00:00,success,23,reasoning,streamed,0.5893743259948678,,,cap-pairwise-18,False,valid_ordinary,[],True,0.6087644100189209,parameter_interactions,request_declared
,0,,True,,64,cache_hit_observed,8b66f3fed616343a7c9d97741208e5a21de115c50305b38370a86796a61968de,,,cap-pairwise-23,,,do-close-cell-51e579a1bb01e5bbe9080a2b6f550239bba3222eaf1682b21583279f0193677f,1,,,True,,,"[""structured_output""]",,,2026-08-25T00:38:34.377945+00:00,openai-gpt-oss-120b,,,2.99e-05,,length,False,0.48273528000572696,False,0.36777823901502416,200,75,66.28891925947563,False,False,,,False,,request_payload_sha256_mismatch,32,61.08689942400489,billed_completion_tokens_over_request_minus_streamed_ttft_proxy,control_before,,,,,61.08689942400489,0.5238439060049132,False,,True,0.0,True,False,0.41490477800834924,orphaned,9811d244194ac0450dc1db2c1a75866c524218e46328d2f0bcaf679143f6107f,,6570988ee37ab558f79b93911eefa0448720e4e298a0c6fc51a6ac36a29ac93f,do-close-request-921ab446c91e2a6218c2a8863e1f,51e579a1bb01e5bbe9080a2b6f550239bba3222eaf1682b21583279f0193677f,6570988ee37ab558f79b93911eefa0448720e4e298a0c6fc51a6ac36a29ac93f,0.9387486840132624,,32,tokens,4f56831c4795f3dadb98701eec9c1b73310640eb0a26c46a0091ea5392c1b7d7,,do-hosted-closure-20260825-r1,digitalocean_public_request_v2,True,exact_text,,False,do-close-request-40c8c44e3d77c2be5cd145e7a483,do-close-cell-51e579a1bb01e5bbe9080a2b6f550239bba3222eaf1682b21583279f0193677f,False,75,matched_control_closure,do-hosted-closure-20260825-r1,direct_completion,,2026-08-25T00:38:33.438850+00:00,success,29,reasoning,streamed,0.5709704449982382,,,cap-pairwise-23,False,valid_ordinary,[],True,0.41490477800834924,structured_output,request_declared
,0,,True,,0,cache_miss_observed,8b66f3fed616343a7c9d97741208e5a21de115c50305b38370a86796a61968de,,,realized-output-4096,,accepted,do-close-cell-69c82d5e86e47b4ccb551a8d920d43e2d7c369855e029c5da810ddeaea903fb7,1,,,True,accepted,True,"[""output_length""]",,,2026-08-25T00:38:42.769177+00:00,kimi-k3,,,0.05869575,,length,False,175.39998273702804,False,1.294750967004802,200,115,23.35233981260426,False,False,,,False,,request_payload_sha256_mismatch,4096,23.252248508297058,billed_completion_tokens_over_request_minus_streamed_ttft_proxy,probe,,,,,23.252248508297058,176.15500705398154,True,88.80069015629049,True,0.0,True,False,1.2950349799939431,orphaned,69c82d5e86e47b4ccb551a8d920d43e2d7c369855e029c5da810ddeaea903fb7,,a762e1ffeb964e5293fa7a602efe3102dbd948ad58549e0e275e193ebf0cf583,do-close-request-8de67d769cb81cbfb77cde9f6cf8,69c82d5e86e47b4ccb551a8d920d43e2d7c369855e029c5da810ddeaea903fb7,a762e1ffeb964e5293fa7a602efe3102dbd948ad58549e0e275e193ebf0cf583,177.45004203397548,,4096,tokens,f7a0cc62135d51d831df21aaf10e1c70be6c4b38c4db357a156e2b60e81c2351,,do-hosted-closure-20260825-r1,digitalocean_public_request_v2,True,controlled_words,,True,do-close-request-8de67d769cb81cbfb77cde9f6cf8,do-close-cell-69c82d5e86e47b4ccb551a8d920d43e2d7c369855e029c5da810ddeaea903fb7,False,115,matched_control_closure,do-hosted-closure-20260825-r1,direct_completion,,2026-08-25T00:35:45.318025+00:00,success,4090,reasoning,streamed,176.15529106697068,,,realized-output-4096,False,valid_ordinary,[],True,1.2950349799939431,output_length,request_declared
,0,,True,,0,cache_miss_observed,8b66f3fed616343a7c9d97741208e5a21de115c50305b38370a86796a61968de,,,cap-pairwise-32,,,do-close-cell-8942a774a97c03f1e947e00ed6f6e89fdb4c8fd5b538798d8ff7af9de8750f04,1,,,True,,,"[""parameter_interactions""]",,,2026-08-25T00:38:43.906439+00:00,nemotron-3-ultra-550b,,,7.96e-05,,length,False,0.5890456670313142,False,0.48165809601778165,200,28,54.32515981532354,False,False,,,False,,request_payload_sha256_mismatch,32,49.44576596253625,billed_completion_tokens_over_request_minus_streamed_ttft_proxy,control_before,,,,,49.44576596253625,0.6471737140091136,True,58.09626764052466,True,0.0,True,False,0.4819586719968356,orphaned,31bb25f5e4a0fb61be5555a7edcd6bbe18019a5e14195475a18644d7424f3e3b,,6f737f7912e90ae8bd0a4629612bc5c563f71bf59eb9a02bce06d43fcb1d4d09,do-close-request-f3f25625695766599dac1fdb0a37,8942a774a97c03f1e947e00ed6f6e89fdb4c8fd5b538798d8ff7af9de8750f04,6f737f7912e90ae8bd0a4629612bc5c563f71bf59eb9a02bce06d43fcb1d4d09,1.1291323860059492,,32,tokens,759f92ef5943a2f282d1503e235ce73c48ef83718caacd9a235f39eba1b56b3a,,do-hosted-closure-20260825-r1,digitalocean_public_request_v2,True,exact_text,,False,do-close-request-4aeaedb98b1c6e4a95f8f7f3dde5,do-close-cell-8942a774a97c03f1e947e00ed6f6e89fdb4c8fd5b538798d8ff7af9de8750f04,False,28,matched_control_closure,do-hosted-closure-20260825-r1,direct_completion,,2026-08-25T00:38:42.776930+00:00,success,32,reasoning,streamed,0.6474742899881676,,,cap-pairwise-32,False,valid_ordinary,[],True,0.4819586719968356,parameter_interactions,request_declared
,1,,False,,,not_reported_unknown,8b66f3fed616343a7c9d97741208e5a21de115c50305b38370a86796a61968de,,,tool-argument-bytes-32768,,inconclusive_provider_failure,do-close-cell-2424a835e1f010825fb48b347d598905796bbb6b6ccbd850d38f68f7bd17e421,1,,,True,matched_control_repeated_provider_failure,True,"[""tool_calling""]",,,2026-08-25T00:39:34.917976+00:00,qwen3.8-max,,TimeoutError,0.265006,,,False,,False,,,,,False,False,,,False,,request_payload_sha256_mismatch,,,,probe,,,,,,,False,,True,0.0,True,False,,orphaned,639abe4d7ad478db51ab70baf15040e95aef4991cfea72da0e7f4097eeb87157,,339d96ad56170b20bed0a661664866dc95ccbac5590022251cd128795c69c080,do-close-request-e10d3ec18fd9dcea61085eaac3c5,2424a835e1f010825fb48b347d598905796bbb6b6ccbd850d38f68f7bd17e421,339d96ad56170b20bed0a661664866dc95ccbac5590022251cd128795c69c080,180.0017026429996,,32896,tokens,,,do-hosted-closure-20260825-r1,digitalocean_public_request_v2,False,transport,,True,do-close-request-e10d3ec18fd9dcea61085eaac3c5,do-close-cell-2424a835e1f010825fb48b347d598905796bbb6b6ccbd850d38f68f7bd17e421,False,,matched_control_closure,do-hosted-closure-20260825-r1,direct_completion,,2026-08-25T00:36:34.916207+00:00,timeout,,,unknown,,,,cap-tool-argument-bytes-32768,True,invalid_or_censored,"[""not_streamed_ttft_unobservable""]",False,,tool_calling,request_declared
,1,,True,,0,cache_miss_observed,8b66f3fed616343a7c9d97741208e5a21de115c50305b38370a86796a61968de,,,tool-argument-bytes-32768,,,do-close-cell-2424a835e1f010825fb48b347d598905796bbb6b6ccbd850d38f68f7bd17e421,1,,,True,,,"[""tool_calling""]",,,2026-08-25T00:39:35.595703+00:00,qwen3.8-max,,,0.000106,,stop,True,0.11942822398850694,True,0.5258093030424789,200,23,83.73230100920148,False,False,,,False,,request_payload_sha256_mismatch,10,68.75323146500325,billed_completion_tokens_over_request_minus_streamed_ttft_proxy,control_after,,,,,68.75323146500325,0.14544770895736292,True,43.719595097918926,True,1.0,True,False,0.5260798950330354,orphaned,639abe4d7ad478db51ab70baf15040e95aef4991cfea72da0e7f4097eeb87157,,d6e20b2bacc8c6982a6cf8b377a48a948e30d9d2282b3c7f812b10fada306ec9,do-close-request-c6b836bb07b40687c498412b8681,2424a835e1f010825fb48b347d598905796bbb6b6ccbd850d38f68f7bd17e421,d6e20b2bacc8c6982a6cf8b377a48a948e30d9d2282b3c7f812b10fada306ec9,0.6715276039903983,,32,tokens,b6e701f60abe8e3f1d1bf12a25045ade6fa96478822fa3a7d01e709f3ce42fbf,,do-hosted-closure-20260825-r1,digitalocean_public_request_v2,True,exact_text,,False,do-close-request-e10d3ec18fd9dcea61085eaac3c5,do-close-cell-2424a835e1f010825fb48b347d598905796bbb6b6ccbd850d38f68f7bd17e421,False,23,matched_control_closure,do-hosted-closure-20260825-r1,direct_completion,,2026-08-25T00:39:34.923821+00:00,success,9,content,streamed,0.1457183009479195,,,cap-tool-argument-bytes-32768,False,valid_ordinary,[],True,0.5260798950330354,tool_calling,request_declared
,0,,True,,0,cache_miss_observed,8b66f3fed616343a7c9d97741208e5a21de115c50305b38370a86796a61968de,,,tool-argument-bytes-8192,,,do-close-cell-56f79a77d7a66c06231ef31d1910452223abd9702662f338b762b448f2526b6c,1,,,True,,,"[""tool_calling""]",,,2026-08-25T00:39:36.394148+00:00,qwen3.8-max,,,0.000106,,stop,True,0.12799444800475612,True,0.6070689760381356,200,23,78.12838881596186,False,False,,,False,,request_payload_sha256_mismatch,10,55.165781723884905,billed_completion_tokens_over_request_minus_streamed_ttft_proxy,control_before,,,,,55.165781723884905,0.18127179000293836,True,37.87193150941243,True,1.0,True,False,0.6073099280474707,orphaned,80191f67eb886d494476470ffc2b9cee7072ed955b6657e8f1d22ac573aa9b6d,,6ef9b9cd88e1768edd13892b25b68a9e5e581657a575b27ff61c3768ff8d6f64,do-close-request-d040a8e9e044a00fc1da8a4984c5,56f79a77d7a66c06231ef31d1910452223abd9702662f338b762b448f2526b6c,6ef9b9cd88e1768edd13892b25b68a9e5e581657a575b27ff61c3768ff8d6f64,0.7885817180504091,,32,tokens,90780e3bd95b2f7ec578920d209c3533b5e4f7778508df44ffb0fd81772cafbf,,do-hosted-closure-20260825-r1,digitalocean_public_request_v2,True,exact_text,,False,do-close-request-0068e0c5f08e1118df9a257c09d5,do-close-cell-56f79a77d7a66c06231ef31d1910452223abd9702662f338b762b448f2526b6c,False,23,matched_control_closure,do-hosted-closure-20260825-r1,direct_completion,,2026-08-25T00:39:35.604938+00:00,success,9,content,streamed,0.18151274201227352,,,cap-tool-argument-bytes-8192,False,valid_ordinary,[],True,0.6073099280474707,tool_calling,request_declared
,0,,True,,0,cache_miss_observed,8b66f3fed616343a7c9d97741208e5a21de115c50305b38370a86796a61968de,,,cap-pairwise-23,,inconclusive,do-close-cell-51e579a1bb01e5bbe9080a2b6f550239bba3222eaf1682b21583279f0193677f,1,,,True,matched_control_inconclusive,False,"[""structured_output""]",,,2026-08-25T00:39:54.180720+00:00,openai-gpt-oss-120b,,,0.0201351,,tool_calls,True,78.60564889700618,True,0.5649569929810241,200,136,365.6861867225779,False,False,,,False,,request_payload_sha256_mismatch,28745,363.09919871342885,billed_completion_tokens_over_request_minus_streamed_ttft_proxy,probe,,,,,363.09919871342885,79.16569384303875,True,217.9933891452584,True,1.0,True,False,0.6238721299450845,orphaned,9811d244194ac0450dc1db2c1a75866c524218e46328d2f0bcaf679143f6107f,,ae3fcb979a057f7c90f37fb911665d64b30672fecb5f588e0d4963b6133e20f6,do-close-request-40c8c44e3d77c2be5cd145e7a483,51e579a1bb01e5bbe9080a2b6f550239bba3222eaf1682b21583279f0193677f,ae3fcb979a057f7c90f37fb911665d64b30672fecb5f588e0d4963b6133e20f6,79.78956597298384,,4096,tokens,906a72ec88a382c2f591f00dca891f283ad8846627fbd6c0e4538c26e34dce14,,do-hosted-closure-20260825-r1,digitalocean_public_request_v2,True,tool_exact,,True,do-close-request-40c8c44e3d77c2be5cd145e7a483,do-close-cell-51e579a1bb01e5bbe9080a2b6f550239bba3222eaf1682b21583279f0193677f,False,136,matched_control_closure,do-hosted-closure-20260825-r1,direct_completion,,2026-08-25T00:38:34.384084+00:00,success,28643,reasoning,streamed,79.22460898000281,,,cap-pairwise-23,False,valid_ordinary,[],True,0.6238721299450845,structured_output,request_declared
,0,,True,,64,cache_hit_observed,8b66f3fed616343a7c9d97741208e5a21de115c50305b38370a86796a61968de,,,cap-pairwise-23,,,do-close-cell-51e579a1bb01e5bbe9080a2b6f550239bba3222eaf1682b21583279f0193677f,1,,,True,,,"[""structured_output""]",,,2026-08-25T00:39:54.951698+00:00,openai-gpt-oss-120b,,,2.99e-05,,length,False,0.3418657730217092,False,0.3584883459843695,200,75,93.6039888320962,False,False,,,False,,request_payload_sha256_mismatch,32,88.07506160720122,billed_completion_tokens_over_request_minus_streamed_ttft_proxy,control_after,,,,,88.07506160720122,0.36332645604852587,False,,True,0.0,True,False,0.39616334898164496,orphaned,9811d244194ac0450dc1db2c1a75866c524218e46328d2f0bcaf679143f6107f,,668f748237e561c933f0f6f932a1e1882b9fe7bc338cb361bd489a1c65125456,do-close-request-670d54dff7ade22e6108af4a8f9a,51e579a1bb01e5bbe9080a2b6f550239bba3222eaf1682b21583279f0193677f,668f748237e561c933f0f6f932a1e1882b9fe7bc338cb361bd489a1c65125456,0.7594898050301708,,32,tokens,97752c9326ed0670822eb650f12157d98127d4ffa6bcf584667c3921caf55ec7,,do-hosted-closure-20260825-r1,digitalocean_public_request_v2,True,exact_text,,False,do-close-request-40c8c44e3d77c2be5cd145e7a483,do-close-cell-51e579a1bb01e5bbe9080a2b6f550239bba3222eaf1682b21583279f0193677f,False,75,matched_control_closure,do-hosted-closure-20260825-r1,direct_completion,,2026-08-25T00:39:54.191156+00:00,success,29,reasoning,streamed,0.4010014590458013,,,cap-pairwise-23,False,valid_ordinary,[],True,0.39616334898164496,structured_output,request_declared
,0,,True,,64,cache_hit_observed,8b66f3fed616343a7c9d97741208e5a21de115c50305b38370a86796a61968de,,,cap-pairwise-32,,,do-close-cell-460e880a8f1d703ed8a19ee1cae3e8453f34002ae2303ca86191f26847081779,1,,,True,,,"[""parameter_interactions""]",,,2026-08-25T00:39:55.665086+00:00,openai-gpt-oss-120b,,,2.9799999999999996e-05,,length,False,0.34209701098734513,False,0.3201583129703067,200,74,93.54071790233719,False,False,,,False,,request_payload_sha256_mismatch,32,91.4854364184849,billed_completion_tokens_over_request_minus_streamed_ttft_proxy,control_before,,,,,91.4854364184849,0.34978244901867583,False,,True,0.0,True,False,0.35411702399142087,orphaned,8fe618e4f42ce8b25eef385e500dd478a94aee155527c93f83293239e8446fbd,,7ffae52c7c8f4189796dd635b65cb58203e0944ce09966756a20c167f2c517a3,do-close-request-49f945d44d029bc0425b5d1a3ddb,460e880a8f1d703ed8a19ee1cae3e8453f34002ae2303ca86191f26847081779,7ffae52c7c8f4189796dd635b65cb58203e0944ce09966756a20c167f2c517a3,0.7038994730100967,,32,tokens,0b5a0c1e12c0e021d80bb000128532f9d36d41f710c07f856aff2aef9abc8313,,do-hosted-closure-20260825-r1,digitalocean_public_request_v2,True,exact_text,,False,do-close-request-2b3049d54bb9675d40f495f8f14e,do-close-cell-460e880a8f1d703ed8a19ee1cae3e8453f34002ae2303ca86191f26847081779,False,74,matched_control_closure,do-hosted-closure-20260825-r1,direct_completion,,2026-08-25T00:39:54.960784+00:00,success,29,reasoning,streamed,0.38374116003979,,,cap-pairwise-32,False,valid_ordinary,[],True,0.35411702399142087,parameter_interactions,request_declared
,0,,True,,0,cache_miss_observed,8b66f3fed616343a7c9d97741208e5a21de115c50305b38370a86796a61968de,,,tool-argument-bytes-8192,,inconclusive,do-close-cell-c0a4aa615bf1d521b3c5b9e3f4127118282c07c424771ace3cbceca3e8ee70dd,1,,,True,matched_control_inconclusive,False,"[""tool_calling""]",,,2026-08-25T00:40:05.597010+00:00,glm-5.2,,,0.0191412,,tool_calls,False,159.41849772800924,False,0.6104685720056295,200,1196,52.18967760062016,False,False,,,False,,request_payload_sha256_mismatch,8320,52.12979348637759,billed_completion_tokens_over_request_minus_streamed_ttft_proxy,probe,,,,,52.12979348637759,159.60162977001164,True,1958.2571103369683,True,0.0,True,False,0.6107471759896725,orphaned,c36f700d66113ed0f4f250830e41633910ed3945a3ea57644b0c08be737362c1,,bcac34645c2d527d9a431ed56c76994b444831e5be639b1f457fe325e5e98d40,do-close-request-f8f0453ebaa2d758e9c9bf4ba948,c0a4aa615bf1d521b3c5b9e3f4127118282c07c424771ace3cbceca3e8ee70dd,bcac34645c2d527d9a431ed56c76994b444831e5be639b1f457fe325e5e98d40,160.2123769460013,,8320,tokens,5660a5070c9ffc6ddb09b6511e97eda63c040fe6e31459c9402b0d24b36721ec,,do-hosted-closure-20260825-r1,digitalocean_public_request_v2,True,tool_exact,,True,do-close-request-f8f0453ebaa2d758e9c9bf4ba948,do-close-cell-c0a4aa615bf1d521b3c5b9e3f4127118282c07c424771ace3cbceca3e8ee70dd,False,1196,matched_control_closure,do-hosted-closure-20260825-r1,direct_completion,,2026-08-25T00:37:25.383552+00:00,success,2093,reasoning,streamed,159.60190837399568,,,cap-tool-argument-bytes-8192,False,valid_ordinary,[],True,0.6107471759896725,tool_calling,request_declared
,0,,True,,0,cache_miss_observed,8b66f3fed616343a7c9d97741208e5a21de115c50305b38370a86796a61968de,,,tool-argument-bytes-8192,,,do-close-cell-c0a4aa615bf1d521b3c5b9e3f4127118282c07c424771ace3cbceca3e8ee70dd,1,,,True,,,"[""tool_calling""]",,,2026-08-25T00:40:06.307137+00:00,glm-5.2,,,8.44e-05,,length,False,0.2542371309828013,False,0.4208241000305861,200,20,125.86674446922052,False,False,,,False,,request_payload_sha256_mismatch,32,113.47242057298317,billed_completion_tokens_over_request_minus_streamed_ttft_proxy,control_after,,,,,113.47242057298317,0.2820068509900011,True,47.491062819519136,True,0.0,True,False,0.42113186803180724,orphaned,c36f700d66113ed0f4f250830e41633910ed3945a3ea57644b0c08be737362c1,,ae036d26bdf76b8e6037bb9c5a8bf66fa179bae05b60067f7b8903ee39c7bd77,do-close-request-8dc17fa3630c1a0bde0881f49ad0,c0a4aa615bf1d521b3c5b9e3f4127118282c07c424771ace3cbceca3e8ee70dd,ae036d26bdf76b8e6037bb9c5a8bf66fa179bae05b60067f7b8903ee39c7bd77,0.7031387190218084,,32,tokens,43770c15748b5e0df1df5485c27fb48ac34301ece13712a7c56ac396331bb5f1,,do-hosted-closure-20260825-r1,digitalocean_public_request_v2,True,exact_text,,False,do-close-request-f8f0453ebaa2d758e9c9bf4ba948,do-close-cell-c0a4aa615bf1d521b3c5b9e3f4127118282c07c424771ace3cbceca3e8ee70dd,False,20,matched_control_closure,do-hosted-closure-20260825-r1,direct_completion,,2026-08-25T00:40:05.603567+00:00,success,10,reasoning,streamed,0.28231461899122223,,,cap-tool-argument-bytes-8192,False,valid_ordinary,[],True,0.42113186803180724,tool_calling,request_declared
,0,,True,,0,cache_miss_observed,8b66f3fed616343a7c9d97741208e5a21de115c50305b38370a86796a61968de,,,realized-output-1024,,accepted,do-close-cell-d87c60fa27b0a87ca092b8905c6e1fa6bffd2258d6d04a9ad06dbe30ca902e5a,1,,,True,accepted,True,"[""output_length""]",,,2026-08-25T00:40:24.224366+00:00,glm-5.2,,,0.0022794,,length,False,17.491667880967725,False,0.3935514219920151,200,38,58.54215887063523,False,False,,,False,,request_payload_sha256_mismatch,1024,58.4661453249677,billed_completion_tokens_over_request_minus_streamed_ttft_proxy,probe,,,,,58.4661453249677,17.514409310009796,True,96.48691547173084,True,0.0,True,False,0.393835783994291,orphaned,d87c60fa27b0a87ca092b8905c6e1fa6bffd2258d6d04a9ad06dbe30ca902e5a,,ad1f9a73ee0b37f3b3fdbf22bdc4b8e2fe940547d73ba326aca9fb46ef8114d3,do-close-request-32ef8f9fdfe735f9d935b67054ca,d87c60fa27b0a87ca092b8905c6e1fa6bffd2258d6d04a9ad06dbe30ca902e5a,ad1f9a73ee0b37f3b3fdbf22bdc4b8e2fe940547d73ba326aca9fb46ef8114d3,17.908245094004087,,1024,tokens,fe258a549838d6b038c657309a3dd8cba119da6d6aec90e9579bf83302004203,,do-hosted-closure-20260825-r1,digitalocean_public_request_v2,True,controlled_words,,True,do-close-request-32ef8f9fdfe735f9d935b67054ca,do-close-cell-d87c60fa27b0a87ca092b8905c6e1fa6bffd2258d6d04a9ad06dbe30ca902e5a,False,38,matched_control_closure,do-hosted-closure-20260825-r1,direct_completion,,2026-08-25T00:40:06.315646+00:00,success,334,reasoning,streamed,17.514693672012072,,,realized-output-1024,False,valid_ordinary,[],True,0.393835783994291,output_length,request_declared
,0,,True,,0,cache_miss_observed,8b66f3fed616343a7c9d97741208e5a21de115c50305b38370a86796a61968de,,,realized-output-256,,accepted,do-close-cell-bdafbb7483479eb8e19318e420f0e6ff3f9b949cb80f301ee78b862d116e2a6d,1,,,True,accepted,True,"[""output_length""]",,,2026-08-25T00:40:37.323994+00:00,glm-5.2,,,0.0005891000000000001,,length,False,12.621624175983015,False,0.44119860097998753,200,37,20.28265114145358,False,False,,,False,,request_payload_sha256_mismatch,256,20.238204236250233,billed_completion_tokens_over_request_minus_streamed_ttft_proxy,probe,,,,,20.238204236250233,12.649343637982383,True,83.81106185509715,True,0.0,True,False,0.44146917102625594,orphaned,bdafbb7483479eb8e19318e420f0e6ff3f9b949cb80f301ee78b862d116e2a6d,,78fe5cdf2e8c3524124eb17cddf6acfb9d3ab0013840148e4aa2a6f98145b672,do-close-request-354eabfe06ef47cd390536c39428,bdafbb7483479eb8e19318e420f0e6ff3f9b949cb80f301ee78b862d116e2a6d,78fe5cdf2e8c3524124eb17cddf6acfb9d3ab0013840148e4aa2a6f98145b672,13.09081280900864,,256,tokens,2d145c0c0ff0338a81b52a2b2ace5ea12cc35557b7b62c275c17ba075163c4b2,,do-hosted-closure-20260825-r1,digitalocean_public_request_v2,True,controlled_words,,True,do-close-request-354eabfe06ef47cd390536c39428,do-close-cell-bdafbb7483479eb8e19318e420f0e6ff3f9b949cb80f301ee78b862d116e2a6d,False,37,matched_control_closure,do-hosted-closure-20260825-r1,direct_completion,,2026-08-25T00:40:24.232301+00:00,success,85,reasoning,streamed,12.649614208028652,,,realized-output-256,False,valid_ordinary,[],True,0.44146917102625594,output_length,request_declared
,0,,True,,0,cache_miss_observed,8b66f3fed616343a7c9d97741208e5a21de115c50305b38370a86796a61968de,,,cap-pairwise-32,,inconclusive,do-close-cell-460e880a8f1d703ed8a19ee1cae3e8453f34002ae2303ca86191f26847081779,1,,,True,matched_control_inconclusive,False,"[""parameter_interactions""]",,,2026-08-25T00:40:51.672408+00:00,openai-gpt-oss-120b,,,0.022944799999999998,,length,False,,False,0.3618884109891951,200,72,,False,False,,,False,,request_payload_sha256_mismatch,32768,,,probe,,,,,,,False,,True,0.0,True,False,,orphaned,8fe618e4f42ce8b25eef385e500dd478a94aee155527c93f83293239e8446fbd,,280d5ba123118f3b457d498682cffedb5f7033aca0ade727b48b785c62c27467,do-close-request-2b3049d54bb9675d40f495f8f14e,460e880a8f1d703ed8a19ee1cae3e8453f34002ae2303ca86191f26847081779,280d5ba123118f3b457d498682cffedb5f7033aca0ade727b48b785c62c27467,55.99661401001504,,64,tokens,07043643a18dcdc87204f18c4967d7d57d4375dd92fa8fbd0374880f8eed208e,,do-hosted-closure-20260825-r1,digitalocean_public_request_v2,True,exact_text,,True,do-close-request-2b3049d54bb9675d40f495f8f14e,do-close-cell-460e880a8f1d703ed8a19ee1cae3e8453f34002ae2303ca86191f26847081779,False,72,matched_control_closure,do-hosted-closure-20260825-r1,direct_completion,,2026-08-25T00:39:55.675094+00:00,success,0,,unknown,55.63472559902584,,,cap-pairwise-32,False,invalid_or_censored,"[""not_streamed_ttft_unobservable""]",True,,parameter_interactions,request_declared
,0,,True,,64,cache_hit_observed,8b66f3fed616343a7c9d97741208e5a21de115c50305b38370a86796a61968de,,,cap-pairwise-32,,,do-close-cell-460e880a8f1d703ed8a19ee1cae3e8453f34002ae2303ca86191f26847081779,1,,,True,,,"[""parameter_interactions""]",,,2026-08-25T00:40:54.119007+00:00,openai-gpt-oss-120b,,,2.9799999999999996e-05,,length,False,2.0790510840015486,False,0.32087086397223175,200,74,15.391637197489931,False,False,,,False,,request_payload_sha256_mismatch,32,15.35384757298448,billed_completion_tokens_over_request_minus_streamed_ttft_proxy,control_after,,,,,15.35384757298448,2.0841681440360844,False,,True,0.0,True,False,0.35586966696428135,orphaned,8fe618e4f42ce8b25eef385e500dd478a94aee155527c93f83293239e8446fbd,,a5e882e8292597ebdb63a84ad851414179e4b8aa3b70b2322c1aa52ac3208ba5,do-close-request-65372e3aca0edf781a85b372c10a,460e880a8f1d703ed8a19ee1cae3e8453f34002ae2303ca86191f26847081779,a5e882e8292597ebdb63a84ad851414179e4b8aa3b70b2322c1aa52ac3208ba5,2.4400378110003658,,32,tokens,3bd90dc86d2ac46afe39075ff09aa9c0ef375f3dc9c49de5b824313d32494ddf,,do-hosted-closure-20260825-r1,digitalocean_public_request_v2,True,exact_text,,False,do-close-request-2b3049d54bb9675d40f495f8f14e,do-close-cell-460e880a8f1d703ed8a19ee1cae3e8453f34002ae2303ca86191f26847081779,False,74,matched_control_closure,do-hosted-closure-20260825-r1,direct_completion,,2026-08-25T00:40:51.678631+00:00,success,23,reasoning,streamed,2.119166947028134,,,cap-pairwise-32,False,valid_ordinary,[],True,0.35586966696428135,parameter_interactions,request_declared
,0,,True,,64,cache_hit_observed,8b66f3fed616343a7c9d97741208e5a21de115c50305b38370a86796a61968de,,,extended-parameters-4,,,do-close-cell-df719c3b074cf83d0a8798b6dd2eb2dfb79ead3d2b85c919806bb43c43e7ef5a,1,,,True,,,"[""parameter_interactions""]",,,2026-08-25T00:40:54.924682+00:00,openai-gpt-oss-120b,,,3.0099999999999996e-05,,length,False,0.3917029940057546,False,0.3443920100107789,200,77,81.69455043667571,False,False,,,False,,request_payload_sha256_mismatch,32,77.64722804385251,billed_completion_tokens_over_request_minus_streamed_ttft_proxy,control_before,,,,,77.64722804385251,0.41212031396571547,False,,True,0.0,True,False,0.38476015301421285,orphaned,0a1af686083ab03c93f61a9460278400b2fbafb4593de006eaebeb3c5ec745b8,,ab8665a53d10062376e6924ac8f79f323fadea814937e46a7809828c23463315,do-close-request-937a79206bdabecfb903a2c9d52a,df719c3b074cf83d0a8798b6dd2eb2dfb79ead3d2b85c919806bb43c43e7ef5a,ab8665a53d10062376e6924ac8f79f323fadea814937e46a7809828c23463315,0.7968804669799283,,32,tokens,c80f04bf9cfa7d797c8d400ff13fdf8f1ee0bfbbbf047491932f6f1970f84cee,,do-hosted-closure-20260825-r1,digitalocean_public_request_v2,True,exact_text,,False,do-close-request-5949869a15af9295e83a956048b6,do-close-cell-df719c3b074cf83d0a8798b6dd2eb2dfb79ead3d2b85c919806bb43c43e7ef5a,False,77,matched_control_closure,do-hosted-closure-20260825-r1,direct_completion,,2026-08-25T00:40:54.127399+00:00,success,29,reasoning,streamed,0.4524884569691494,,,cap-extended-4,False,valid_ordinary,[],True,0.38476015301421285,parameter_interactions,request_declared
,0,,True,,0,cache_miss_observed,8b66f3fed616343a7c9d97741208e5a21de115c50305b38370a86796a61968de,,,tool-argument-bytes-8192,,accepted,do-close-cell-56f79a77d7a66c06231ef31d1910452223abd9702662f338b762b448f2526b6c,1,,,True,accepted,True,"[""tool_calling""]",,,2026-08-25T00:41:14.715388+00:00,qwen3.8-max,,,0.052546,,length,False,95.25982028699946,False,1.9911170940031298,200,1313,87.34007659192979,False,False,,,False,,request_payload_sha256_mismatch,8320,86.49476159498118,billed_completion_tokens_over_request_minus_streamed_ttft_proxy,probe,,,,,86.49476159498118,96.19079637399409,True,618.5410016104311,True,0.0,True,False,2.122737209952902,orphaned,80191f67eb886d494476470ffc2b9cee7072ed955b6657e8f1d22ac573aa9b6d,,9205470ff569ed283f6240ce71460270e6d774bd5284be61e599e0f34af707b9,do-close-request-0068e0c5f08e1118df9a257c09d5,56f79a77d7a66c06231ef31d1910452223abd9702662f338b762b448f2526b6c,9205470ff569ed283f6240ce71460270e6d774bd5284be61e599e0f34af707b9,98.31353358394699,,8320,tokens,3ec1daf31270ccffe706edb1f172fecb1bcf73e07463afe0f526ac7feb670228,,do-hosted-closure-20260825-r1,digitalocean_public_request_v2,True,tool_exact,,True,do-close-request-0068e0c5f08e1118df9a257c09d5,do-close-cell-56f79a77d7a66c06231ef31d1910452223abd9702662f338b762b448f2526b6c,False,1313,matched_control_closure,do-hosted-closure-20260825-r1,direct_completion,,2026-08-25T00:39:36.400570+00:00,success,6155,tool_call,streamed,96.32241648994386,,,cap-tool-argument-bytes-8192,False,valid_ordinary,[],True,2.122737209952902,tool_calling,request_declared
,0,,True,,0,cache_miss_observed,8b66f3fed616343a7c9d97741208e5a21de115c50305b38370a86796a61968de,,,tool-argument-bytes-8192,,,do-close-cell-56f79a77d7a66c06231ef31d1910452223abd9702662f338b762b448f2526b6c,1,,,True,,,"[""tool_calling""]",,,2026-08-25T00:41:15.716564+00:00,qwen3.8-max,,,0.000106,,stop,True,0.13861744798487052,True,0.8107903489726596,200,23,72.14099051290755,False,False,,,False,,request_payload_sha256_mismatch,10,54.509169087291454,billed_completion_tokens_over_request_minus_streamed_ttft_proxy,control_after,,,,,54.509169087291454,0.1834553739754483,True,28.35782296981125,True,1.0,True,False,0.8110636710189283,orphaned,80191f67eb886d494476470ffc2b9cee7072ed955b6657e8f1d22ac573aa9b6d,,9a4ce0f1cb7d64d84655191fa0d95891c2110eec42a553d6889304cfd4b57043,do-close-request-adeb29d7df0163ea228c8bd89882,56f79a77d7a66c06231ef31d1910452223abd9702662f338b762b448f2526b6c,9a4ce0f1cb7d64d84655191fa0d95891c2110eec42a553d6889304cfd4b57043,0.9945190449943766,,32,tokens,90780e3bd95b2f7ec578920d209c3533b5e4f7778508df44ffb0fd81772cafbf,,do-hosted-closure-20260825-r1,digitalocean_public_request_v2,True,exact_text,,False,do-close-request-0068e0c5f08e1118df9a257c09d5,do-close-cell-56f79a77d7a66c06231ef31d1910452223abd9702662f338b762b448f2526b6c,False,23,matched_control_closure,do-hosted-closure-20260825-r1,direct_completion,,2026-08-25T00:41:14.721691+00:00,success,9,content,streamed,0.18372869602171704,,,cap-tool-argument-bytes-8192,False,valid_ordinary,[],True,0.8110636710189283,tool_calling,request_declared
,0,,True,,0,cache_miss_observed,8b66f3fed616343a7c9d97741208e5a21de115c50305b38370a86796a61968de,,,tool-malformed-invalid_json_schema_type,,,do-close-cell-84eaf930e656edfcae770fce0d5aa143dba83ea94c5553785a813b57adb9e4ac,1,,,True,,,"[""tool_calling""]",,,2026-08-25T00:41:16.510049+00:00,qwen3.8-max,,,9e-05,,stop,True,0.059552405029535294,True,0.691238820028957,200,21,134.33546463878935,False,False,,,False,,request_payload_sha256_mismatch,8,,,control_before,,,,,,0.09325741801876575,True,30.36756053676743,True,1.0,True,False,0.6915273939957842,orphaned,3089262571fa63168322af4744e5b84796044a3de70a7f876516556cc9d5670b,,92d08d2c270936d58fa1fdbc686fd7140a6ef73d9dad80c05fe85a368054a3d6,do-close-request-fc22f92af4c6aeb9c404690598b8,84eaf930e656edfcae770fce0d5aa143dba83ea94c5553785a813b57adb9e4ac,92d08d2c270936d58fa1fdbc686fd7140a6ef73d9dad80c05fe85a368054a3d6,0.78478481201455,,32,tokens,81b916a0b5e1aa902ea3f02abea2fd6dd0086ca0e3031109f0e7e2feb5c64e11,,do-hosted-closure-20260825-r1,digitalocean_public_request_v2,True,exact_text,,False,do-close-request-ca3fb25da283c888a227a8e106db,do-close-cell-84eaf930e656edfcae770fce0d5aa143dba83ea94c5553785a813b57adb9e4ac,False,21,matched_control_closure,do-hosted-closure-20260825-r1,direct_completion,,2026-08-25T00:41:15.724877+00:00,success,7,content,streamed,0.09354599198559299,,,cap-tool-malformed-invalid_json_schema_type,False,invalid_or_censored,"[""post_ttft_interval_below_100ms_unstable_rate""]",True,0.6915273939957842,tool_calling,request_declared
,0,,False,,,not_reported_unknown,8b66f3fed616343a7c9d97741208e5a21de115c50305b38370a86796a61968de,,,tool-malformed-invalid_json_schema_type,,,do-close-cell-84eaf930e656edfcae770fce0d5aa143dba83ea94c5553785a813b57adb9e4ac,1,,,True,,,"[""tool_calling""]",,,2026-08-25T00:41:17.479329+00:00,qwen3.8-max,,ProviderHTTPError,0.002218,,,False,,False,,500,,,False,False,,,False,,request_payload_sha256_mismatch,,,,probe,,,,,,,False,,True,0.0,True,False,,orphaned,3089262571fa63168322af4744e5b84796044a3de70a7f876516556cc9d5670b,,bd4c0a47ed818c075afe2acb22b10c6f7df68134993e1bab91f672542a7f1f38,do-close-request-83de228b1d1e8549a6609f6af100,84eaf930e656edfcae770fce0d5aa143dba83ea94c5553785a813b57adb9e4ac,bd4c0a47ed818c075afe2acb22b10c6f7df68134993e1bab91f672542a7f1f38,0.9634408589918166,,64,tokens,,,do-hosted-closure-20260825-r1,digitalocean_public_request_v2,False,transport,,False,do-close-request-ca3fb25da283c888a227a8e106db,do-close-cell-84eaf930e656edfcae770fce0d5aa143dba83ea94c5553785a813b57adb9e4ac,True,,matched_control_closure,do-hosted-closure-20260825-r1,direct_completion,,2026-08-25T00:41:16.515820+00:00,provider_error,,,unknown,,,,cap-tool-malformed-invalid_json_schema_type,False,invalid_or_censored,"[""not_streamed_ttft_unobservable""]",False,,tool_calling,request_declared
,0,,True,,0,cache_miss_observed,8b66f3fed616343a7c9d97741208e5a21de115c50305b38370a86796a61968de,,,tool-malformed-invalid_json_schema_type,,,do-close-cell-84eaf930e656edfcae770fce0d5aa143dba83ea94c5553785a813b57adb9e4ac,1,,,True,,,"[""tool_calling""]",,,2026-08-25T00:41:18.166548+00:00,qwen3.8-max,,,9e-05,,stop,True,0.049941806006245315,True,0.5682975410018116,200,21,160.18643777118484,False,False,,,False,,request_payload_sha256_mismatch,8,73.85160091506226,billed_completion_tokens_over_request_minus_streamed_ttft_proxy,control_after,,,,,73.85160091506226,0.10832534299697727,True,36.67048975245545,True,1.0,True,False,0.5726675629848614,orphaned,3089262571fa63168322af4744e5b84796044a3de70a7f876516556cc9d5670b,,e98f5d48a787d964e39854caa9c525270b46b9ff6baa627844ca3b65e22d84bf,do-close-request-24f5eee5686105e34af93cfd5f4c,84eaf930e656edfcae770fce0d5aa143dba83ea94c5553785a813b57adb9e4ac,e98f5d48a787d964e39854caa9c525270b46b9ff6baa627844ca3b65e22d84bf,0.6809929059818387,,32,tokens,81b916a0b5e1aa902ea3f02abea2fd6dd0086ca0e3031109f0e7e2feb5c64e11,,do-hosted-closure-20260825-r1,digitalocean_public_request_v2,True,exact_text,,False,do-close-request-ca3fb25da283c888a227a8e106db,do-close-cell-84eaf930e656edfcae770fce0d5aa143dba83ea94c5553785a813b57adb9e4ac,False,21,matched_control_closure,do-hosted-closure-20260825-r1,direct_completion,,2026-08-25T00:41:17.485201+00:00,success,7,content,streamed,0.11269536498002708,,,cap-tool-malformed-invalid_json_schema_type,False,valid_ordinary,[],True,0.5726675629848614,tool_calling,request_declared
,1,,True,,0,cache_miss_observed,8b66f3fed616343a7c9d97741208e5a21de115c50305b38370a86796a61968de,,,tool-malformed-invalid_json_schema_type,,,do-close-cell-84eaf930e656edfcae770fce0d5aa143dba83ea94c5553785a813b57adb9e4ac,1,,,True,,,"[""tool_calling""]",,,2026-08-25T00:41:20.765553+00:00,qwen3.8-max,,,9e-05,,stop,True,0.09765932697337121,True,0.4426497380482033,200,21,81.91741892898118,False,False,,,False,,request_payload_sha256_mismatch,8,54.125118511047106,billed_completion_tokens_over_request_minus_streamed_ttft_proxy,control_before,,,,,54.125118511047106,0.14780568098649383,True,47.41217346478392,True,1.0,True,False,0.44292422104626894,orphaned,3089262571fa63168322af4744e5b84796044a3de70a7f876516556cc9d5670b,,92d08d2c270936d58fa1fdbc686fd7140a6ef73d9dad80c05fe85a368054a3d6,do-close-request-bd04c3a9d726497c9d745ec9852a,84eaf930e656edfcae770fce0d5aa143dba83ea94c5553785a813b57adb9e4ac,92d08d2c270936d58fa1fdbc686fd7140a6ef73d9dad80c05fe85a368054a3d6,0.5907299020327628,,32,tokens,81b916a0b5e1aa902ea3f02abea2fd6dd0086ca0e3031109f0e7e2feb5c64e11,,do-hosted-closure-20260825-r1,digitalocean_public_request_v2,True,exact_text,,False,do-close-request-ca3fb25da283c888a227a8e106db,do-close-cell-84eaf930e656edfcae770fce0d5aa143dba83ea94c5553785a813b57adb9e4ac,False,21,matched_control_closure,do-hosted-closure-20260825-r1,direct_completion,,2026-08-25T00:41:20.174448+00:00,success,7,content,streamed,0.14808016398455948,,,cap-tool-malformed-invalid_json_schema_type,False,valid_ordinary,[],True,0.44292422104626894,tool_calling,request_declared
,1,,False,,,not_reported_unknown,8b66f3fed616343a7c9d97741208e5a21de115c50305b38370a86796a61968de,,,tool-malformed-invalid_json_schema_type,,inconclusive_provider_failure,do-close-cell-84eaf930e656edfcae770fce0d5aa143dba83ea94c5553785a813b57adb9e4ac,1,,,True,matched_control_repeated_provider_failure,True,"[""tool_calling""]",,,2026-08-25T00:41:21.694611+00:00,qwen3.8-max,,ProviderHTTPError,0.002218,,,False,,False,,500,,,False,False,,,False,,request_payload_sha256_mismatch,,,,probe,,,,,,,False,,True,0.0,True,False,,orphaned,3089262571fa63168322af4744e5b84796044a3de70a7f876516556cc9d5670b,,bd4c0a47ed818c075afe2acb22b10c6f7df68134993e1bab91f672542a7f1f38,do-close-request-ca3fb25da283c888a227a8e106db,84eaf930e656edfcae770fce0d5aa143dba83ea94c5553785a813b57adb9e4ac,bd4c0a47ed818c075afe2acb22b10c6f7df68134993e1bab91f672542a7f1f38,0.9227576919947751,,64,tokens,,,do-hosted-closure-20260825-r1,digitalocean_public_request_v2,False,transport,,True,do-close-request-ca3fb25da283c888a227a8e106db,do-close-cell-84eaf930e656edfcae770fce0d5aa143dba83ea94c5553785a813b57adb9e4ac,True,,matched_control_closure,do-hosted-closure-20260825-r1,direct_completion,,2026-08-25T00:41:20.771782+00:00,provider_error,,,unknown,,,,cap-tool-malformed-invalid_json_schema_type,False,invalid_or_censored,"[""not_streamed_ttft_unobservable""]",False,,tool_calling,request_declared
,0,,True,,0,cache_miss_observed,8b66f3fed616343a7c9d97741208e5a21de115c50305b38370a86796a61968de,,,realized-output-4096,,accepted,do-close-cell-93e1958ff4fb878bdf112e06dc1bedeaca925fdd511d013c8f1a53ff191db68c,1,,,True,accepted,True,"[""output_length""]",,,2026-08-25T00:41:22.048661+00:00,glm-5.2,,,0.0090392,,length,False,44.23528731899569,False,0.4019690109998919,200,40,92.59575891216332,False,False,,,False,,request_payload_sha256_mismatch,4096,92.4313940449396,billed_completion_tokens_over_request_minus_streamed_ttft_proxy,probe,,,,,92.4313940449396,44.31394811603241,True,99.44252100550842,True,0.0,True,False,0.4022424169816077,orphaned,93e1958ff4fb878bdf112e06dc1bedeaca925fdd511d013c8f1a53ff191db68c,,00afb365ae60a42e85543303cadf943438c7216260e0df937037fdfa62038941,do-close-request-6b00a2c1e462b4b3df65c962be16,93e1958ff4fb878bdf112e06dc1bedeaca925fdd511d013c8f1a53ff191db68c,00afb365ae60a42e85543303cadf943438c7216260e0df937037fdfa62038941,44.716190533014014,,4096,tokens,712cb7289becac427964ebea4353b4ef218ad04c5e85bb6441b910006312e83c,,do-hosted-closure-20260825-r1,digitalocean_public_request_v2,True,controlled_words,,True,do-close-request-6b00a2c1e462b4b3df65c962be16,do-close-cell-93e1958ff4fb878bdf112e06dc1bedeaca925fdd511d013c8f1a53ff191db68c,False,40,matched_control_closure,do-hosted-closure-20260825-r1,direct_completion,,2026-08-25T00:40:37.331860+00:00,success,1182,reasoning,streamed,44.31422152201412,,,realized-output-4096,False,valid_ordinary,[],True,0.4022424169816077,output_length,request_declared
,1,,True,,0,cache_miss_observed,8b66f3fed616343a7c9d97741208e5a21de115c50305b38370a86796a61968de,,,tool-malformed-invalid_json_schema_type,,,do-close-cell-84eaf930e656edfcae770fce0d5aa143dba83ea94c5553785a813b57adb9e4ac,1,,,True,,,"[""tool_calling""]",,,2026-08-25T00:41:22.478861+00:00,qwen3.8-max,,,9e-05,,stop,True,0.10200014896690845,True,0.6356902859988622,200,21,78.43125800331342,False,False,,,False,,request_payload_sha256_mismatch,8,56.414411294074476,billed_completion_tokens_over_request_minus_streamed_ttft_proxy,control_after,,,,,56.414411294074476,0.1418077370035462,True,33.01841911281997,True,1.0,True,False,0.6360086450004019,orphaned,3089262571fa63168322af4744e5b84796044a3de70a7f876516556cc9d5670b,,e98f5d48a787d964e39854caa9c525270b46b9ff6baa627844ca3b65e22d84bf,do-close-request-2da8da1be9b3270e645e8aa2364f,84eaf930e656edfcae770fce0d5aa143dba83ea94c5553785a813b57adb9e4ac,e98f5d48a787d964e39854caa9c525270b46b9ff6baa627844ca3b65e22d84bf,0.7778163820039481,,32,tokens,81b916a0b5e1aa902ea3f02abea2fd6dd0086ca0e3031109f0e7e2feb5c64e11,,do-hosted-closure-20260825-r1,digitalocean_public_request_v2,True,exact_text,,False,do-close-request-ca3fb25da283c888a227a8e106db,do-close-cell-84eaf930e656edfcae770fce0d5aa143dba83ea94c5553785a813b57adb9e4ac,False,21,matched_control_closure,do-hosted-closure-20260825-r1,direct_completion,,2026-08-25T00:41:21.700631+00:00,success,7,content,streamed,0.14212609600508586,,,cap-tool-malformed-invalid_json_schema_type,False,valid_ordinary,[],True,0.6360086450004019,tool_calling,request_declared
,0,,True,,0,cache_miss_observed,8b66f3fed616343a7c9d97741208e5a21de115c50305b38370a86796a61968de,,,extended-parameters-5,,,do-close-cell-56ac6270ca0f4101561a6470e04722eda1763e1410c97c6b5a39baa2862ab82f,1,,,True,,,"[""parameter_interactions""]",,,2026-08-25T00:41:22.592131+00:00,deepseek-v4-flash-0731,,,2.976e-06,,stop,True,0.06769978505326435,True,0.41722169099375606,200,12,118.16876514018202,False,False,,,False,,request_payload_sha256_mismatch,8,68.49003576683644,billed_completion_tokens_over_request_minus_streamed_ttft_proxy,control_before,,,,,68.49003576683644,0.11680531204910949,True,28.70801831830989,True,1.0,True,False,0.4180016839527525,orphaned,e51a5fc337b93dd11846502fbc222e25bbc518098e4da5425d72f7829edd9644,,1c8b2529bcfcd933d33933720f19518fad597baf6c0ec21fe2edb0174cb554ed,do-close-request-de514a1d08a8e812a4f8bc441d37,56ac6270ca0f4101561a6470e04722eda1763e1410c97c6b5a39baa2862ab82f,1c8b2529bcfcd933d33933720f19518fad597baf6c0ec21fe2edb0174cb554ed,0.534806996001862,,32,tokens,24ce61d54d913f3f5ad21810d987698eb50b62aec9558c9671059d8e9f13eaab,,do-hosted-closure-20260825-r1,digitalocean_public_request_v2,True,exact_text,,False,do-close-request-6f0142d78715db6031253b769c55,do-close-cell-56ac6270ca0f4101561a6470e04722eda1763e1410c97c6b5a39baa2862ab82f,False,12,matched_control_closure,do-hosted-closure-20260825-r1,direct_completion,,2026-08-25T00:41:22.056979+00:00,success,7,content,streamed,0.11758530500810593,,,cap-extended-5,False,valid_ordinary,[],True,0.4180016839527525,parameter_interactions,request_declared
,0,,False,,,not_reported_unknown,8b66f3fed616343a7c9d97741208e5a21de115c50305b38370a86796a61968de,,,extended-parameters-5,,rejected_exact_tested_state,do-close-cell-56ac6270ca0f4101561a6470e04722eda1763e1410c97c6b5a39baa2862ab82f,1,,,True,matched_control_rejection,True,"[""parameter_interactions""]",,,2026-08-25T00:41:23.038755+00:00,deepseek-v4-flash-0731,,ProviderHTTPError,8.0128e-05,,,False,,False,,400,,,False,False,,,False,,request_payload_sha256_mismatch,,,,probe,,,,,,,False,,True,0.0,True,False,,orphaned,e51a5fc337b93dd11846502fbc222e25bbc518098e4da5425d72f7829edd9644,,abb5f18975c81fdf509879f83d93693ce5df672198a6b0261497741621375648,do-close-request-6f0142d78715db6031253b769c55,56ac6270ca0f4101561a6470e04722eda1763e1410c97c6b5a39baa2862ab82f,abb5f18975c81fdf509879f83d93693ce5df672198a6b0261497741621375648,0.440825022989884,,64,tokens,,,do-hosted-closure-20260825-r1,digitalocean_public_request_v2,False,transport,,True,do-close-request-6f0142d78715db6031253b769c55,do-close-cell-56ac6270ca0f4101561a6470e04722eda1763e1410c97c6b5a39baa2862ab82f,False,,matched_control_closure,do-hosted-closure-20260825-r1,direct_completion,,2026-08-25T00:41:22.597874+00:00,client_rejection,,,unknown,,,,cap-extended-5,False,invalid_or_censored,"[""not_streamed_ttft_unobservable""]",False,,parameter_interactions,request_declared
,0,,True,,0,cache_miss_observed,8b66f3fed616343a7c9d97741208e5a21de115c50305b38370a86796a61968de,,,vision-malformed-data-uri,,,do-close-cell-d6b08b0d7667b1c085799e7d08689c94a9f2952db5066d459aa6e9fc47e4f964,1,,,True,,,"[""vision""]",,,2026-08-25T00:41:23.150940+00:00,qwen3.8-max,,,0.000114,,stop,True,0.15717096102889627,True,0.46743827796308324,200,24,69.98748323475367,False,False,,,False,,request_payload_sha256_mismatch,11,56.12687555146048,billed_completion_tokens_over_request_minus_streamed_ttft_proxy,control_before,,,,,56.12687555146048,0.19598454202059656,True,51.30978214195272,True,1.0,True,False,0.4677470649476163,orphaned,ab4d0e6342b08b4db784a23e4c2726c0ddbd693ead44d5e42bac81499a049d36,,8588d473dc0bf061ef9bd317b5f7ca029b976a527a4b9350fdba07b6afdbf307,do-close-request-c5a2af7e1a92dd1fd03eb868ed5c,d6b08b0d7667b1c085799e7d08689c94a9f2952db5066d459aa6e9fc47e4f964,8588d473dc0bf061ef9bd317b5f7ca029b976a527a4b9350fdba07b6afdbf307,0.6637316069682129,,32,tokens,4fb37c0ee23bfc3c4b3e08e5c6267ee79fb08c9b0f419c81a640913cb18fab9a,,do-hosted-closure-20260825-r1,digitalocean_public_request_v2,True,exact_text,,False,do-close-request-15c4f23a6660eecd4c22b1a4454f,do-close-cell-d6b08b0d7667b1c085799e7d08689c94a9f2952db5066d459aa6e9fc47e4f964,False,24,matched_control_closure,do-hosted-closure-20260825-r1,direct_completion,,2026-08-25T00:41:22.486845+00:00,success,10,content,streamed,0.19629332900512964,,,cap-vision-malformed-data-uri,False,valid_ordinary,[],True,0.4677470649476163,vision,request_declared
,0,,True,,0,cache_miss_observed,8b66f3fed616343a7c9d97741208e5a21de115c50305b38370a86796a61968de,,,cap-pairwise-32,,inconclusive,do-close-cell-8942a774a97c03f1e947e00ed6f6e89fdb4c8fd5b538798d8ff7af9de8750f04,1,,,True,matched_control_inconclusive,False,"[""parameter_interactions""]",,,2026-08-25T00:41:23.201778+00:00,nemotron-3-ultra-550b,,,0.0557245,,length,False,,False,0.612136306008324,200,21,,False,False,,,False,,request_payload_sha256_mismatch,32768,,,probe,,,,,,,False,,True,0.0,True,False,,orphaned,31bb25f5e4a0fb61be5555a7edcd6bbe18019a5e14195475a18644d7424f3e3b,,387af3214861c99896482f1a71c7f221a63054ec703ca2fa74690af2892c1649,do-close-request-4aeaedb98b1c6e4a95f8f7f3dde5,8942a774a97c03f1e947e00ed6f6e89fdb4c8fd5b538798d8ff7af9de8750f04,387af3214861c99896482f1a71c7f221a63054ec703ca2fa74690af2892c1649,159.28810839401558,,64,tokens,07043643a18dcdc87204f18c4967d7d57d4375dd92fa8fbd0374880f8eed208e,,do-hosted-closure-20260825-r1,digitalocean_public_request_v2,True,exact_text,,True,do-close-request-4aeaedb98b1c6e4a95f8f7f3dde5,do-close-cell-8942a774a97c03f1e947e00ed6f6e89fdb4c8fd5b538798d8ff7af9de8750f04,False,21,matched_control_closure,do-hosted-closure-20260825-r1,direct_completion,,2026-08-25T00:38:43.913263+00:00,success,0,,unknown,158.67597208800726,,,cap-pairwise-32,False,invalid_or_censored,"[""not_streamed_ttft_unobservable""]",True,,parameter_interactions,request_declared
,0,,True,,0,cache_miss_observed,8b66f3fed616343a7c9d97741208e5a21de115c50305b38370a86796a61968de,,,extended-parameters-5,,,do-close-cell-56ac6270ca0f4101561a6470e04722eda1763e1410c97c6b5a39baa2862ab82f,1,,,True,,,"[""parameter_interactions""]",,,2026-08-25T00:41:23.572270+00:00,deepseek-v4-flash-0731,,,2.976e-06,,stop,True,0.0705767420004122,True,0.367089907056652,200,12,113.35178945995094,False,False,,,False,,request_payload_sha256_mismatch,8,50.08103455565371,billed_completion_tokens_over_request_minus_streamed_ttft_proxy,control_after,,,,,50.08103455565371,0.1597411090042442,True,32.66319125531774,True,1.0,True,False,0.36738602502737194,orphaned,e51a5fc337b93dd11846502fbc222e25bbc518098e4da5425d72f7829edd9644,,70b1708bf411b0a0cca378eec9679a6ecb9a1a99ba9e0b643df4b8a7282a2ab1,do-close-request-98735975286250731ee84a448379,56ac6270ca0f4101561a6470e04722eda1763e1410c97c6b5a39baa2862ab82f,70b1708bf411b0a0cca378eec9679a6ecb9a1a99ba9e0b643df4b8a7282a2ab1,0.5271271340316162,,32,tokens,24ce61d54d913f3f5ad21810d987698eb50b62aec9558c9671059d8e9f13eaab,,do-hosted-closure-20260825-r1,digitalocean_public_request_v2,True,exact_text,,False,do-close-request-6f0142d78715db6031253b769c55,do-close-cell-56ac6270ca0f4101561a6470e04722eda1763e1410c97c6b5a39baa2862ab82f,False,12,matched_control_closure,do-hosted-closure-20260825-r1,direct_completion,,2026-08-25T00:41:23.044810+00:00,success,7,content,streamed,0.16003722697496414,,,cap-extended-5,False,valid_ordinary,[],True,0.36738602502737194,parameter_interactions,request_declared
,0,,False,,,not_reported_unknown,8b66f3fed616343a7c9d97741208e5a21de115c50305b38370a86796a61968de,,,vision-malformed-data-uri,,rejected_exact_tested_state,do-close-cell-d6b08b0d7667b1c085799e7d08689c94a9f2952db5066d459aa6e9fc47e4f964,1,,,True,matched_control_rejection,True,"[""vision""]",,,2026-08-25T00:41:23.811534+00:00,qwen3.8-max,,ProviderHTTPError,0.002548,,,False,,False,,400,,,False,False,,,False,,request_payload_sha256_mismatch,,,,probe,,,,,,,False,,True,0.0,True,False,,orphaned,ab4d0e6342b08b4db784a23e4c2726c0ddbd693ead44d5e42bac81499a049d36,,f7367288aec0f93f43162c79792dcb870c7417258791070b14983ceb962ef2fc,do-close-request-15c4f23a6660eecd4c22b1a4454f,d6b08b0d7667b1c085799e7d08689c94a9f2952db5066d459aa6e9fc47e4f964,f7367288aec0f93f43162c79792dcb870c7417258791070b14983ceb962ef2fc,0.654442489030771,,64,tokens,,,do-hosted-closure-20260825-r1,digitalocean_public_request_v2,False,transport,,True,do-close-request-15c4f23a6660eecd4c22b1a4454f,do-close-cell-d6b08b0d7667b1c085799e7d08689c94a9f2952db5066d459aa6e9fc47e4f964,False,,matched_control_closure,do-hosted-closure-20260825-r1,direct_completion,,2026-08-25T00:41:23.157034+00:00,client_rejection,,,unknown,,,,cap-vision-malformed-data-uri,False,invalid_or_censored,"[""not_streamed_ttft_unobservable""]",False,,vision,request_declared
,0,,True,,0,cache_miss_observed,8b66f3fed616343a7c9d97741208e5a21de115c50305b38370a86796a61968de,,,cap-pairwise-32,,,do-close-cell-8942a774a97c03f1e947e00ed6f6e89fdb4c8fd5b538798d8ff7af9de8750f04,1,,,True,,,"[""parameter_interactions""]",,,2026-08-25T00:41:24.233822+00:00,nemotron-3-ultra-550b,,,7.96e-05,,length,False,0.4454753949539736,False,0.5560389769962057,200,28,71.83337253296837,False,False,,,False,,request_payload_sha256_mismatch,32,68.32569774461713,billed_completion_tokens_over_request_minus_streamed_ttft_proxy,control_after,,,,,68.32569774461713,0.4683450159500353,True,50.323239011684066,True,0.0,True,False,0.5564029770321213,orphaned,31bb25f5e4a0fb61be5555a7edcd6bbe18019a5e14195475a18644d7424f3e3b,,dd0007fbb766945a633781d5887dc5a7a9d3a7207195070de83c822c8dba527d,do-close-request-da992dc7b66ad10e0df65a70eea0,8942a774a97c03f1e947e00ed6f6e89fdb4c8fd5b538798d8ff7af9de8750f04,dd0007fbb766945a633781d5887dc5a7a9d3a7207195070de83c822c8dba527d,1.0247479929821566,,32,tokens,af671a96731738dda5808d1452277046f8abd2a1276d9db3ea899d8aebb0ee57,,do-hosted-closure-20260825-r1,digitalocean_public_request_v2,True,exact_text,,False,do-close-request-4aeaedb98b1c6e4a95f8f7f3dde5,do-close-cell-8942a774a97c03f1e947e00ed6f6e89fdb4c8fd5b538798d8ff7af9de8750f04,False,28,matched_control_closure,do-hosted-closure-20260825-r1,direct_completion,,2026-08-25T00:41:23.208236+00:00,success,32,reasoning,streamed,0.4687090159859508,,,cap-pairwise-32,False,valid_ordinary,[],True,0.5564029770321213,parameter_interactions,request_declared
,0,,True,,0,cache_miss_observed,8b66f3fed616343a7c9d97741208e5a21de115c50305b38370a86796a61968de,,,max-tokens-high,,,do-close-cell-e70abd07c91c36cb8e17b9afe814af0346a115befe4668909f9e125546416e44,1,,,True,,,"[""output_length""]",,,2026-08-25T00:41:24.366844+00:00,deepseek-v4-flash-0731,,,2.976e-06,,stop,True,0.08081787696573883,True,0.6385548889520578,200,12,98.98799993708626,False,False,,,False,,request_payload_sha256_mismatch,8,57.900436384723214,billed_completion_tokens_over_request_minus_streamed_ttft_proxy,control_before,,,,,57.900436384723214,0.1381682159844786,True,18.527534537500912,True,1.0,True,False,0.647684664989356,orphaned,00df2eb2ee0333b257ec79c85ba97180b416ab5b2a4503b44f76853e8c7f518d,,b5845f4cab2212d3bc80cabe1dff29dd02c603cd9a3e8b110deb823b72e64cd4,do-close-request-a3b055b57862d0b575ba540e2f9f,e70abd07c91c36cb8e17b9afe814af0346a115befe4668909f9e125546416e44,b5845f4cab2212d3bc80cabe1dff29dd02c603cd9a3e8b110deb823b72e64cd4,0.7858528809738345,,32,tokens,d6f8b0b89f4017ae5ce921de90e7554c45e626a04026dcb5e1ecb910ebcf9947,,do-hosted-closure-20260825-r1,digitalocean_public_request_v2,True,exact_text,,False,do-close-request-2c289e3b9c8be03a7bbc5c50b6fb,do-close-cell-e70abd07c91c36cb8e17b9afe814af0346a115befe4668909f9e125546416e44,False,12,matched_control_closure,do-hosted-closure-20260825-r1,direct_completion,,2026-08-25T00:41:23.580608+00:00,success,7,content,streamed,0.14729799202177674,,,cap-max-tokens-high,False,valid_ordinary,[],True,0.647684664989356,output_length,request_declared
,0,,True,,0,cache_miss_observed,8b66f3fed616343a7c9d97741208e5a21de115c50305b38370a86796a61968de,,,vision-malformed-data-uri,,,do-close-cell-d6b08b0d7667b1c085799e7d08689c94a9f2952db5066d459aa6e9fc47e4f964,1,,,True,,,"[""vision""]",,,2026-08-25T00:41:24.631571+00:00,qwen3.8-max,,,0.000114,,stop,True,0.14781985199078918,True,0.5578956250101328,200,24,74.4149033560487,False,False,,,False,,request_payload_sha256_mismatch,11,43.020826375812824,billed_completion_tokens_over_request_minus_streamed_ttft_proxy,control_after,,,,,43.020826375812824,0.2556901139905676,True,42.98423033794629,True,1.0,True,False,0.5583443000214174,orphaned,ab4d0e6342b08b4db784a23e4c2726c0ddbd693ead44d5e42bac81499a049d36,,bc8225c1f882bd051424b592ae957a4afaf8550175e1e9da9f0fcca57edc1e25,do-close-request-9325763ea9782ef0e2db88a1ff66,d6b08b0d7667b1c085799e7d08689c94a9f2952db5066d459aa6e9fc47e4f964,bc8225c1f882bd051424b592ae957a4afaf8550175e1e9da9f0fcca57edc1e25,0.8140344140119851,,32,tokens,4fb37c0ee23bfc3c4b3e08e5c6267ee79fb08c9b0f419c81a640913cb18fab9a,,do-hosted-closure-20260825-r1,digitalocean_public_request_v2,True,exact_text,,False,do-close-request-15c4f23a6660eecd4c22b1a4454f,do-close-cell-d6b08b0d7667b1c085799e7d08689c94a9f2952db5066d459aa6e9fc47e4f964,False,24,matched_control_closure,do-hosted-closure-20260825-r1,direct_completion,,2026-08-25T00:41:23.817188+00:00,success,10,content,streamed,0.2561387890018523,,,cap-vision-malformed-data-uri,False,valid_ordinary,[],True,0.5583443000214174,vision,request_declared
,0,,False,,,not_reported_unknown,8b66f3fed616343a7c9d97741208e5a21de115c50305b38370a86796a61968de,,,max-tokens-high,,rejected_exact_tested_state,do-close-cell-e70abd07c91c36cb8e17b9afe814af0346a115befe4668909f9e125546416e44,1,,,True,matched_control_rejection,True,"[""output_length""]",,,2026-08-25T00:41:24.707323+00:00,deepseek-v4-flash-0731,,ProviderHTTPError,0.26429675199999997,,,False,,False,,400,,,False,False,,,False,,request_payload_sha256_mismatch,,,,probe,,,,,,,False,,True,0.0,True,False,,orphaned,00df2eb2ee0333b257ec79c85ba97180b416ab5b2a4503b44f76853e8c7f518d,,2e5e68118ca2beff34b243cc22e6b9cf23a66e091e208ffc858a6a8ca5025762,do-close-request-2c289e3b9c8be03a7bbc5c50b6fb,e70abd07c91c36cb8e17b9afe814af0346a115befe4668909f9e125546416e44,2e5e68118ca2beff34b243cc22e6b9cf23a66e091e208ffc858a6a8ca5025762,0.33424303197534755,,1048576,tokens,,,do-hosted-closure-20260825-r1,digitalocean_public_request_v2,False,transport,,True,do-close-request-2c289e3b9c8be03a7bbc5c50b6fb,do-close-cell-e70abd07c91c36cb8e17b9afe814af0346a115befe4668909f9e125546416e44,False,,matched_control_closure,do-hosted-closure-20260825-r1,direct_completion,,2026-08-25T00:41:24.373018+00:00,client_rejection,,,unknown,,,,cap-max-tokens-high,False,invalid_or_censored,"[""not_streamed_ttft_unobservable""]",False,,output_length,request_declared
,0,,True,,0,cache_miss_observed,8b66f3fed616343a7c9d97741208e5a21de115c50305b38370a86796a61968de,,,max-tokens-high,,,do-close-cell-e70abd07c91c36cb8e17b9afe814af0346a115befe4668909f9e125546416e44,1,,,True,,,"[""output_length""]",,,2026-08-25T00:41:25.183034+00:00,deepseek-v4-flash-0731,,,2.976e-06,,stop,True,0.07331187801901251,True,0.37767450202954933,200,12,109.1228354281867,False,False,,,False,,request_payload_sha256_mismatch,8,,,control_after,,,,,,0.09143290598876774,True,31.748753990788202,True,1.0,True,False,0.3779675890109502,orphaned,00df2eb2ee0333b257ec79c85ba97180b416ab5b2a4503b44f76853e8c7f518d,,89babae07dedbc5d13d03bfd9711b3b4eb5a6f9bc16cb08dc9c613d9b9f1205a,do-close-request-5aea7739278925781e6ff386fac7,e70abd07c91c36cb8e17b9afe814af0346a115befe4668909f9e125546416e44,89babae07dedbc5d13d03bfd9711b3b4eb5a6f9bc16cb08dc9c613d9b9f1205a,0.4694004949997179,,32,tokens,d6f8b0b89f4017ae5ce921de90e7554c45e626a04026dcb5e1ecb910ebcf9947,,do-hosted-closure-20260825-r1,digitalocean_public_request_v2,True,exact_text,,False,do-close-request-2c289e3b9c8be03a7bbc5c50b6fb,do-close-cell-e70abd07c91c36cb8e17b9afe814af0346a115befe4668909f9e125546416e44,False,12,matched_control_closure,do-hosted-closure-20260825-r1,direct_completion,,2026-08-25T00:41:24.713298+00:00,success,7,content,streamed,0.09172599297016859,,,cap-max-tokens-high,False,invalid_or_censored,"[""post_ttft_interval_below_100ms_unstable_rate""]",True,0.3779675890109502,output_length,request_declared
,0,,True,,0,cache_miss_observed,8b66f3fed616343a7c9d97741208e5a21de115c50305b38370a86796a61968de,,,extended-parameters-4,,,do-close-cell-afdce705ba43d4f8904c612e0ab7906d6d0323ca3ed32bc097fb964268d8d38a,1,,,True,,,"[""parameter_interactions""]",,,2026-08-25T00:41:25.869325+00:00,nemotron-3-ultra-550b,,,8.05e-05,,length,False,0.44955930701689795,False,1.1044053939986043,200,29,71.18081975065681,False,False,,,False,,request_payload_sha256_mismatch,32,62.0328555215201,billed_completion_tokens_over_request_minus_streamed_ttft_proxy,control_before,,,,,62.0328555215201,0.5158556660171598,True,26.095910941490757,True,0.0,True,False,1.1112852149526589,orphaned,b93d2d8de6611852f8c72b13807a6d94239aa26a4668c7d7cbac462b55828f1d,,8c9c749a845a65f8a649e9324767cb847c39fa0c035bbb6597e18b463f6cff35,do-close-request-cb571fed7091f11dfcd1b8dbfaf0,afdce705ba43d4f8904c612e0ab7906d6d0323ca3ed32bc097fb964268d8d38a,8c9c749a845a65f8a649e9324767cb847c39fa0c035bbb6597e18b463f6cff35,1.6271408809698187,,32,tokens,95910489c67f2bbe486b152d8f0fd62a2fbd82b4ff99a7a4765c151767ad499a,,do-hosted-closure-20260825-r1,digitalocean_public_request_v2,True,exact_text,,False,do-close-request-c1793ea8210bff3ba13fdf0648c9,do-close-cell-afdce705ba43d4f8904c612e0ab7906d6d0323ca3ed32bc097fb964268d8d38a,False,29,matched_control_closure,do-hosted-closure-20260825-r1,direct_completion,,2026-08-25T00:41:24.241780+00:00,success,32,reasoning,streamed,0.5227354869712144,,,cap-extended-4,False,valid_ordinary,[],True,1.1112852149526589,parameter_interactions,request_declared
,0,,False,,,not_reported_unknown,8b66f3fed616343a7c9d97741208e5a21de115c50305b38370a86796a61968de,,,realized-output-1024,,accepted,do-close-cell-ffcc03c24c7594c3f4f5538e7991bd64b3070e5bcf704e2b57f3600ef110fd09,1,,,True,accepted,True,"[""output_length""]",,,2026-08-25T00:41:31.200033+00:00,qwen3.8-max,,,0.00771,,,False,2.9437132099992596,False,3.5356693060020916,200,,,False,False,,,False,,request_payload_sha256_mismatch,,,,probe,,,,,,2.963063505012542,False,,True,0.0,True,False,3.596697011962533,orphaned,ffcc03c24c7594c3f4f5538e7991bd64b3070e5bcf704e2b57f3600ef110fd09,,0fa8d707ef44aa9ae93ec13987061eb59fade1ff01ab70e68128ef5eeecb81b8,do-close-request-dd9924f0ca05759aba9bbf62c095,ffcc03c24c7594c3f4f5538e7991bd64b3070e5bcf704e2b57f3600ef110fd09,0fa8d707ef44aa9ae93ec13987061eb59fade1ff01ab70e68128ef5eeecb81b8,6.559760516975075,,1024,tokens,735517271842eb98f2bb2e98c7d9d03e5f92bdb301a55a2d33812f7bc83c98c5,,do-hosted-closure-20260825-r1,digitalocean_public_request_v2,False,controlled_words,,True,do-close-request-dd9924f0ca05759aba9bbf62c095,do-close-cell-ffcc03c24c7594c3f4f5538e7991bd64b3070e5bcf704e2b57f3600ef110fd09,False,,matched_control_closure,do-hosted-closure-20260825-r1,direct_completion,,2026-08-25T00:41:24.639499+00:00,success,101,content,streamed,3.0240912109729834,,,realized-output-1024,False,invalid_or_censored,[],True,3.596697011962533,output_length,request_declared
,0,,True,,0,cache_miss_observed,8b66f3fed616343a7c9d97741208e5a21de115c50305b38370a86796a61968de,,,realized-output-256,,accepted,do-close-cell-4e5ffa63e7881ac48249a2a04a44b000486be9f3efd415d2f9958f93887e1db4,1,,,True,accepted,True,"[""output_length""]",,,2026-08-25T00:41:32.903684+00:00,qwen3.8-max,,,0.001156,,stop,False,1.2400505899568088,False,0.4342075639870018,200,41,144.34894951038618,False,False,,,False,,request_payload_sha256_mismatch,179,142.04096144161284,billed_completion_tokens_over_request_minus_streamed_ttft_proxy,probe,,,,,142.04096144161284,1.260199861950241,True,94.37360212788752,True,0.0,True,False,0.43444352102233097,orphaned,4e5ffa63e7881ac48249a2a04a44b000486be9f3efd415d2f9958f93887e1db4,,5139ed383c463b6dec250d65e0dfc764bb8f9982c80d9aa58358e266254a0dbf,do-close-request-c40ce33cfcd64049dda77dafce0a,4e5ffa63e7881ac48249a2a04a44b000486be9f3efd415d2f9958f93887e1db4,5139ed383c463b6dec250d65e0dfc764bb8f9982c80d9aa58358e266254a0dbf,1.694643382972572,,256,tokens,8eb6d7261dc33f49717c3fcb6f799b30f730431ea1cbb56d2773086c10ea0451,,do-hosted-closure-20260825-r1,digitalocean_public_request_v2,True,controlled_words,,True,do-close-request-c40ce33cfcd64049dda77dafce0a,do-close-cell-4e5ffa63e7881ac48249a2a04a44b000486be9f3efd415d2f9958f93887e1db4,False,41,matched_control_closure,do-hosted-closure-20260825-r1,direct_completion,,2026-08-25T00:41:31.208643+00:00,success,178,content,streamed,1.2604358189855702,,,realized-output-256,False,valid_ordinary,[],True,0.43444352102233097,output_length,request_declared
,0,,False,,,not_reported_unknown,8b66f3fed616343a7c9d97741208e5a21de115c50305b38370a86796a61968de,,,realized-output-4096,,accepted,do-close-cell-966b3779acfbd0814dd7edb4cc77b040a84cb53428ffe38e4ce9ede950104d15,1,,,True,accepted,True,"[""output_length""]",,,2026-08-25T00:41:33.872793+00:00,qwen3.8-max,,,0.026146,,,False,0.6235678880475461,False,0.3155650229891762,200,,,False,False,,,False,,request_payload_sha256_mismatch,,,,probe,,,,,,0.6437922680051997,False,,True,0.0,True,False,0.3158165129716508,orphaned,966b3779acfbd0814dd7edb4cc77b040a84cb53428ffe38e4ce9ede950104d15,,ca77e7c6e5bd85cf8415281c986e64d19b417e79d38111df1e58d5e649ecfca7,do-close-request-7c2a597147e05937337fe982c880,966b3779acfbd0814dd7edb4cc77b040a84cb53428ffe38e4ce9ede950104d15,ca77e7c6e5bd85cf8415281c986e64d19b417e79d38111df1e58d5e649ecfca7,0.9596087809768505,,4096,tokens,735517271842eb98f2bb2e98c7d9d03e5f92bdb301a55a2d33812f7bc83c98c5,,do-hosted-closure-20260825-r1,digitalocean_public_request_v2,False,controlled_words,,True,do-close-request-7c2a597147e05937337fe982c880,do-close-cell-966b3779acfbd0814dd7edb4cc77b040a84cb53428ffe38e4ce9ede950104d15,False,,matched_control_closure,do-hosted-closure-20260825-r1,direct_completion,,2026-08-25T00:41:32.912256+00:00,success,101,content,streamed,0.6440437579876743,,,realized-output-4096,False,invalid_or_censored,[],True,0.3158165129716508,output_length,request_declared
,0,,True,,0,cache_miss_observed,8b66f3fed616343a7c9d97741208e5a21de115c50305b38370a86796a61968de,,,cap-pairwise-18,,,do-close-cell-45f54cff4eed75f915f6675fbff93c8b1bfb05beb93cac7f8d943569d75e5817,1,,,True,,,"[""parameter_interactions""]",,,2026-08-25T00:41:35.268512+00:00,mimo-v2.5-pro,,,0.0001528,,length,False,0.9760978409904055,False,0.3759345510043204,200,262,32.78359879121435,False,False,,,False,,request_payload_sha256_mismatch,32,32.54079200539803,billed_completion_tokens_over_request_minus_streamed_ttft_proxy,control_before,,,,,32.54079200539803,0.9833811050048098,True,652.530958222711,True,0.0,True,False,0.4015135170193389,orphaned,9204d8e417b2bfdceb1e5ebb4499309dbcf49c8719281ac8a116f3740d29f5ce,,743fbea174140add53ba85d98f6df9a923915426b5fdbb6f903184558cc7de47,do-close-request-8e96375edcc71ef76c245df6657e,45f54cff4eed75f915f6675fbff93c8b1bfb05beb93cac7f8d943569d75e5817,743fbea174140add53ba85d98f6df9a923915426b5fdbb6f903184558cc7de47,1.3848946220241487,,32,tokens,659c9548d412594c25e904e438a5ded54833fa7819434db6d00a9759b7eca39c,,do-hosted-closure-20260825-r1,digitalocean_public_request_v2,True,exact_text,,False,do-close-request-7adfcf4a1fb5b450ad501a9797b0,do-close-cell-45f54cff4eed75f915f6675fbff93c8b1bfb05beb93cac7f8d943569d75e5817,False,262,matched_control_closure,do-hosted-closure-20260825-r1,direct_completion,,2026-08-25T00:41:33.882144+00:00,success,31,reasoning,streamed,1.0089600710198283,,,cap-pairwise-18,False,valid_ordinary,[],True,0.4015135170193389,parameter_interactions,request_declared
,0,,True,,240,cache_hit_observed,8b66f3fed616343a7c9d97741208e5a21de115c50305b38370a86796a61968de,,,cap-pairwise-18,,inconclusive,do-close-cell-45f54cff4eed75f915f6675fbff93c8b1bfb05beb93cac7f8d943569d75e5817,1,,,True,matched_control_inconclusive,False,"[""parameter_interactions""]",,,2026-08-25T00:41:37.379323+00:00,mimo-v2.5-pro,,,0.0001369,,stop,True,1.4841740250121802,True,0.4457643869682215,200,256,15.496835015564463,False,False,,,False,,request_payload_sha256_mismatch,23,14.964308205280982,billed_completion_tokens_over_request_minus_streamed_ttft_proxy,probe,,,,,14.964308205280982,1.5369905300321989,False,,True,1.0,True,False,0.5666824969812296,orphaned,9204d8e417b2bfdceb1e5ebb4499309dbcf49c8719281ac8a116f3740d29f5ce,,f54264e3e4f5ed9e85a2314b0df6532f8b02a502c8d10ce64c977bc594cb52b9,do-close-request-7adfcf4a1fb5b450ad501a9797b0,45f54cff4eed75f915f6675fbff93c8b1bfb05beb93cac7f8d943569d75e5817,f54264e3e4f5ed9e85a2314b0df6532f8b02a502c8d10ce64c977bc594cb52b9,2.1036730270134285,,64,tokens,4a600c2ff7c8304631428dcdd8c813c68be95c54aed8e607e0b91d7728a2ac2d,,do-hosted-closure-20260825-r1,digitalocean_public_request_v2,True,exact_text,,True,do-close-request-7adfcf4a1fb5b450ad501a9797b0,do-close-cell-45f54cff4eed75f915f6675fbff93c8b1bfb05beb93cac7f8d943569d75e5817,False,256,matched_control_closure,do-hosted-closure-20260825-r1,direct_completion,,2026-08-25T00:41:35.274652+00:00,success,20,reasoning,streamed,1.657908640045207,,,cap-pairwise-18,False,valid_ordinary,[],True,0.5666824969812296,parameter_interactions,request_declared
,0,,True,,0,cache_miss_observed,8b66f3fed616343a7c9d97741208e5a21de115c50305b38370a86796a61968de,,,realized-output-1024,,accepted,do-close-cell-92c0e218524fcebfc7f7469ad231f5ba10798feb078a7f17a53ced35cd2b9ac7,1,,,True,accepted,True,"[""output_length""]",,,2026-08-25T00:41:38.730497+00:00,deepseek-v4-flash-0731,,,0.00026068799999999997,,length,False,13.114667673013173,False,0.36971167399315163,200,33,78.0805145453396,False,False,,,False,,request_payload_sha256_mismatch,1024,77.76371349053912,billed_completion_tokens_over_request_minus_streamed_ttft_proxy,probe,,,,,77.76371349053912,13.1680954269832,True,89.17917365002165,True,0.0,True,False,0.3700415539788082,orphaned,92c0e218524fcebfc7f7469ad231f5ba10798feb078a7f17a53ced35cd2b9ac7,,cf77424296226e36d87e221d7efd1f06b8d6d044e894715bf72fa1d277af34cf,do-close-request-1b94190350838a7b3a3469d21e0e,92c0e218524fcebfc7f7469ad231f5ba10798feb078a7f17a53ced35cd2b9ac7,cf77424296226e36d87e221d7efd1f06b8d6d044e894715bf72fa1d277af34cf,13.538136980962008,,1024,tokens,b37dd9d6b225a26f9b3d1e50724d727e55e17eaa3100b1a355165eb11e2557d8,,do-hosted-closure-20260825-r1,digitalocean_public_request_v2,True,controlled_words,,True,do-close-request-1b94190350838a7b3a3469d21e0e,do-close-cell-92c0e218524fcebfc7f7469ad231f5ba10798feb078a7f17a53ced35cd2b9ac7,False,33,matched_control_closure,do-hosted-closure-20260825-r1,direct_completion,,2026-08-25T00:41:25.191616+00:00,success,1024,content,streamed,13.168425306968857,,,realized-output-1024,False,valid_ordinary,[],True,0.3700415539788082,output_length,request_declared
,0,,True,,256,cache_hit_observed,8b66f3fed616343a7c9d97741208e5a21de115c50305b38370a86796a61968de,,,cap-pairwise-18,,,do-close-cell-45f54cff4eed75f915f6675fbff93c8b1bfb05beb93cac7f8d943569d75e5817,1,,,True,,,"[""parameter_interactions""]",,,2026-08-25T00:41:39.045600+00:00,mimo-v2.5-pro,,,0.0001528,,length,False,1.2743869440164417,False,0.35214904200984165,200,262,25.11011286662016,False,False,,,False,,request_payload_sha256_mismatch,32,24.958410144141208,billed_completion_tokens_over_request_minus_streamed_ttft_proxy,control_after,,,,,24.958410144141208,1.282132948981598,False,,True,0.0,True,False,0.3774885809980333,orphaned,9204d8e417b2bfdceb1e5ebb4499309dbcf49c8719281ac8a116f3740d29f5ce,,c7c0a2b78b7a6077539ca9ff90f137c9a93536f846d6c9d9ac4a72e6d073a34e,do-close-request-2fc315553ea10bbc3794506f8e38,45f54cff4eed75f915f6675fbff93c8b1bfb05beb93cac7f8d943569d75e5817,c7c0a2b78b7a6077539ca9ff90f137c9a93536f846d6c9d9ac4a72e6d073a34e,1.6596215299796313,,32,tokens,5d84a8979cebf8196831e2141a9e9887f7bc822e50c5697b3d76128cd46013e5,,do-hosted-closure-20260825-r1,digitalocean_public_request_v2,True,exact_text,,False,do-close-request-7adfcf4a1fb5b450ad501a9797b0,do-close-cell-45f54cff4eed75f915f6675fbff93c8b1bfb05beb93cac7f8d943569d75e5817,False,262,matched_control_closure,do-hosted-closure-20260825-r1,direct_completion,,2026-08-25T00:41:37.385558+00:00,success,31,reasoning,streamed,1.3074724879697897,,,cap-pairwise-18,False,valid_ordinary,[],True,0.3774885809980333,parameter_interactions,request_declared
,0,,True,,240,cache_hit_observed,8b66f3fed616343a7c9d97741208e5a21de115c50305b38370a86796a61968de,,,cap-pairwise-32,,,do-close-cell-a7944d841598d40a848ce3affdb7797277e84a3a2763b3c552dd78a69a870148,1,,,True,,,"[""parameter_interactions""]",,,2026-08-25T00:41:40.529933+00:00,mimo-v2.5-pro,,,0.00015319999999999998,,length,False,0.8466367510263808,False,0.5806271329638548,200,263,37.79661107459165,False,False,,,False,,request_payload_sha256_mismatch,32,36.87148424243205,billed_completion_tokens_over_request_minus_streamed_ttft_proxy,control_before,,,,,36.87148424243205,0.8678793560247868,False,,True,0.0,True,False,0.6064484629896469,orphaned,2bb58153ab18c1ad28d58245c533e9740d94d52a3d0a55056894a909629a9512,,237be6c3a998c1031514ff9984fc89528cbb31c45a8c906576cca805e7c7238b,do-close-request-9326c47bf83baaaa720a3e4abfa8,a7944d841598d40a848ce3affdb7797277e84a3a2763b3c552dd78a69a870148,237be6c3a998c1031514ff9984fc89528cbb31c45a8c906576cca805e7c7238b,1.4743278190144338,,32,tokens,ccf49d5ddae9db4720edf1b367ccd8caace4563c258f641cb7ba5cab6c41d373,,do-hosted-closure-20260825-r1,digitalocean_public_request_v2,True,exact_text,,False,do-close-request-7d390b957eabfcd3f204a9285df7,do-close-cell-a7944d841598d40a848ce3affdb7797277e84a3a2763b3c552dd78a69a870148,False,263,matched_control_closure,do-hosted-closure-20260825-r1,direct_completion,,2026-08-25T00:41:39.054859+00:00,success,30,reasoning,streamed,0.893700686050579,,,cap-pairwise-32,False,valid_ordinary,[],True,0.6064484629896469,parameter_interactions,request_declared
,0,,True,,0,cache_miss_observed,8b66f3fed616343a7c9d97741208e5a21de115c50305b38370a86796a61968de,,,realized-output-256,,accepted,do-close-cell-c577bec86b3c0fe030cb4c1a6aebbad21634923edb9d1829f7339f8c83a22d70,1,,,True,accepted,True,"[""output_length""]",,,2026-08-25T00:41:42.444387+00:00,deepseek-v4-flash-0731,,,6.7152e-05,,length,False,3.27171520300908,False,0.39630641497205943,200,33,78.24641942078279,False,False,,,False,,request_payload_sha256_mismatch,256,77.38035078201011,billed_completion_tokens_over_request_minus_streamed_ttft_proxy,probe,,,,,77.38035078201011,3.3083334129769355,True,83.13474416497746,True,0.0,True,False,0.3969459499930963,orphaned,c577bec86b3c0fe030cb4c1a6aebbad21634923edb9d1829f7339f8c83a22d70,,55d75d2b06762d8afa21599ebd942270c67267ce80f1be1b2b541016f5b63068,do-close-request-fa175b0fbd30779942786ce46d68,c577bec86b3c0fe030cb4c1a6aebbad21634923edb9d1829f7339f8c83a22d70,55d75d2b06762d8afa21599ebd942270c67267ce80f1be1b2b541016f5b63068,3.705279362970032,,256,tokens,53fdec5dbfa237e2dabfe5188958807c629887b7558a6bf543c590ea7525ecb4,,do-hosted-closure-20260825-r1,digitalocean_public_request_v2,True,controlled_words,,True,do-close-request-fa175b0fbd30779942786ce46d68,do-close-cell-c577bec86b3c0fe030cb4c1a6aebbad21634923edb9d1829f7339f8c83a22d70,False,33,matched_control_closure,do-hosted-closure-20260825-r1,direct_completion,,2026-08-25T00:41:38.738442+00:00,success,256,content,streamed,3.3089729479979724,,,realized-output-256,False,valid_ordinary,[],True,0.3969459499930963,output_length,request_declared
,0,,True,,64,cache_hit_observed,8b66f3fed616343a7c9d97741208e5a21de115c50305b38370a86796a61968de,,,extended-parameters-4,,inconclusive,do-close-cell-df719c3b074cf83d0a8798b6dd2eb2dfb79ead3d2b85c919806bb43c43e7ef5a,1,,,True,matched_control_inconclusive,False,"[""parameter_interactions""]",,,2026-08-25T00:41:56.583139+00:00,openai-gpt-oss-120b,,,0.0458824,,length,False,,False,0.3381029939628206,200,72,,False,False,,,False,,request_payload_sha256_mismatch,65536,,,probe,,,,,,,False,,True,0.0,True,False,,orphaned,0a1af686083ab03c93f61a9460278400b2fbafb4593de006eaebeb3c5ec745b8,,66d39030f0153be241315fb84e354322916abc6086884c074c3a8077398d8cdf,do-close-request-5949869a15af9295e83a956048b6,df719c3b074cf83d0a8798b6dd2eb2dfb79ead3d2b85c919806bb43c43e7ef5a,66d39030f0153be241315fb84e354322916abc6086884c074c3a8077398d8cdf,61.65187945595244,,64,tokens,07043643a18dcdc87204f18c4967d7d57d4375dd92fa8fbd0374880f8eed208e,,do-hosted-closure-20260825-r1,digitalocean_public_request_v2,True,exact_text,,True,do-close-request-5949869a15af9295e83a956048b6,do-close-cell-df719c3b074cf83d0a8798b6dd2eb2dfb79ead3d2b85c919806bb43c43e7ef5a,False,72,matched_control_closure,do-hosted-closure-20260825-r1,direct_completion,,2026-08-25T00:40:54.930500+00:00,success,0,,unknown,61.31377646198962,,,cap-extended-4,False,invalid_or_censored,"[""not_streamed_ttft_unobservable""]",True,,parameter_interactions,request_declared
,0,,True,,64,cache_hit_observed,8b66f3fed616343a7c9d97741208e5a21de115c50305b38370a86796a61968de,,,extended-parameters-4,,,do-close-cell-df719c3b074cf83d0a8798b6dd2eb2dfb79ead3d2b85c919806bb43c43e7ef5a,1,,,True,,,"[""parameter_interactions""]",,,2026-08-25T00:41:57.370867+00:00,openai-gpt-oss-120b,,,3.0099999999999996e-05,,length,False,0.3632358969771303,False,0.34711827599676326,200,77,88.09701977779677,False,False,,,False,,request_payload_sha256_mismatch,32,80.4052749531709,billed_completion_tokens_over_request_minus_streamed_ttft_proxy,control_after,,,,,80.4052749531709,0.39798383897868916,False,,True,0.0,True,False,0.38331936299800873,orphaned,0a1af686083ab03c93f61a9460278400b2fbafb4593de006eaebeb3c5ec745b8,,d364afd66ab0a27347e764e7090b982bff6d0225889cd7a7a1f381cc256c538d,do-close-request-f884a2fe31fa7af06f076580aa85,df719c3b074cf83d0a8798b6dd2eb2dfb79ead3d2b85c919806bb43c43e7ef5a,d364afd66ab0a27347e764e7090b982bff6d0225889cd7a7a1f381cc256c538d,0.7813032019766979,,32,tokens,d18ee5d585c77817578aec1f28d6f83b6330460869e0ad3f5dd9dee6ea57dc20,,do-hosted-closure-20260825-r1,digitalocean_public_request_v2,True,exact_text,,False,do-close-request-5949869a15af9295e83a956048b6,do-close-cell-df719c3b074cf83d0a8798b6dd2eb2dfb79ead3d2b85c919806bb43c43e7ef5a,False,77,matched_control_closure,do-hosted-closure-20260825-r1,direct_completion,,2026-08-25T00:41:56.588873+00:00,success,29,reasoning,streamed,0.43418492597993463,,,cap-extended-4,False,valid_ordinary,[],True,0.38331936299800873,parameter_interactions,request_declared
,0,,True,,64,cache_hit_observed,8b66f3fed616343a7c9d97741208e5a21de115c50305b38370a86796a61968de,,,extended-parameters-5,,,do-close-cell-e572d5da4017b19b5880fc808998d7ad2b1f0bf2e125e3a0141e2bda054a345a,1,,,True,,,"[""parameter_interactions""]",,,2026-08-25T00:41:58.267623+00:00,openai-gpt-oss-120b,,,2.99e-05,,length,False,0.34044455602997914,False,0.4463059909758158,200,75,93.99474725976266,False,False,,,False,,request_payload_sha256_mismatch,32,80.95806155076644,billed_completion_tokens_over_request_minus_streamed_ttft_proxy,control_before,,,,,80.95806155076644,0.39526638097595423,False,,True,0.0,True,False,0.492745223979,orphaned,89d3c91de1810a1d48672f725c63fd28f469148ed27e6be2e83b12cbacb9dfe6,,1684f3828d30a2e436d086cdbb87a569873714c4483621bbdc3a587133d9cb87,do-close-request-736777e6d313ba7daadd317229cf,e572d5da4017b19b5880fc808998d7ad2b1f0bf2e125e3a0141e2bda054a345a,1684f3828d30a2e436d086cdbb87a569873714c4483621bbdc3a587133d9cb87,0.8880116049549542,,32,tokens,64db9c303c6e138390020abcba829ad0361c589efe0cabfa64b6941a1f568bd5,,do-hosted-closure-20260825-r1,digitalocean_public_request_v2,True,exact_text,,False,do-close-request-e2f69c863dd01e12e6de26172fde,do-close-cell-e572d5da4017b19b5880fc808998d7ad2b1f0bf2e125e3a0141e2bda054a345a,False,75,matched_control_closure,do-hosted-closure-20260825-r1,direct_completion,,2026-08-25T00:41:57.379218+00:00,success,29,reasoning,streamed,0.44170561397913843,,,cap-extended-5,False,valid_ordinary,[],True,0.492745223979,parameter_interactions,request_declared
,0,,False,,,not_reported_unknown,8b66f3fed616343a7c9d97741208e5a21de115c50305b38370a86796a61968de,,,extended-parameters-5,,inconclusive,do-close-cell-e572d5da4017b19b5880fc808998d7ad2b1f0bf2e125e3a0141e2bda054a345a,1,,,True,matched_control_inconclusive,False,"[""parameter_interactions""]",,,2026-08-25T00:41:58.621427+00:00,openai-gpt-oss-120b,,ProviderHTTPError,0.0001248,,,False,,False,,400,,,False,False,,,False,,request_payload_sha256_mismatch,,,,probe,,,,,,,False,,True,0.0,True,False,,orphaned,89d3c91de1810a1d48672f725c63fd28f469148ed27e6be2e83b12cbacb9dfe6,,f754f75f3356f2a378ca83dfa2eb40ea9ddabfb1b0e2c0d9556bd7911ce20b28,do-close-request-e2f69c863dd01e12e6de26172fde,e572d5da4017b19b5880fc808998d7ad2b1f0bf2e125e3a0141e2bda054a345a,f754f75f3356f2a378ca83dfa2eb40ea9ddabfb1b0e2c0d9556bd7911ce20b28,0.34833469800651073,,64,tokens,,,do-hosted-closure-20260825-r1,digitalocean_public_request_v2,False,transport,,True,do-close-request-e2f69c863dd01e12e6de26172fde,do-close-cell-e572d5da4017b19b5880fc808998d7ad2b1f0bf2e125e3a0141e2bda054a345a,False,,matched_control_closure,do-hosted-closure-20260825-r1,direct_completion,,2026-08-25T00:41:58.273042+00:00,client_rejection,,,unknown,,,,cap-extended-5,False,invalid_or_censored,"[""not_streamed_ttft_unobservable""]",False,,parameter_interactions,request_declared
,0,,True,,64,cache_hit_observed,8b66f3fed616343a7c9d97741208e5a21de115c50305b38370a86796a61968de,,,extended-parameters-5,,,do-close-cell-e572d5da4017b19b5880fc808998d7ad2b1f0bf2e125e3a0141e2bda054a345a,1,,,True,,,"[""parameter_interactions""]",,,2026-08-25T00:41:59.575686+00:00,openai-gpt-oss-120b,,,2.99e-05,,length,False,0.35978623398113996,False,0.5305575999664143,200,75,88.94170198206484,False,False,,,False,,request_payload_sha256_mismatch,32,83.85676902924337,billed_completion_tokens_over_request_minus_streamed_ttft_proxy,control_after,,,,,83.85676902924337,0.3816030640155077,False,,True,0.0,True,False,0.5661201259936206,orphaned,89d3c91de1810a1d48672f725c63fd28f469148ed27e6be2e83b12cbacb9dfe6,,ae3a10d4905458a7a677620f64347fcc68309ea2d6396eb738351faa83f100a0,do-close-request-34b2cfd9f54bb3b5bd52124db70d,e572d5da4017b19b5880fc808998d7ad2b1f0bf2e125e3a0141e2bda054a345a,ae3a10d4905458a7a677620f64347fcc68309ea2d6396eb738351faa83f100a0,0.9477231900091283,,32,tokens,cdf4aa2af4ecb40cc11a4837aec1f59c707ff378b3cfba81d8964abdea7f2201,,do-hosted-closure-20260825-r1,digitalocean_public_request_v2,True,exact_text,,False,do-close-request-e2f69c863dd01e12e6de26172fde,do-close-cell-e572d5da4017b19b5880fc808998d7ad2b1f0bf2e125e3a0141e2bda054a345a,False,75,matched_control_closure,do-hosted-closure-20260825-r1,direct_completion,,2026-08-25T00:41:58.627353+00:00,success,29,reasoning,streamed,0.41716559004271403,,,cap-extended-5,False,valid_ordinary,[],True,0.5661201259936206,parameter_interactions,request_declared
,0,,True,,64,cache_hit_observed,8b66f3fed616343a7c9d97741208e5a21de115c50305b38370a86796a61968de,,,realized-output-1024,,accepted,do-close-cell-06ea350c23fd838201f5c2e491c9be4d808b9383667ab8788e689aab918688f5,1,,,True,accepted,True,"[""output_length""]",,,2026-08-25T00:42:13.553847+00:00,openai-gpt-oss-120b,,,0.0007259,,length,False,13.36463583400473,False,0.36537739902269095,200,91,76.62011989840782,False,False,,,False,,request_payload_sha256_mismatch,1024,75.45739025100677,billed_completion_tokens_over_request_minus_streamed_ttft_proxy,probe,,,,,75.45739025100677,13.570572697964963,False,,True,0.0,True,False,0.3986107860109769,orphaned,06ea350c23fd838201f5c2e491c9be4d808b9383667ab8788e689aab918688f5,,9a04388dbea982f52d65af89b2283968aca8f2c322cf33cfd521cc836c83134b,do-close-request-616da3495974f2d5796571681330,06ea350c23fd838201f5c2e491c9be4d808b9383667ab8788e689aab918688f5,9a04388dbea982f52d65af89b2283968aca8f2c322cf33cfd521cc836c83134b,13.96918348397594,,1024,tokens,3cea6282b1fdd73707585c1dce3ad0eba8ec41da163052d07a558cb2f93df800,,do-hosted-closure-20260825-r1,digitalocean_public_request_v2,True,controlled_words,,True,do-close-request-616da3495974f2d5796571681330,do-close-cell-06ea350c23fd838201f5c2e491c9be4d808b9383667ab8788e689aab918688f5,False,91,matched_control_closure,do-hosted-closure-20260825-r1,direct_completion,,2026-08-25T00:41:59.583733+00:00,success,1021,reasoning,streamed,13.603806084953249,,,realized-output-1024,False,valid_ordinary,[],True,0.3986107860109769,output_length,request_declared
,0,,True,,64,cache_hit_observed,8b66f3fed616343a7c9d97741208e5a21de115c50305b38370a86796a61968de,,,realized-output-256,,accepted,do-close-cell-accb18ec3b650154b82e8030de6db8cb244c3dab9969e41ac423353a8a109e03,1,,,True,accepted,True,"[""output_length""]",,,2026-08-25T00:42:17.368320+00:00,openai-gpt-oss-120b,,,0.0001883,,length,False,3.3174840139690787,False,0.37680542102316394,200,91,77.16691291413895,False,False,,,False,,request_payload_sha256_mismatch,256,75.46382095402805,billed_completion_tokens_over_request_minus_streamed_ttft_proxy,probe,,,,,75.46382095402805,3.3923540679970756,False,,True,0.0,True,False,0.41296868200879544,orphaned,accb18ec3b650154b82e8030de6db8cb244c3dab9969e41ac423353a8a109e03,,e656e3bc58882f2687cdd3aa1fb5d8faeac91d52e24fb8331c0c9b25636d8fb1,do-close-request-57747a2447a9f8359990715f8db7,accb18ec3b650154b82e8030de6db8cb244c3dab9969e41ac423353a8a109e03,e656e3bc58882f2687cdd3aa1fb5d8faeac91d52e24fb8331c0c9b25636d8fb1,3.805322750005871,,256,tokens,4f71fc3f10b076a39908fc50166c6a0203d5bfcb5762cfb0bdb8712dedb3eae9,,do-hosted-closure-20260825-r1,digitalocean_public_request_v2,True,controlled_words,,True,do-close-request-57747a2447a9f8359990715f8db7,do-close-cell-accb18ec3b650154b82e8030de6db8cb244c3dab9969e41ac423353a8a109e03,False,91,matched_control_closure,do-hosted-closure-20260825-r1,direct_completion,,2026-08-25T00:42:13.562177+00:00,success,253,reasoning,streamed,3.428517328982707,,,realized-output-256,False,valid_ordinary,[],True,0.41296868200879544,output_length,request_declared
,0,,False,,,not_reported_unknown,8b66f3fed616343a7c9d97741208e5a21de115c50305b38370a86796a61968de,,,realized-output-4096,,accepted,do-close-cell-27a92a4316f56fcfd2d8405d3cdfe3be18b57b7225bed0c15f5971b80658a383,1,,,True,accepted,True,"[""output_length""]",,,2026-08-25T00:42:28.247920+00:00,openai-gpt-oss-120b,,,0.0029457,,,False,10.309454410977196,False,0.4704329009982757,200,,,False,False,,,False,,request_payload_sha256_mismatch,,,,probe,,,,,,10.362936164950952,False,,True,0.0,True,False,0.508183561032638,orphaned,27a92a4316f56fcfd2d8405d3cdfe3be18b57b7225bed0c15f5971b80658a383,,455659bb95e01876a8de98271a7f86b979a035c06403c7d00d65bbafba29778c,do-close-request-7487405732094058b58cad1f84ba,27a92a4316f56fcfd2d8405d3cdfe3be18b57b7225bed0c15f5971b80658a383,455659bb95e01876a8de98271a7f86b979a035c06403c7d00d65bbafba29778c,10.87111972598359,,4096,tokens,4c5aea41f49fbbb95abc04367ed436622953b5fcf80cfc680251473bc000723a,,do-hosted-closure-20260825-r1,digitalocean_public_request_v2,False,controlled_words,,True,do-close-request-7487405732094058b58cad1f84ba,do-close-cell-27a92a4316f56fcfd2d8405d3cdfe3be18b57b7225bed0c15f5971b80658a383,False,,matched_control_closure,do-hosted-closure-20260825-r1,direct_completion,,2026-08-25T00:42:17.376264+00:00,success,781,reasoning,streamed,10.400686824985314,,,realized-output-4096,False,invalid_or_censored,[],True,0.508183561032638,output_length,request_declared
,0,,True,,0,cache_miss_observed,8b66f3fed616343a7c9d97741208e5a21de115c50305b38370a86796a61968de,,,cap-pairwise-06,,,do-close-cell-6acffc66a46dc48a1b55a423d9feae2a9b1a8730ded404e6758c3520bf273e8e,1,,,True,,,"[""parameter_interactions""]",,,2026-08-25T00:42:30.349135+00:00,nvidia-nemotron-3-super-120b,,,2.92e-05,,length,False,1.5750136090209708,False,0.4674199860310182,200,28,20.317284762949583,False,False,,,False,,request_payload_sha256_mismatch,32,19.70375488222432,billed_completion_tokens_over_request_minus_streamed_ttft_proxy,control_before,,,,,19.70375488222432,1.6240559320431203,True,59.86423710507881,True,0.0,True,False,0.467724994989112,orphaned,c045fa660066c9b0f8360b89acd533c1505f02a8917eaf772c1d606e6aab4991,,5780d5b7586e446a98bc8e892d9365832545ca30bb9e1b48562057f338111bd8,do-close-request-ee9f51200f61adb4354cc5e70536,6acffc66a46dc48a1b55a423d9feae2a9b1a8730ded404e6758c3520bf273e8e,5780d5b7586e446a98bc8e892d9365832545ca30bb9e1b48562057f338111bd8,2.0917809270322323,,32,tokens,aaac68369105cf5cd3dcc02e6d0915863fd8aa934100185decd50c88ca6d5203,,do-hosted-closure-20260825-r1,digitalocean_public_request_v2,True,exact_text,,False,do-close-request-d3c8b7624d88cf50486632ff04d1,do-close-cell-6acffc66a46dc48a1b55a423d9feae2a9b1a8730ded404e6758c3520bf273e8e,False,28,matched_control_closure,do-hosted-closure-20260825-r1,direct_completion,,2026-08-25T00:42:28.256935+00:00,success,30,reasoning,streamed,1.624360941001214,,,cap-pairwise-06,False,valid_ordinary,[],True,0.467724994989112,parameter_interactions,request_declared
,0,,False,,,not_reported_unknown,8b66f3fed616343a7c9d97741208e5a21de115c50305b38370a86796a61968de,,,cap-pairwise-06,,inconclusive,do-close-cell-6acffc66a46dc48a1b55a423d9feae2a9b1a8730ded404e6758c3520bf273e8e,1,,,True,matched_control_inconclusive,False,"[""parameter_interactions""]",,,2026-08-25T00:42:30.785614+00:00,nvidia-nemotron-3-super-120b,,ProviderHTTPError,0.000302,,,False,,False,,400,,,False,False,,,False,,request_payload_sha256_mismatch,,,,probe,,,,,,,False,,True,0.0,True,False,,orphaned,c045fa660066c9b0f8360b89acd533c1505f02a8917eaf772c1d606e6aab4991,,18699bef811a0ca0e3472edcd5bd0f62ffc662c5a80f39931708171c3453dc64,do-close-request-d3c8b7624d88cf50486632ff04d1,6acffc66a46dc48a1b55a423d9feae2a9b1a8730ded404e6758c3520bf273e8e,18699bef811a0ca0e3472edcd5bd0f62ffc662c5a80f39931708171c3453dc64,0.4298647040268406,,64,tokens,,,do-hosted-closure-20260825-r1,digitalocean_public_request_v2,False,transport,,True,do-close-request-d3c8b7624d88cf50486632ff04d1,do-close-cell-6acffc66a46dc48a1b55a423d9feae2a9b1a8730ded404e6758c3520bf273e8e,False,,matched_control_closure,do-hosted-closure-20260825-r1,direct_completion,,2026-08-25T00:42:30.355674+00:00,client_rejection,,,unknown,,,,cap-pairwise-06,False,invalid_or_censored,"[""not_streamed_ttft_unobservable""]",False,,parameter_interactions,request_declared
,0,,True,,0,cache_miss_observed,8b66f3fed616343a7c9d97741208e5a21de115c50305b38370a86796a61968de,,,realized-output-4096,,accepted,do-close-cell-dd6f9a539eda8a914aef5d8808b4f356b2f85c727df2e728e4880c5d91f5a0f3,1,,,True,accepted,True,"[""output_length""]",,,2026-08-25T00:42:32.519729+00:00,deepseek-v4-flash-0731,,,0.001034992,,length,False,49.54702100699069,False,0.3800764459883794,200,35,82.66894591749698,False,False,,,False,,request_payload_sha256_mismatch,4096,82.44074246509531,billed_completion_tokens_over_request_minus_streamed_ttft_proxy,probe,,,,,82.44074246509531,49.68417165498249,True,92.02401248453202,True,0.0,True,False,0.3803355130366981,orphaned,dd6f9a539eda8a914aef5d8808b4f356b2f85c727df2e728e4880c5d91f5a0f3,,6724ca0e58e10823a8ad2d3870b9507d4f8443255461cc8bfbfa69e816376137,do-close-request-48b82e2dfadac5b84e0c26e4ce6f,dd6f9a539eda8a914aef5d8808b4f356b2f85c727df2e728e4880c5d91f5a0f3,6724ca0e58e10823a8ad2d3870b9507d4f8443255461cc8bfbfa69e816376137,50.06450716801919,,4096,tokens,7bc2ac98a65ecbc7edd34e73eb08adf76c4b2436efec76e64e4bec2052686e4a,,do-hosted-closure-20260825-r1,digitalocean_public_request_v2,True,controlled_words,,True,do-close-request-48b82e2dfadac5b84e0c26e4ce6f,do-close-cell-dd6f9a539eda8a914aef5d8808b4f356b2f85c727df2e728e4880c5d91f5a0f3,False,35,matched_control_closure,do-hosted-closure-20260825-r1,direct_completion,,2026-08-25T00:41:42.453513+00:00,success,4096,content,streamed,49.68443072203081,,,realized-output-4096,False,valid_ordinary,[],True,0.3803355130366981,output_length,request_declared
,0,,True,,0,cache_miss_observed,8b66f3fed616343a7c9d97741208e5a21de115c50305b38370a86796a61968de,,,cap-pairwise-06,,,do-close-cell-6acffc66a46dc48a1b55a423d9feae2a9b1a8730ded404e6758c3520bf273e8e,1,,,True,,,"[""parameter_interactions""]",,,2026-08-25T00:42:33.157065+00:00,nvidia-nemotron-3-super-120b,,,2.92e-05,,length,False,1.4845140720135532,False,0.7483352769631892,200,28,21.555875153541724,False,False,,,False,,request_payload_sha256_mismatch,32,19.814340398312883,billed_completion_tokens_over_request_minus_streamed_ttft_proxy,control_after,,,,,19.814340398312883,1.6149919379968196,True,37.404070915232474,True,0.0,True,False,0.7485816199914552,orphaned,c045fa660066c9b0f8360b89acd533c1505f02a8917eaf772c1d606e6aab4991,,e3c00024cac73d4c7dd683b0ed48c14ee30275476f7b646ecd22106e479f3190,do-close-request-5f2833d7e6efe2e79059890e422d,6acffc66a46dc48a1b55a423d9feae2a9b1a8730ded404e6758c3520bf273e8e,e3c00024cac73d4c7dd683b0ed48c14ee30275476f7b646ecd22106e479f3190,2.363573557988275,,32,tokens,aaac68369105cf5cd3dcc02e6d0915863fd8aa934100185decd50c88ca6d5203,,do-hosted-closure-20260825-r1,digitalocean_public_request_v2,True,exact_text,,False,do-close-request-d3c8b7624d88cf50486632ff04d1,do-close-cell-6acffc66a46dc48a1b55a423d9feae2a9b1a8730ded404e6758c3520bf273e8e,False,28,matched_control_closure,do-hosted-closure-20260825-r1,direct_completion,,2026-08-25T00:42:30.792688+00:00,success,30,reasoning,streamed,1.6152382810250856,,,cap-pairwise-06,False,valid_ordinary,[],True,0.7485816199914552,parameter_interactions,request_declared
,0,,True,,0,cache_miss_observed,8b66f3fed616343a7c9d97741208e5a21de115c50305b38370a86796a61968de,,,cap-pairwise-15,,,do-close-cell-20724cbe2ca1227b7a4b54b6ae9e60290ffd5840072d55c04f5bb8e88900dc0d,1,,,True,,,"[""parameter_interactions""]",,,2026-08-25T00:42:35.455423+00:00,nvidia-nemotron-3-super-120b,,,2.92e-05,,length,False,1.5492625460028648,False,0.7154269379680045,200,28,20.65498845406208,False,False,,,False,,request_payload_sha256_mismatch,32,20.34038034903428,billed_completion_tokens_over_request_minus_streamed_ttft_proxy,control_before,,,,,20.34038034903428,1.5732252519810572,True,39.099396674760115,True,0.0,True,False,0.7161235819803551,orphaned,fde3b62fd641452f84313067d551605963cc02f0e2365271993b41709315c58d,,16d4120778b9a2c24108477b955f0b99d5d6bb3a0ea7425c645034eae71faf95,do-close-request-02850b0997c053435c35e2dae1bc,20724cbe2ca1227b7a4b54b6ae9e60290ffd5840072d55c04f5bb8e88900dc0d,16d4120778b9a2c24108477b955f0b99d5d6bb3a0ea7425c645034eae71faf95,2.2893488339614123,,32,tokens,a0de1e74b0a99ebcd821211253513648839257fdf7091dc8ca27e752c07a1486,,do-hosted-closure-20260825-r1,digitalocean_public_request_v2,True,exact_text,,False,do-close-request-ba36865f5596cbe7b66e35e791b5,do-close-cell-20724cbe2ca1227b7a4b54b6ae9e60290ffd5840072d55c04f5bb8e88900dc0d,False,28,matched_control_closure,do-hosted-closure-20260825-r1,direct_completion,,2026-08-25T00:42:33.165720+00:00,success,30,reasoning,streamed,1.5739218959934078,,,cap-pairwise-15,False,valid_ordinary,[],True,0.7161235819803551,parameter_interactions,request_declared
,0,,False,,,not_reported_unknown,8b66f3fed616343a7c9d97741208e5a21de115c50305b38370a86796a61968de,,,cap-pairwise-15,,,do-close-cell-20724cbe2ca1227b7a4b54b6ae9e60290ffd5840072d55c04f5bb8e88900dc0d,1,,,True,,,"[""parameter_interactions""]",,,2026-08-25T00:42:36.479193+00:00,nvidia-nemotron-3-super-120b,,ProviderHTTPError,0.0030449,,,False,,False,,500,,,False,False,,,False,,request_payload_sha256_mismatch,,,,probe,,,,,,,False,,True,0.0,True,False,,orphaned,fde3b62fd641452f84313067d551605963cc02f0e2365271993b41709315c58d,,98dfb2d172b0ca24c5f113589ae83697ac643d3205e2113311fd6ceb5237f4ee,do-close-request-15acf484bb4a6602b0831b973171,20724cbe2ca1227b7a4b54b6ae9e60290ffd5840072d55c04f5bb8e88900dc0d,98dfb2d172b0ca24c5f113589ae83697ac643d3205e2113311fd6ceb5237f4ee,1.0174793360056356,,4096,tokens,,,do-hosted-closure-20260825-r1,digitalocean_public_request_v2,False,transport,,False,do-close-request-ba36865f5596cbe7b66e35e791b5,do-close-cell-20724cbe2ca1227b7a4b54b6ae9e60290ffd5840072d55c04f5bb8e88900dc0d,True,,matched_control_closure,do-hosted-closure-20260825-r1,direct_completion,,2026-08-25T00:42:35.461654+00:00,provider_error,,,unknown,,,,cap-pairwise-15,False,invalid_or_censored,"[""not_streamed_ttft_unobservable""]",False,,parameter_interactions,request_declared
,0,,True,,0,cache_miss_observed,8b66f3fed616343a7c9d97741208e5a21de115c50305b38370a86796a61968de,,,cap-pairwise-15,,,do-close-cell-20724cbe2ca1227b7a4b54b6ae9e60290ffd5840072d55c04f5bb8e88900dc0d,1,,,True,,,"[""parameter_interactions""]",,,2026-08-25T00:42:38.388437+00:00,nvidia-nemotron-3-super-120b,,,2.92e-05,,length,False,1.496129999984987,False,0.39417376200435683,200,28,21.388515704063888,False,False,,,False,,request_payload_sha256_mismatch,32,21.215447071080238,billed_completion_tokens_over_request_minus_streamed_ttft_proxy,control_after,,,,,21.215447071080238,1.5083349359920248,True,70.98978735332804,True,0.0,True,False,0.39442293101456016,orphaned,fde3b62fd641452f84313067d551605963cc02f0e2365271993b41709315c58d,,3005cceabb2b9fdfa48dacf98f2b79934a113cf9b1a41dfdb3dc60f52cfcc383,do-close-request-4c5e784fbfc31d59457ec2c4d9bf,20724cbe2ca1227b7a4b54b6ae9e60290ffd5840072d55c04f5bb8e88900dc0d,3005cceabb2b9fdfa48dacf98f2b79934a113cf9b1a41dfdb3dc60f52cfcc383,1.902757867006585,,32,tokens,8552c3c0892b95cb4e318b21ca82c52576f57d38d3d3c998f434fe0087781468,,do-hosted-closure-20260825-r1,digitalocean_public_request_v2,True,exact_text,,False,do-close-request-ba36865f5596cbe7b66e35e791b5,do-close-cell-20724cbe2ca1227b7a4b54b6ae9e60290ffd5840072d55c04f5bb8e88900dc0d,False,28,matched_control_closure,do-hosted-closure-20260825-r1,direct_completion,,2026-08-25T00:42:36.485120+00:00,success,32,reasoning,streamed,1.5085841050022282,,,cap-pairwise-15,False,valid_ordinary,[],True,0.39442293101456016,parameter_interactions,request_declared
,0,,True,,0,cache_miss_observed,8b66f3fed616343a7c9d97741208e5a21de115c50305b38370a86796a61968de,,,extended-parameters-4,,inconclusive,do-close-cell-afdce705ba43d4f8904c612e0ab7906d6d0323ca3ed32bc097fb964268d8d38a,1,,,True,matched_control_inconclusive,False,"[""parameter_interactions""]",,,2026-08-25T00:42:39.233679+00:00,nemotron-3-ultra-550b,,,0.11143009999999999,,length,False,,False,0.6142429229803383,200,21,,False,False,,,False,,request_payload_sha256_mismatch,65536,,,probe,,,,,,,False,,True,0.0,True,False,,orphaned,b93d2d8de6611852f8c72b13807a6d94239aa26a4668c7d7cbac462b55828f1d,,f1e74d38bcb973ed08539f9f55428b8af5bb4d9f80d312063b7484ed5ccdefb7,do-close-request-c1793ea8210bff3ba13fdf0648c9,afdce705ba43d4f8904c612e0ab7906d6d0323ca3ed32bc097fb964268d8d38a,f1e74d38bcb973ed08539f9f55428b8af5bb4d9f80d312063b7484ed5ccdefb7,73.35793238697806,,64,tokens,07043643a18dcdc87204f18c4967d7d57d4375dd92fa8fbd0374880f8eed208e,,do-hosted-closure-20260825-r1,digitalocean_public_request_v2,True,exact_text,,True,do-close-request-c1793ea8210bff3ba13fdf0648c9,do-close-cell-afdce705ba43d4f8904c612e0ab7906d6d0323ca3ed32bc097fb964268d8d38a,False,21,matched_control_closure,do-hosted-closure-20260825-r1,direct_completion,,2026-08-25T00:41:25.875395+00:00,success,0,,unknown,72.74368946399773,,,cap-extended-4,False,invalid_or_censored,"[""not_streamed_ttft_unobservable""]",True,,parameter_interactions,request_declared
,0,,True,,0,cache_miss_observed,8b66f3fed616343a7c9d97741208e5a21de115c50305b38370a86796a61968de,,,extended-parameters-4,,,do-close-cell-afdce705ba43d4f8904c612e0ab7906d6d0323ca3ed32bc097fb964268d8d38a,1,,,True,,,"[""parameter_interactions""]",,,2026-08-25T00:42:40.056058+00:00,nemotron-3-ultra-550b,,,8.05e-05,,length,False,0.3571824199752882,False,0.4254623430315405,200,29,89.590075575987,False,False,,,False,,request_payload_sha256_mismatch,32,82.1305559343763,billed_completion_tokens_over_request_minus_streamed_ttft_proxy,control_after,,,,,82.1305559343763,0.3896235650172457,True,68.11668629463796,True,0.0,True,False,0.42574002902256325,orphaned,b93d2d8de6611852f8c72b13807a6d94239aa26a4668c7d7cbac462b55828f1d,,7515d47ba1d17b5ab643a86327a25ab3d303b6e24be30a59c8f007e5b5afb05e,do-close-request-be6828f767779716c9516fba69e4,afdce705ba43d4f8904c612e0ab7906d6d0323ca3ed32bc097fb964268d8d38a,7515d47ba1d17b5ab643a86327a25ab3d303b6e24be30a59c8f007e5b5afb05e,0.815363594039809,,32,tokens,e7b235ba0ce8b0ece5fa982ab96e9f7d6e5a8219d48f4b85e086708619630bdc,,do-hosted-closure-20260825-r1,digitalocean_public_request_v2,True,exact_text,,False,do-close-request-c1793ea8210bff3ba13fdf0648c9,do-close-cell-afdce705ba43d4f8904c612e0ab7906d6d0323ca3ed32bc097fb964268d8d38a,False,29,matched_control_closure,do-hosted-closure-20260825-r1,direct_completion,,2026-08-25T00:42:39.239945+00:00,success,32,reasoning,streamed,0.38990125100826845,,,cap-extended-4,False,valid_ordinary,[],True,0.42574002902256325,parameter_interactions,request_declared
,0,,True,,0,cache_miss_observed,8b66f3fed616343a7c9d97741208e5a21de115c50305b38370a86796a61968de,,,extended-parameters-5,,,do-close-cell-93f94d2f3af893e9ddb5f23302352f3b665a06a42254301f2a4ba3898df34b7e,1,,,True,,,"[""parameter_interactions""]",,,2026-08-25T00:42:40.828255+00:00,nemotron-3-ultra-550b,,,7.96e-05,,length,False,0.3502351899514906,False,0.3979515749961138,200,28,91.36717530991722,False,False,,,False,,request_payload_sha256_mismatch,32,87.75278840044176,billed_completion_tokens_over_request_minus_streamed_ttft_proxy,control_before,,,,,87.75278840044176,0.36466077697696164,True,70.30818961579683,True,0.0,True,False,0.39824663603212684,orphaned,1df0934cf756fd4fa2ff91e7200fcba5839cadedc00d21112a09f598ef22f6e3,,6f76092c6d73ba733450e07241a0c1cf514d46043255ced254292be2104c8c45,do-close-request-75f912ee0605806eac47e15fa38c,93f94d2f3af893e9ddb5f23302352f3b665a06a42254301f2a4ba3898df34b7e,6f76092c6d73ba733450e07241a0c1cf514d46043255ced254292be2104c8c45,0.7629074130090885,,32,tokens,a3626a8696eccfd5ef95ea69e9b1d6567a252829d6e90853faad5400addfa754,,do-hosted-closure-20260825-r1,digitalocean_public_request_v2,True,exact_text,,False,do-close-request-75a4b916fffefbc0997ff189befd,do-close-cell-93f94d2f3af893e9ddb5f23302352f3b665a06a42254301f2a4ba3898df34b7e,False,28,matched_control_closure,do-hosted-closure-20260825-r1,direct_completion,,2026-08-25T00:42:40.064472+00:00,success,32,reasoning,streamed,0.3649558380129747,,,cap-extended-5,False,valid_ordinary,[],True,0.39824663603212684,parameter_interactions,request_declared
,0,,False,,,not_reported_unknown,8b66f3fed616343a7c9d97741208e5a21de115c50305b38370a86796a61968de,,,extended-parameters-5,,inconclusive,do-close-cell-93f94d2f3af893e9ddb5f23302352f3b665a06a42254301f2a4ba3898df34b7e,1,,,True,matched_control_inconclusive,False,"[""parameter_interactions""]",,,2026-08-25T00:42:41.290552+00:00,nemotron-3-ultra-550b,,ProviderHTTPError,0.0008288,,,False,,False,,400,,,False,False,,,False,,request_payload_sha256_mismatch,,,,probe,,,,,,,False,,True,0.0,True,False,,orphaned,1df0934cf756fd4fa2ff91e7200fcba5839cadedc00d21112a09f598ef22f6e3,,8a7476873da88bdbb74acf0c3f8f674997a7a6a0b4fce54f126fbbbbb9fe26fb,do-close-request-75a4b916fffefbc0997ff189befd,93f94d2f3af893e9ddb5f23302352f3b665a06a42254301f2a4ba3898df34b7e,8a7476873da88bdbb74acf0c3f8f674997a7a6a0b4fce54f126fbbbbb9fe26fb,0.4557496240013279,,64,tokens,,,do-hosted-closure-20260825-r1,digitalocean_public_request_v2,False,transport,,True,do-close-request-75a4b916fffefbc0997ff189befd,do-close-cell-93f94d2f3af893e9ddb5f23302352f3b665a06a42254301f2a4ba3898df34b7e,False,,matched_control_closure,do-hosted-closure-20260825-r1,direct_completion,,2026-08-25T00:42:40.834748+00:00,client_rejection,,,unknown,,,,cap-extended-5,False,invalid_or_censored,"[""not_streamed_ttft_unobservable""]",False,,parameter_interactions,request_declared
,0,,True,,0,cache_miss_observed,8b66f3fed616343a7c9d97741208e5a21de115c50305b38370a86796a61968de,,,extended-parameters-5,,,do-close-cell-93f94d2f3af893e9ddb5f23302352f3b665a06a42254301f2a4ba3898df34b7e,1,,,True,,,"[""parameter_interactions""]",,,2026-08-25T00:42:42.250909+00:00,nemotron-3-ultra-550b,,,7.96e-05,,length,False,0.35016053897561505,False,0.5897233969881199,200,28,91.38665394340296,False,False,,,False,,request_payload_sha256_mismatch,32,87.97075908942816,billed_completion_tokens_over_request_minus_streamed_ttft_proxy,control_after,,,,,87.97075908942816,0.3637572340085171,True,47.45252991241445,True,0.0,True,False,0.590063376002945,orphaned,1df0934cf756fd4fa2ff91e7200fcba5839cadedc00d21112a09f598ef22f6e3,,91100d801667667623c8c386f66b7d0d4b73a09ce957e0b260a8750593d4f574,do-close-request-c828c8d87d2273e8737c995c0ff2,93f94d2f3af893e9ddb5f23302352f3b665a06a42254301f2a4ba3898df34b7e,91100d801667667623c8c386f66b7d0d4b73a09ce957e0b260a8750593d4f574,0.9538206100114621,,32,tokens,c20b49442d16b3111e0aa6bcd0e3cba108f4ed536f33c59eb32f629e6c995987,,do-hosted-closure-20260825-r1,digitalocean_public_request_v2,True,exact_text,,False,do-close-request-75a4b916fffefbc0997ff189befd,do-close-cell-93f94d2f3af893e9ddb5f23302352f3b665a06a42254301f2a4ba3898df34b7e,False,28,matched_control_closure,do-hosted-closure-20260825-r1,direct_completion,,2026-08-25T00:42:41.296711+00:00,success,32,reasoning,streamed,0.3640972130233422,,,cap-extended-5,False,valid_ordinary,[],True,0.590063376002945,parameter_interactions,request_declared
,1,,True,,0,cache_miss_observed,8b66f3fed616343a7c9d97741208e5a21de115c50305b38370a86796a61968de,,,cap-pairwise-15,,,do-close-cell-20724cbe2ca1227b7a4b54b6ae9e60290ffd5840072d55c04f5bb8e88900dc0d,1,,,True,,,"[""parameter_interactions""]",,,2026-08-25T00:42:42.332213+00:00,nvidia-nemotron-3-super-120b,,,2.92e-05,,length,False,1.4512488210457377,False,0.4722730109933764,200,28,22.049974846450873,False,False,,,False,,request_payload_sha256_mismatch,32,21.867582291499215,billed_completion_tokens_over_request_minus_streamed_ttft_proxy,control_before,,,,,21.867582291499215,1.4633533590240404,True,59.249480525663564,True,0.0,True,False,0.4725779829896055,orphaned,fde3b62fd641452f84313067d551605963cc02f0e2365271993b41709315c58d,,16d4120778b9a2c24108477b955f0b99d5d6bb3a0ea7425c645034eae71faf95,do-close-request-cc8141c7b9957e7e3ef58e14d044,20724cbe2ca1227b7a4b54b6ae9e60290ffd5840072d55c04f5bb8e88900dc0d,16d4120778b9a2c24108477b955f0b99d5d6bb3a0ea7425c645034eae71faf95,1.935931342013646,,32,tokens,df523231f0a4a110adffe4bf889bcd2b1d25e85cb93177c79bbe1dd3b5ae9872,,do-hosted-closure-20260825-r1,digitalocean_public_request_v2,True,exact_text,,False,do-close-request-ba36865f5596cbe7b66e35e791b5,do-close-cell-20724cbe2ca1227b7a4b54b6ae9e60290ffd5840072d55c04f5bb8e88900dc0d,False,28,matched_control_closure,do-hosted-closure-20260825-r1,direct_completion,,2026-08-25T00:42:40.395945+00:00,success,32,reasoning,streamed,1.4636583310202695,,,cap-pairwise-15,False,valid_ordinary,[],True,0.4725779829896055,parameter_interactions,request_declared
,0,,True,,0,cache_miss_observed,8b66f3fed616343a7c9d97741208e5a21de115c50305b38370a86796a61968de,,,max-tokens-high,,,do-close-cell-f791787ecc8e2bdb3a88f744a6a82f959e113ad80599d211af42cdab03f5fbca,1,,,True,,,"[""output_length""]",,,2026-08-25T00:42:43.906298+00:00,nemotron-3-ultra-550b,,,7.96e-05,,length,False,0.40731999900890514,False,1.1097299969987944,200,28,78.56230992306467,False,False,,,False,,request_payload_sha256_mismatch,32,62.31429342672276,billed_completion_tokens_over_request_minus_streamed_ttft_proxy,control_before,,,,,62.31429342672276,0.5135258419904858,True,24.72299814250621,True,0.0,True,False,1.132548724010121,orphaned,246c84bb2c580fb3d9ae50a71892b47591326753a9b58684b9053734a961c4db,,cf2ec337d8dec63bf8b71a1a5c138ff1303184de4b780cede7ade8ad173ef5d3,do-close-request-e2f599374bc01a95e789305e3248,f791787ecc8e2bdb3a88f744a6a82f959e113ad80599d211af42cdab03f5fbca,cf2ec337d8dec63bf8b71a1a5c138ff1303184de4b780cede7ade8ad173ef5d3,1.6460745660006069,,32,tokens,cb752463231d0c66f030f03998a1bf486678d08030ee7ddc1c137dcfb12c3091,,do-hosted-closure-20260825-r1,digitalocean_public_request_v2,True,exact_text,,False,do-close-request-7e9cd05cba72d2087d66a4bd4f74,do-close-cell-f791787ecc8e2bdb3a88f744a6a82f959e113ad80599d211af42cdab03f5fbca,False,28,matched_control_closure,do-hosted-closure-20260825-r1,direct_completion,,2026-08-25T00:42:42.259132+00:00,success,32,reasoning,streamed,0.5363445690018125,,,cap-max-tokens-high,False,valid_ordinary,[],True,1.132548724010121,output_length,request_declared
,1,,False,,,not_reported_unknown,8b66f3fed616343a7c9d97741208e5a21de115c50305b38370a86796a61968de,,,cap-pairwise-15,,inconclusive,do-close-cell-20724cbe2ca1227b7a4b54b6ae9e60290ffd5840072d55c04f5bb8e88900dc0d,1,,,True,matched_control_inconclusive,False,"[""parameter_interactions""]",,,2026-08-25T00:42:44.077692+00:00,nvidia-nemotron-3-super-120b,,ProviderHTTPError,0.0030449,,,False,,False,,500,,,False,False,,,False,,request_payload_sha256_mismatch,,,,probe,,,,,,,False,,True,0.0,True,False,,orphaned,fde3b62fd641452f84313067d551605963cc02f0e2365271993b41709315c58d,,98dfb2d172b0ca24c5f113589ae83697ac643d3205e2113311fd6ceb5237f4ee,do-close-request-ba36865f5596cbe7b66e35e791b5,20724cbe2ca1227b7a4b54b6ae9e60290ffd5840072d55c04f5bb8e88900dc0d,98dfb2d172b0ca24c5f113589ae83697ac643d3205e2113311fd6ceb5237f4ee,1.7386495539685711,,4096,tokens,,,do-hosted-closure-20260825-r1,digitalocean_public_request_v2,False,transport,,True,do-close-request-ba36865f5596cbe7b66e35e791b5,do-close-cell-20724cbe2ca1227b7a4b54b6ae9e60290ffd5840072d55c04f5bb8e88900dc0d,True,,matched_control_closure,do-hosted-closure-20260825-r1,direct_completion,,2026-08-25T00:42:42.338958+00:00,provider_error,,,unknown,,,,cap-pairwise-15,False,invalid_or_censored,"[""not_streamed_ttft_unobservable""]",False,,parameter_interactions,request_declared
,0,,False,,,not_reported_unknown,8b66f3fed616343a7c9d97741208e5a21de115c50305b38370a86796a61968de,,,max-tokens-high,,inconclusive,do-close-cell-f791787ecc8e2bdb3a88f744a6a82f959e113ad80599d211af42cdab03f5fbca,1,,,True,matched_control_inconclusive,False,"[""output_length""]",,,2026-08-25T00:42:44.326956+00:00,nemotron-3-ultra-550b,,ProviderHTTPError,0.223447,,,False,,False,,400,,,False,False,,,False,,request_payload_sha256_mismatch,,,,probe,,,,,,,False,,True,0.0,True,False,,orphaned,246c84bb2c580fb3d9ae50a71892b47591326753a9b58684b9053734a961c4db,,2542684d0144ba444f4c80b8cdd95a2f521070aa0b41271e7e022a2c2b28811a,do-close-request-7e9cd05cba72d2087d66a4bd4f74,f791787ecc8e2bdb3a88f744a6a82f959e113ad80599d211af42cdab03f5fbca,2542684d0144ba444f4c80b8cdd95a2f521070aa0b41271e7e022a2c2b28811a,0.4138654030393809,,131072,tokens,,,do-hosted-closure-20260825-r1,digitalocean_public_request_v2,False,transport,,True,do-close-request-7e9cd05cba72d2087d66a4bd4f74,do-close-cell-f791787ecc8e2bdb3a88f744a6a82f959e113ad80599d211af42cdab03f5fbca,False,,matched_control_closure,do-hosted-closure-20260825-r1,direct_completion,,2026-08-25T00:42:43.913030+00:00,client_rejection,,,unknown,,,,cap-max-tokens-high,False,invalid_or_censored,"[""not_streamed_ttft_unobservable""]",False,,output_length,request_declared
,0,,True,,0,cache_miss_observed,8b66f3fed616343a7c9d97741208e5a21de115c50305b38370a86796a61968de,,,max-tokens-high,,,do-close-cell-f791787ecc8e2bdb3a88f744a6a82f959e113ad80599d211af42cdab03f5fbca,1,,,True,,,"[""output_length""]",,,2026-08-25T00:42:45.329670+00:00,nemotron-3-ultra-550b,,,7.96e-05,,length,False,0.41002465900965035,False,0.48757558898068964,200,28,78.0440866100369,False,False,,,False,,request_payload_sha256_mismatch,32,64.75596750897077,billed_completion_tokens_over_request_minus_streamed_ttft_proxy,control_after,,,,,64.75596750897077,0.49416295101400465,True,55.73559268870727,True,0.0,True,False,0.5023719790042378,orphaned,246c84bb2c580fb3d9ae50a71892b47591326753a9b58684b9053734a961c4db,,4c0e08363b61bd56b089bcdee0ccdd686ee9e6ec6b02d8e002c21a3d95d5fcfd,do-close-request-21cfddc90486aae0c33c6bda9c79,f791787ecc8e2bdb3a88f744a6a82f959e113ad80599d211af42cdab03f5fbca,4c0e08363b61bd56b089bcdee0ccdd686ee9e6ec6b02d8e002c21a3d95d5fcfd,0.9965349300182424,,32,tokens,48eb58925a3d81d347d9020e7ff9234836a8473016c7187f7eca271e57889f80,,do-hosted-closure-20260825-r1,digitalocean_public_request_v2,True,exact_text,,False,do-close-request-7e9cd05cba72d2087d66a4bd4f74,do-close-cell-f791787ecc8e2bdb3a88f744a6a82f959e113ad80599d211af42cdab03f5fbca,False,28,matched_control_closure,do-hosted-closure-20260825-r1,direct_completion,,2026-08-25T00:42:44.332752+00:00,success,31,reasoning,streamed,0.5089593410375528,,,cap-max-tokens-high,False,valid_ordinary,[],True,0.5023719790042378,output_length,request_declared
,1,,True,,0,cache_miss_observed,8b66f3fed616343a7c9d97741208e5a21de115c50305b38370a86796a61968de,,,cap-pairwise-15,,,do-close-cell-20724cbe2ca1227b7a4b54b6ae9e60290ffd5840072d55c04f5bb8e88900dc0d,1,,,True,,,"[""parameter_interactions""]",,,2026-08-25T00:42:46.204339+00:00,nvidia-nemotron-3-super-120b,,,2.92e-05,,length,False,1.5328446280327626,False,0.5525661520077847,200,28,20.87621890358743,False,False,,,False,,request_payload_sha256_mismatch,32,20.416033619790134,billed_completion_tokens_over_request_minus_streamed_ttft_proxy,control_after,,,,,20.416033619790134,1.5673955380334519,True,50.644663887702414,True,0.0,True,False,0.5528716719709337,orphaned,fde3b62fd641452f84313067d551605963cc02f0e2365271993b41709315c58d,,3005cceabb2b9fdfa48dacf98f2b79934a113cf9b1a41dfdb3dc60f52cfcc383,do-close-request-4249efcde8a178caf2096a2e18a0,20724cbe2ca1227b7a4b54b6ae9e60290ffd5840072d55c04f5bb8e88900dc0d,3005cceabb2b9fdfa48dacf98f2b79934a113cf9b1a41dfdb3dc60f52cfcc383,2.1202672100043856,,32,tokens,8552c3c0892b95cb4e318b21ca82c52576f57d38d3d3c998f434fe0087781468,,do-hosted-closure-20260825-r1,digitalocean_public_request_v2,True,exact_text,,False,do-close-request-ba36865f5596cbe7b66e35e791b5,do-close-cell-20724cbe2ca1227b7a4b54b6ae9e60290ffd5840072d55c04f5bb8e88900dc0d,False,28,matched_control_closure,do-hosted-closure-20260825-r1,direct_completion,,2026-08-25T00:42:44.083708+00:00,success,32,reasoning,streamed,1.5677010579966009,,,cap-pairwise-15,False,valid_ordinary,[],True,0.5528716719709337,parameter_interactions,request_declared
,0,,True,,0,cache_miss_observed,8b66f3fed616343a7c9d97741208e5a21de115c50305b38370a86796a61968de,,,cap-pairwise-16,,,do-close-cell-f7fafdc5ac993324ee019c01fe091222eb0652af8abc30a8fb9b1f5490b92978,1,,,True,,,"[""parameter_interactions""]",,,2026-08-25T00:42:54.868149+00:00,nvidia-nemotron-3-super-120b,,,2.95e-05,,length,False,1.5065826149657369,False,3.124363793001976,200,29,21.240122965794182,False,False,,,False,,request_payload_sha256_mismatch,32,20.92189712668448,billed_completion_tokens_over_request_minus_streamed_ttft_proxy,control_before,,,,,20.92189712668448,1.5294980090111494,True,9.280978274506689,True,0.0,True,False,3.124670605000574,orphaned,fd52610696e4a4834b16009d8de6c3ae1b89d2b4f57fb70732c19c92cbd9b73e,,92d9385275215b298e466f4c6008da9634090a2535bad227ffcbb5df5024927f,do-close-request-9cd8091c163ae0af1ba35c2c7ed5,f7fafdc5ac993324ee019c01fe091222eb0652af8abc30a8fb9b1f5490b92978,92d9385275215b298e466f4c6008da9634090a2535bad227ffcbb5df5024927f,4.6541686140117235,,32,tokens,0da20d87e2caf857eec14793e097557044d1af231c15fe1fe0d9091620e43c0d,,do-hosted-closure-20260825-r1,digitalocean_public_request_v2,True,exact_text,,False,do-close-request-1a1c26ed8fcf179efd61f62ca5c5,do-close-cell-f7fafdc5ac993324ee019c01fe091222eb0652af8abc30a8fb9b1f5490b92978,False,29,matched_control_closure,do-hosted-closure-20260825-r1,direct_completion,,2026-08-25T00:42:50.213360+00:00,success,30,reasoning,streamed,1.5298048210097477,,,cap-pairwise-16,False,valid_ordinary,[],True,3.124670605000574,parameter_interactions,request_declared
,0,,False,,,not_reported_unknown,8b66f3fed616343a7c9d97741208e5a21de115c50305b38370a86796a61968de,,,cap-pairwise-16,,inconclusive,do-close-cell-f7fafdc5ac993324ee019c01fe091222eb0652af8abc30a8fb9b1f5490b92978,1,,,True,matched_control_inconclusive,False,"[""parameter_interactions""]",,,2026-08-25T00:42:55.176091+00:00,nvidia-nemotron-3-super-120b,,ProviderHTTPError,0.0003971,,,False,,False,,400,,,False,False,,,False,,request_payload_sha256_mismatch,,,,probe,,,,,,,False,,True,0.0,True,False,,orphaned,fd52610696e4a4834b16009d8de6c3ae1b89d2b4f57fb70732c19c92cbd9b73e,,a3e2b31cd4adc0dc8a9dd3865e87b05d367d9199904ef73f201a3fbedb51fba8,do-close-request-1a1c26ed8fcf179efd61f62ca5c5,f7fafdc5ac993324ee019c01fe091222eb0652af8abc30a8fb9b1f5490b92978,a3e2b31cd4adc0dc8a9dd3865e87b05d367d9199904ef73f201a3fbedb51fba8,0.3015331400092691,,64,tokens,,,do-hosted-closure-20260825-r1,digitalocean_public_request_v2,False,transport,,True,do-close-request-1a1c26ed8fcf179efd61f62ca5c5,do-close-cell-f7fafdc5ac993324ee019c01fe091222eb0652af8abc30a8fb9b1f5490b92978,False,,matched_control_closure,do-hosted-closure-20260825-r1,direct_completion,,2026-08-25T00:42:54.874505+00:00,client_rejection,,,unknown,,,,cap-pairwise-16,False,invalid_or_censored,"[""not_streamed_ttft_unobservable""]",False,,parameter_interactions,request_declared
,0,,True,,0,cache_miss_observed,8b66f3fed616343a7c9d97741208e5a21de115c50305b38370a86796a61968de,,,cap-pairwise-16,,,do-close-cell-f7fafdc5ac993324ee019c01fe091222eb0652af8abc30a8fb9b1f5490b92978,1,,,True,,,"[""parameter_interactions""]",,,2026-08-25T00:42:57.140122+00:00,nvidia-nemotron-3-super-120b,,,2.95e-05,,length,False,1.0187917010043748,False,0.46029315900523216,200,29,31.409757233449028,False,False,,,False,,request_payload_sha256_mismatch,32,30.115452754706798,billed_completion_tokens_over_request_minus_streamed_ttft_proxy,control_after,,,,,30.115452754706798,1.0625774170039222,True,32.41336748719261,True,0.0,True,False,0.8946925990167074,orphaned,fd52610696e4a4834b16009d8de6c3ae1b89d2b4f57fb70732c19c92cbd9b73e,,b74772206ddb89214c4ed9d4e77f1aa95e85feae9d321edbe359041ef1fe2b95,do-close-request-9b00c1ca159d427f2bfcee7a28a1,f7fafdc5ac993324ee019c01fe091222eb0652af8abc30a8fb9b1f5490b92978,b74772206ddb89214c4ed9d4e77f1aa95e85feae9d321edbe359041ef1fe2b95,1.9572700160206296,,32,tokens,0da20d87e2caf857eec14793e097557044d1af231c15fe1fe0d9091620e43c0d,,do-hosted-closure-20260825-r1,digitalocean_public_request_v2,True,exact_text,,False,do-close-request-1a1c26ed8fcf179efd61f62ca5c5,do-close-cell-f7fafdc5ac993324ee019c01fe091222eb0652af8abc30a8fb9b1f5490b92978,False,29,matched_control_closure,do-hosted-closure-20260825-r1,direct_completion,,2026-08-25T00:42:55.182469+00:00,success,30,reasoning,streamed,1.4969768570153974,,,cap-pairwise-16,False,valid_ordinary,[],True,0.8946925990167074,parameter_interactions,request_declared
,0,,True,,0,cache_miss_observed,8b66f3fed616343a7c9d97741208e5a21de115c50305b38370a86796a61968de,,,realized-output-1024,,accepted,do-close-cell-181527048d645b2de351feda758e764091d3cd2da004d67ae5a16d019452e677,1,,,True,accepted,True,"[""output_length""]",,,2026-08-25T00:42:57.655741+00:00,nemotron-3-ultra-550b,,,0.0017822,,length,False,11.673599109984934,False,0.5698861450073309,200,46,87.71930493348263,False,False,,,False,,request_payload_sha256_mismatch,1024,87.17777343515263,billed_completion_tokens_over_request_minus_streamed_ttft_proxy,probe,,,,,87.17777343515263,11.746113253990188,True,80.67981371801447,True,0.0,True,False,0.5701550100347959,orphaned,181527048d645b2de351feda758e764091d3cd2da004d67ae5a16d019452e677,,448e5f95e5d5c6a333095fe43490e6252f64e27fbcd164385839a6c1fa2b42ca,do-close-request-7fdb2e5527814fc5970b04fc0979,181527048d645b2de351feda758e764091d3cd2da004d67ae5a16d019452e677,448e5f95e5d5c6a333095fe43490e6252f64e27fbcd164385839a6c1fa2b42ca,12.316268264024984,,1024,tokens,ffe4c33727f2c2665f360a1498cb76aacf97e25e757f9b8198a22935e7376f41,,do-hosted-closure-20260825-r1,digitalocean_public_request_v2,True,controlled_words,,True,do-close-request-7fdb2e5527814fc5970b04fc0979,do-close-cell-181527048d645b2de351feda758e764091d3cd2da004d67ae5a16d019452e677,False,46,matched_control_closure,do-hosted-closure-20260825-r1,direct_completion,,2026-08-25T00:42:45.338995+00:00,success,1024,reasoning,streamed,11.746382119017653,,,realized-output-1024,False,valid_ordinary,[],True,0.5701550100347959,output_length,request_declared
,0,,True,,0,cache_miss_observed,8b66f3fed616343a7c9d97741208e5a21de115c50305b38370a86796a61968de,,,cap-pairwise-23,,,do-close-cell-7507519d4ac611ac3912f65e5cb604868df5509b82038f8dbb1b5f449f95c5a4,1,,,True,,,"[""structured_output""]",,,2026-08-25T00:42:59.596692+00:00,nvidia-nemotron-3-super-120b,,,2.95e-05,,length,False,1.769926457956899,False,0.6561841029906645,200,29,18.079847247969248,False,False,,,False,,request_payload_sha256_mismatch,32,17.86136185621978,billed_completion_tokens_over_request_minus_streamed_ttft_proxy,control_before,,,,,17.86136185621978,1.7915767150116153,True,44.17368453606903,True,0.0,True,False,0.65649945900077,orphaned,911857601b6c8e711723de1ecc778b8fd5334518b17947153d9a5ed010ce6262,,600a0d8f422654f3e63048053b738189b3dd087e715fc61a3231dfca28acf7b3,do-close-request-266c00ce7092d14ca75037a47d5f,7507519d4ac611ac3912f65e5cb604868df5509b82038f8dbb1b5f449f95c5a4,600a0d8f422654f3e63048053b738189b3dd087e715fc61a3231dfca28acf7b3,2.4480761740123853,,32,tokens,5991cf5eb5863e3a07e59ecb620146860c63868d7ccd76cb87af29ecd5ca83e6,,do-hosted-closure-20260825-r1,digitalocean_public_request_v2,True,exact_text,,False,do-close-request-d4e8cdd161c5a199fc6a8f6c5797,do-close-cell-7507519d4ac611ac3912f65e5cb604868df5509b82038f8dbb1b5f449f95c5a4,False,29,matched_control_closure,do-hosted-closure-20260825-r1,direct_completion,,2026-08-25T00:42:57.148234+00:00,success,31,reasoning,streamed,1.7918920710217208,,,cap-pairwise-23,False,valid_ordinary,[],True,0.65649945900077,structured_output,request_declared
,0,,True,,0,cache_miss_observed,8b66f3fed616343a7c9d97741208e5a21de115c50305b38370a86796a61968de,,,realized-output-256,,accepted,do-close-cell-a7a7d3abc682bcff56142575a334174d8b06a0f99dac9316f78f7aae446e8ad3,1,,,True,accepted,True,"[""output_length""]",,,2026-08-25T00:43:01.432904+00:00,nemotron-3-ultra-550b,,,0.0004766,,length,False,3.407755758962594,False,0.33998738101217896,200,46,75.12275471230744,False,False,,,False,,request_payload_sha256_mismatch,256,74.67772308678047,billed_completion_tokens_over_request_minus_streamed_ttft_proxy,probe,,,,,74.67772308678047,3.428063810977619,True,135.09876403506374,True,0.0,True,False,0.34049164201132953,orphaned,a7a7d3abc682bcff56142575a334174d8b06a0f99dac9316f78f7aae446e8ad3,,6b6cb3a60e64a6b816a21d5235470f75f96e4a9f764c65a3786ea20214989201,do-close-request-f2f8cf46acec09dfdb4f335d3cb8,a7a7d3abc682bcff56142575a334174d8b06a0f99dac9316f78f7aae446e8ad3,6b6cb3a60e64a6b816a21d5235470f75f96e4a9f764c65a3786ea20214989201,3.7685554529889487,,256,tokens,efbb469ddb5463c655074f8ae2a246be8dcac4764c00fb9d13eb9106708a8b41,,do-hosted-closure-20260825-r1,digitalocean_public_request_v2,True,controlled_words,,True,do-close-request-f2f8cf46acec09dfdb4f335d3cb8,do-close-cell-a7a7d3abc682bcff56142575a334174d8b06a0f99dac9316f78f7aae446e8ad3,False,46,matched_control_closure,do-hosted-closure-20260825-r1,direct_completion,,2026-08-25T00:42:57.663973+00:00,success,256,reasoning,streamed,3.4285680719767697,,,realized-output-256,False,valid_ordinary,[],True,0.34049164201132953,output_length,request_declared
,0,,False,,,not_reported_unknown,8b66f3fed616343a7c9d97741208e5a21de115c50305b38370a86796a61968de,,,cap-pairwise-23,,,do-close-cell-7507519d4ac611ac3912f65e5cb604868df5509b82038f8dbb1b5f449f95c5a4,1,,,True,,,"[""structured_output""]",,,2026-08-25T00:43:02.396617+00:00,nvidia-nemotron-3-super-120b,,ProviderHTTPError,0.0031238000000000004,,,False,,False,,500,,,False,False,,,False,,request_payload_sha256_mismatch,,,,probe,,,,,,,False,,True,0.0,True,False,,orphaned,911857601b6c8e711723de1ecc778b8fd5334518b17947153d9a5ed010ce6262,,d346764d85b9b806e421275122da245c314797b1fb2f0415fb5a4212549481e0,do-close-request-baa347b25c6859f2272809a7ced6,7507519d4ac611ac3912f65e5cb604868df5509b82038f8dbb1b5f449f95c5a4,d346764d85b9b806e421275122da245c314797b1fb2f0415fb5a4212549481e0,2.793700180016458,,4096,tokens,,,do-hosted-closure-20260825-r1,digitalocean_public_request_v2,False,transport,,False,do-close-request-d4e8cdd161c5a199fc6a8f6c5797,do-close-cell-7507519d4ac611ac3912f65e5cb604868df5509b82038f8dbb1b5f449f95c5a4,True,,matched_control_closure,do-hosted-closure-20260825-r1,direct_completion,,2026-08-25T00:42:59.602840+00:00,provider_error,,,unknown,,,,cap-pairwise-23,False,invalid_or_censored,"[""not_streamed_ttft_unobservable""]",False,,structured_output,request_declared
,0,,True,,0,cache_miss_observed,8b66f3fed616343a7c9d97741208e5a21de115c50305b38370a86796a61968de,,,cap-pairwise-23,,,do-close-cell-7507519d4ac611ac3912f65e5cb604868df5509b82038f8dbb1b5f449f95c5a4,1,,,True,,,"[""structured_output""]",,,2026-08-25T00:43:04.400729+00:00,nvidia-nemotron-3-super-120b,,,2.95e-05,,length,False,1.4639471879927441,False,0.47344961698399857,200,29,21.858712023536878,False,False,,,False,,request_payload_sha256_mismatch,32,20.997385730825197,billed_completion_tokens_over_request_minus_streamed_ttft_proxy,control_after,,,,,20.997385730825197,1.523999244964216,True,61.21803019323616,True,0.0,True,False,0.4737166470149532,orphaned,911857601b6c8e711723de1ecc778b8fd5334518b17947153d9a5ed010ce6262,,0b9b64d9f57a0fc715851211e1f35dc3c2b3536305ef58b5c38e8c423fd49d57,do-close-request-9b7c7910d580e085f57e28e5b194,7507519d4ac611ac3912f65e5cb604868df5509b82038f8dbb1b5f449f95c5a4,0b9b64d9f57a0fc715851211e1f35dc3c2b3536305ef58b5c38e8c423fd49d57,1.997715891979169,,32,tokens,5991cf5eb5863e3a07e59ecb620146860c63868d7ccd76cb87af29ecd5ca83e6,,do-hosted-closure-20260825-r1,digitalocean_public_request_v2,True,exact_text,,False,do-close-request-d4e8cdd161c5a199fc6a8f6c5797,do-close-cell-7507519d4ac611ac3912f65e5cb604868df5509b82038f8dbb1b5f449f95c5a4,False,29,matched_control_closure,do-hosted-closure-20260825-r1,direct_completion,,2026-08-25T00:43:02.402615+00:00,success,31,reasoning,streamed,1.5242662749951705,,,cap-pairwise-23,False,valid_ordinary,[],True,0.4737166470149532,structured_output,request_declared
,1,,True,,0,cache_miss_observed,8b66f3fed616343a7c9d97741208e5a21de115c50305b38370a86796a61968de,,,cap-pairwise-23,,,do-close-cell-7507519d4ac611ac3912f65e5cb604868df5509b82038f8dbb1b5f449f95c5a4,1,,,True,,,"[""structured_output""]",,,2026-08-25T00:43:08.376519+00:00,nvidia-nemotron-3-super-120b,,,2.95e-05,,length,False,1.464583881024737,False,0.4531011470244266,200,29,21.849209468023304,False,False,,,False,,request_payload_sha256_mismatch,32,21.13771138127301,billed_completion_tokens_over_request_minus_streamed_ttft_proxy,control_before,,,,,21.13771138127301,1.51388196303742,True,63.96614385990607,True,0.0,True,False,0.45336483098799363,orphaned,911857601b6c8e711723de1ecc778b8fd5334518b17947153d9a5ed010ce6262,,600a0d8f422654f3e63048053b738189b3dd087e715fc61a3231dfca28acf7b3,do-close-request-95308c68c00358b5e56092a5069f,7507519d4ac611ac3912f65e5cb604868df5509b82038f8dbb1b5f449f95c5a4,600a0d8f422654f3e63048053b738189b3dd087e715fc61a3231dfca28acf7b3,1.9672467940254137,,32,tokens,5991cf5eb5863e3a07e59ecb620146860c63868d7ccd76cb87af29ecd5ca83e6,,do-hosted-closure-20260825-r1,digitalocean_public_request_v2,True,exact_text,,False,do-close-request-d4e8cdd161c5a199fc6a8f6c5797,do-close-cell-7507519d4ac611ac3912f65e5cb604868df5509b82038f8dbb1b5f449f95c5a4,False,29,matched_control_closure,do-hosted-closure-20260825-r1,direct_completion,,2026-08-25T00:43:06.408917+00:00,success,31,reasoning,streamed,1.514145647000987,,,cap-pairwise-23,False,valid_ordinary,[],True,0.45336483098799363,structured_output,request_declared
,1,,False,,,not_reported_unknown,8b66f3fed616343a7c9d97741208e5a21de115c50305b38370a86796a61968de,,,cap-pairwise-23,,inconclusive,do-close-cell-7507519d4ac611ac3912f65e5cb604868df5509b82038f8dbb1b5f449f95c5a4,1,,,True,matched_control_inconclusive,False,"[""structured_output""]",,,2026-08-25T00:43:09.582332+00:00,nvidia-nemotron-3-super-120b,,ProviderHTTPError,0.0031238000000000004,,,False,,False,,500,,,False,False,,,False,,request_payload_sha256_mismatch,,,,probe,,,,,,,False,,True,0.0,True,False,,orphaned,911857601b6c8e711723de1ecc778b8fd5334518b17947153d9a5ed010ce6262,,d346764d85b9b806e421275122da245c314797b1fb2f0415fb5a4212549481e0,do-close-request-d4e8cdd161c5a199fc6a8f6c5797,7507519d4ac611ac3912f65e5cb604868df5509b82038f8dbb1b5f449f95c5a4,d346764d85b9b806e421275122da245c314797b1fb2f0415fb5a4212549481e0,1.199547440977767,,4096,tokens,,,do-hosted-closure-20260825-r1,digitalocean_public_request_v2,False,transport,,True,do-close-request-d4e8cdd161c5a199fc6a8f6c5797,do-close-cell-7507519d4ac611ac3912f65e5cb604868df5509b82038f8dbb1b5f449f95c5a4,True,,matched_control_closure,do-hosted-closure-20260825-r1,direct_completion,,2026-08-25T00:43:08.382727+00:00,provider_error,,,unknown,,,,cap-pairwise-23,False,invalid_or_censored,"[""not_streamed_ttft_unobservable""]",False,,structured_output,request_declared
,1,,True,,0,cache_miss_observed,8b66f3fed616343a7c9d97741208e5a21de115c50305b38370a86796a61968de,,,cap-pairwise-23,,,do-close-cell-7507519d4ac611ac3912f65e5cb604868df5509b82038f8dbb1b5f449f95c5a4,1,,,True,,,"[""structured_output""]",,,2026-08-25T00:43:12.192228+00:00,nvidia-nemotron-3-super-120b,,,2.95e-05,,length,False,1.882537652971223,False,0.7005366299999878,200,29,16.998331985282825,False,False,,,False,,request_payload_sha256_mismatch,32,16.82675640953747,billed_completion_tokens_over_request_minus_streamed_ttft_proxy,control_after,,,,,16.82675640953747,1.9017331220093183,True,41.34706148420687,True,0.0,True,False,0.7013799520209432,orphaned,911857601b6c8e711723de1ecc778b8fd5334518b17947153d9a5ed010ce6262,,0b9b64d9f57a0fc715851211e1f35dc3c2b3536305ef58b5c38e8c423fd49d57,do-close-request-d61a76afdce02d73adce0c396f48,7507519d4ac611ac3912f65e5cb604868df5509b82038f8dbb1b5f449f95c5a4,0b9b64d9f57a0fc715851211e1f35dc3c2b3536305ef58b5c38e8c423fd49d57,2.6031130740302615,,32,tokens,5991cf5eb5863e3a07e59ecb620146860c63868d7ccd76cb87af29ecd5ca83e6,,do-hosted-closure-20260825-r1,digitalocean_public_request_v2,True,exact_text,,False,do-close-request-d4e8cdd161c5a199fc6a8f6c5797,do-close-cell-7507519d4ac611ac3912f65e5cb604868df5509b82038f8dbb1b5f449f95c5a4,False,29,matched_control_closure,do-hosted-closure-20260825-r1,direct_completion,,2026-08-25T00:43:09.588403+00:00,success,31,reasoning,streamed,1.9025764440302737,,,cap-pairwise-23,False,valid_ordinary,[],True,0.7013799520209432,structured_output,request_declared
,0,,True,,0,cache_miss_observed,8b66f3fed616343a7c9d97741208e5a21de115c50305b38370a86796a61968de,,,cap-pairwise-24,,,do-close-cell-ef05ad65bd5df3b9071ce81d6ac425dd25d1e8a396bc97f5cb8abc3af244419f,1,,,True,,,"[""parameter_interactions""]",,,2026-08-25T00:43:18.394221+00:00,nvidia-nemotron-3-super-120b,,,2.92e-05,,length,False,1.6255176470149308,False,0.5389715820201673,200,28,19.686036665774857,False,False,,,False,,request_payload_sha256_mismatch,32,19.374796824249206,billed_completion_tokens_over_request_minus_streamed_ttft_proxy,control_before,,,,,19.374796824249206,1.6516302230302244,True,51.92505791638594,True,0.0,True,False,0.5392386859748513,orphaned,ef8524ba673196bb6c86be8ceb66e2fdef8e0ebb1f01698f42b27a286d5e765f,,802e93bf35f14cbe33eefac30d44217a9d8f66cafa04f67226a3a950eef66d92,do-close-request-4b046d022e127d7fd6e5e5cdd413,ef05ad65bd5df3b9071ce81d6ac425dd25d1e8a396bc97f5cb8abc3af244419f,802e93bf35f14cbe33eefac30d44217a9d8f66cafa04f67226a3a950eef66d92,2.1908689090050757,,32,tokens,cac5520608a2d34ee30518c5779d23a7b8e24b68613d80a909172a5a8e5c6ee1,,do-hosted-closure-20260825-r1,digitalocean_public_request_v2,True,exact_text,,False,do-close-request-6748f5e69bb782351b40f3ee9ab0,do-close-cell-ef05ad65bd5df3b9071ce81d6ac425dd25d1e8a396bc97f5cb8abc3af244419f,False,28,matched_control_closure,do-hosted-closure-20260825-r1,direct_completion,,2026-08-25T00:43:16.202466+00:00,success,32,reasoning,streamed,1.6518973269849084,,,cap-pairwise-24,False,valid_ordinary,[],True,0.5392386859748513,parameter_interactions,request_declared
,0,,False,,,not_reported_unknown,8b66f3fed616343a7c9d97741208e5a21de115c50305b38370a86796a61968de,,,cap-pairwise-24,,,do-close-cell-ef05ad65bd5df3b9071ce81d6ac425dd25d1e8a396bc97f5cb8abc3af244419f,1,,,True,,,"[""parameter_interactions""]",,,2026-08-25T00:43:19.488207+00:00,nvidia-nemotron-3-super-120b,,ProviderHTTPError,0.0007234,,,False,,False,,500,,,False,False,,,False,,request_payload_sha256_mismatch,,,,probe,,,,,,,False,,True,0.0,True,False,,orphaned,ef8524ba673196bb6c86be8ceb66e2fdef8e0ebb1f01698f42b27a286d5e765f,,3e157d3689b8822bf4bef0fdb16d13ed242fc830a79b92b8f612065beb73c473,do-close-request-6a2bdfa9e4f0a7b0794ce90157f1,ef05ad65bd5df3b9071ce81d6ac425dd25d1e8a396bc97f5cb8abc3af244419f,3e157d3689b8822bf4bef0fdb16d13ed242fc830a79b92b8f612065beb73c473,1.0874173429911025,,512,tokens,,,do-hosted-closure-20260825-r1,digitalocean_public_request_v2,False,transport,,False,do-close-request-6748f5e69bb782351b40f3ee9ab0,do-close-cell-ef05ad65bd5df3b9071ce81d6ac425dd25d1e8a396bc97f5cb8abc3af244419f,True,,matched_control_closure,do-hosted-closure-20260825-r1,direct_completion,,2026-08-25T00:43:18.400737+00:00,provider_error,,,unknown,,,,cap-pairwise-24,False,invalid_or_censored,"[""not_streamed_ttft_unobservable""]",False,,parameter_interactions,request_declared
,0,,True,,0,cache_miss_observed,8b66f3fed616343a7c9d97741208e5a21de115c50305b38370a86796a61968de,,,cap-pairwise-24,,,do-close-cell-ef05ad65bd5df3b9071ce81d6ac425dd25d1e8a396bc97f5cb8abc3af244419f,1,,,True,,,"[""parameter_interactions""]",,,2026-08-25T00:43:21.452373+00:00,nvidia-nemotron-3-super-120b,,,2.92e-05,,length,False,1.4664845219813287,False,0.4525100580067374,200,28,21.820891745086843,False,False,,,False,,request_payload_sha256_mismatch,32,21.26108588164088,billed_completion_tokens_over_request_minus_streamed_ttft_proxy,control_after,,,,,21.26108588164088,1.505097160988953,True,61.8100658375667,True,0.0,True,False,0.4530006499844603,orphaned,ef8524ba673196bb6c86be8ceb66e2fdef8e0ebb1f01698f42b27a286d5e765f,,e602dce040626a0e6994945daa8fee64706fe05dbb2bab5757b83428f3bad331,do-close-request-fa74ff65217b4c68f8891adc1fef,ef05ad65bd5df3b9071ce81d6ac425dd25d1e8a396bc97f5cb8abc3af244419f,e602dce040626a0e6994945daa8fee64706fe05dbb2bab5757b83428f3bad331,1.9580978109734133,,32,tokens,7fd5ee21bc8edef82919c3c689a269ea2b085ffcfaf3fa37bf35c7dee13f10e6,,do-hosted-closure-20260825-r1,digitalocean_public_request_v2,True,exact_text,,False,do-close-request-6748f5e69bb782351b40f3ee9ab0,do-close-cell-ef05ad65bd5df3b9071ce81d6ac425dd25d1e8a396bc97f5cb8abc3af244419f,False,28,matched_control_closure,do-hosted-closure-20260825-r1,direct_completion,,2026-08-25T00:43:19.493942+00:00,success,30,reasoning,streamed,1.505587752966676,,,cap-pairwise-24,False,valid_ordinary,[],True,0.4530006499844603,parameter_interactions,request_declared
,1,,True,,0,cache_miss_observed,8b66f3fed616343a7c9d97741208e5a21de115c50305b38370a86796a61968de,,,cap-pairwise-24,,,do-close-cell-ef05ad65bd5df3b9071ce81d6ac425dd25d1e8a396bc97f5cb8abc3af244419f,1,,,True,,,"[""parameter_interactions""]",,,2026-08-25T00:43:25.542770+00:00,nvidia-nemotron-3-super-120b,,,2.92e-05,,length,False,1.6185729100252502,False,0.4538628080044873,200,28,19.770502645754025,False,False,,,False,,request_payload_sha256_mismatch,32,19.655572406970467,billed_completion_tokens_over_request_minus_streamed_ttft_proxy,control_before,,,,,19.655572406970467,1.6280370440217666,True,61.651926829092574,True,0.0,True,False,0.4541626099962741,orphaned,ef8524ba673196bb6c86be8ceb66e2fdef8e0ebb1f01698f42b27a286d5e765f,,802e93bf35f14cbe33eefac30d44217a9d8f66cafa04f67226a3a950eef66d92,do-close-request-dd3946da172d2cecc0a7adbd4e0a,ef05ad65bd5df3b9071ce81d6ac425dd25d1e8a396bc97f5cb8abc3af244419f,802e93bf35f14cbe33eefac30d44217a9d8f66cafa04f67226a3a950eef66d92,2.0821996540180407,,32,tokens,cac5520608a2d34ee30518c5779d23a7b8e24b68613d80a909172a5a8e5c6ee1,,do-hosted-closure-20260825-r1,digitalocean_public_request_v2,True,exact_text,,False,do-close-request-6748f5e69bb782351b40f3ee9ab0,do-close-cell-ef05ad65bd5df3b9071ce81d6ac425dd25d1e8a396bc97f5cb8abc3af244419f,False,28,matched_control_closure,do-hosted-closure-20260825-r1,direct_completion,,2026-08-25T00:43:23.459936+00:00,success,32,reasoning,streamed,1.6283368460135534,,,cap-pairwise-24,False,valid_ordinary,[],True,0.4541626099962741,parameter_interactions,request_declared
,1,,False,,,not_reported_unknown,8b66f3fed616343a7c9d97741208e5a21de115c50305b38370a86796a61968de,,,cap-pairwise-24,,inconclusive,do-close-cell-ef05ad65bd5df3b9071ce81d6ac425dd25d1e8a396bc97f5cb8abc3af244419f,1,,,True,matched_control_inconclusive,False,"[""parameter_interactions""]",,,2026-08-25T00:43:26.743060+00:00,nvidia-nemotron-3-super-120b,,ProviderHTTPError,0.0007234,,,False,,False,,500,,,False,False,,,False,,request_payload_sha256_mismatch,,,,probe,,,,,,,False,,True,0.0,True,False,,orphaned,ef8524ba673196bb6c86be8ceb66e2fdef8e0ebb1f01698f42b27a286d5e765f,,3e157d3689b8822bf4bef0fdb16d13ed242fc830a79b92b8f612065beb73c473,do-close-request-6748f5e69bb782351b40f3ee9ab0,ef05ad65bd5df3b9071ce81d6ac425dd25d1e8a396bc97f5cb8abc3af244419f,3e157d3689b8822bf4bef0fdb16d13ed242fc830a79b92b8f612065beb73c473,1.1937238780083135,,512,tokens,,,do-hosted-closure-20260825-r1,digitalocean_public_request_v2,False,transport,,True,do-close-request-6748f5e69bb782351b40f3ee9ab0,do-close-cell-ef05ad65bd5df3b9071ce81d6ac425dd25d1e8a396bc97f5cb8abc3af244419f,True,,matched_control_closure,do-hosted-closure-20260825-r1,direct_completion,,2026-08-25T00:43:25.549277+00:00,provider_error,,,unknown,,,,cap-pairwise-24,False,invalid_or_censored,"[""not_streamed_ttft_unobservable""]",False,,parameter_interactions,request_declared
,1,,True,,0,cache_miss_observed,8b66f3fed616343a7c9d97741208e5a21de115c50305b38370a86796a61968de,,,cap-pairwise-24,,,do-close-cell-ef05ad65bd5df3b9071ce81d6ac425dd25d1e8a396bc97f5cb8abc3af244419f,1,,,True,,,"[""parameter_interactions""]",,,2026-08-25T00:43:28.932611+00:00,nvidia-nemotron-3-super-120b,,,2.92e-05,,length,False,1.6589182270108722,False,0.4717937280074693,200,28,19.289678947984864,False,False,,,False,,request_payload_sha256_mismatch,32,18.712970102455234,billed_completion_tokens_over_request_minus_streamed_ttft_proxy,control_after,,,,,18.712970102455234,1.7100438799825497,True,59.24425598222192,True,0.0,True,False,0.4726196579867974,orphaned,ef8524ba673196bb6c86be8ceb66e2fdef8e0ebb1f01698f42b27a286d5e765f,,e602dce040626a0e6994945daa8fee64706fe05dbb2bab5757b83428f3bad331,do-close-request-aab5b214d9c3398dd07fbb041820,ef05ad65bd5df3b9071ce81d6ac425dd25d1e8a396bc97f5cb8abc3af244419f,e602dce040626a0e6994945daa8fee64706fe05dbb2bab5757b83428f3bad331,2.182663537969347,,32,tokens,7fd5ee21bc8edef82919c3c689a269ea2b085ffcfaf3fa37bf35c7dee13f10e6,,do-hosted-closure-20260825-r1,digitalocean_public_request_v2,True,exact_text,,False,do-close-request-6748f5e69bb782351b40f3ee9ab0,do-close-cell-ef05ad65bd5df3b9071ce81d6ac425dd25d1e8a396bc97f5cb8abc3af244419f,False,28,matched_control_closure,do-hosted-closure-20260825-r1,direct_completion,,2026-08-25T00:43:26.749556+00:00,success,30,reasoning,streamed,1.7108698099618778,,,cap-pairwise-24,False,valid_ordinary,[],True,0.4726196579867974,parameter_interactions,request_declared
,0,,True,,0,cache_miss_observed,8b66f3fed616343a7c9d97741208e5a21de115c50305b38370a86796a61968de,,,cap-pairwise-28,,,do-close-cell-d511653d030d0f9c119093ff91fba341e18130a87404ffd280df00819b1a5961,1,,,True,,,"[""parameter_interactions""]",,,2026-08-25T00:43:35.344019+00:00,nvidia-nemotron-3-super-120b,,,2.95e-05,,length,False,1.0332781840115786,False,1.320663829043042,200,29,30.969394781726486,False,False,,,False,,request_payload_sha256_mismatch,32,29.988587777079523,billed_completion_tokens_over_request_minus_streamed_ttft_proxy,control_before,,,,,29.988587777079523,1.0670725890086032,True,21.725794737562392,True,0.0,True,False,1.3348188340314664,orphaned,660facd0f31428922b72a9de20982949511ffe7718e19736c1af1f8b52c872b4,,4ff816488f4d22ca20fe1601abbda350297948e337c6719b1b4a6658fcce7515,do-close-request-bf9c02a59c9b9b4385c0768c87e2,d511653d030d0f9c119093ff91fba341e18130a87404ffd280df00819b1a5961,4ff816488f4d22ca20fe1601abbda350297948e337c6719b1b4a6658fcce7515,2.4018914230400696,,32,tokens,9cbe1346cf26fac9958029e60172d93e67590b21ba32293c76aa51f0cb98f29a,,do-hosted-closure-20260825-r1,digitalocean_public_request_v2,True,exact_text,,False,do-close-request-3c29b94a9ed77297be19b8781f99,do-close-cell-d511653d030d0f9c119093ff91fba341e18130a87404ffd280df00819b1a5961,False,29,matched_control_closure,do-hosted-closure-20260825-r1,direct_completion,,2026-08-25T00:43:32.941753+00:00,success,31,reasoning,streamed,1.0812275939970277,,,cap-pairwise-28,False,valid_ordinary,[],True,1.3348188340314664,parameter_interactions,request_declared
,0,,False,,,not_reported_unknown,8b66f3fed616343a7c9d97741208e5a21de115c50305b38370a86796a61968de,,,cap-pairwise-28,,inconclusive,do-close-cell-d511653d030d0f9c119093ff91fba341e18130a87404ffd280df00819b1a5961,1,,,True,matched_control_inconclusive,False,"[""parameter_interactions""]",,,2026-08-25T00:43:35.719908+00:00,nvidia-nemotron-3-super-120b,,ProviderHTTPError,0.00042019999999999997,,,False,,False,,400,,,False,False,,,False,,request_payload_sha256_mismatch,,,,probe,,,,,,,False,,True,0.0,True,False,,orphaned,660facd0f31428922b72a9de20982949511ffe7718e19736c1af1f8b52c872b4,,009d06ba5a9f350cd85c8ba99281c0040bd5b866275d6798a926ba3b6d86781b,do-close-request-3c29b94a9ed77297be19b8781f99,d511653d030d0f9c119093ff91fba341e18130a87404ffd280df00819b1a5961,009d06ba5a9f350cd85c8ba99281c0040bd5b866275d6798a926ba3b6d86781b,0.36879312101518735,,64,tokens,,,do-hosted-closure-20260825-r1,digitalocean_public_request_v2,False,transport,,True,do-close-request-3c29b94a9ed77297be19b8781f99,do-close-cell-d511653d030d0f9c119093ff91fba341e18130a87404ffd280df00819b1a5961,False,,matched_control_closure,do-hosted-closure-20260825-r1,direct_completion,,2026-08-25T00:43:35.351043+00:00,client_rejection,,,unknown,,,,cap-pairwise-28,False,invalid_or_censored,"[""not_streamed_ttft_unobservable""]",False,,parameter_interactions,request_declared
,0,,True,,0,cache_miss_observed,8b66f3fed616343a7c9d97741208e5a21de115c50305b38370a86796a61968de,,,cap-pairwise-28,,,do-close-cell-d511653d030d0f9c119093ff91fba341e18130a87404ffd280df00819b1a5961,1,,,True,,,"[""parameter_interactions""]",,,2026-08-25T00:43:37.791520+00:00,nvidia-nemotron-3-super-120b,,,2.95e-05,,length,False,1.6670052270055749,False,0.3894829570199363,200,29,19.19610057700976,False,False,,,False,,request_payload_sha256_mismatch,32,19.10235485572916,billed_completion_tokens_over_request_minus_streamed_ttft_proxy,control_after,,,,,19.10235485572916,1.675186134991236,True,74.40020695582693,True,0.0,True,False,0.38978386198868975,orphaned,660facd0f31428922b72a9de20982949511ffe7718e19736c1af1f8b52c872b4,,b6e811dc089dd7a67f8003297a90ec173099ab7f4f3299933e3efbdf02c4ee72,do-close-request-e6cce2beda4edbda801ae052ac2a,d511653d030d0f9c119093ff91fba341e18130a87404ffd280df00819b1a5961,b6e811dc089dd7a67f8003297a90ec173099ab7f4f3299933e3efbdf02c4ee72,2.064969996979926,,32,tokens,9cbe1346cf26fac9958029e60172d93e67590b21ba32293c76aa51f0cb98f29a,,do-hosted-closure-20260825-r1,digitalocean_public_request_v2,True,exact_text,,False,do-close-request-3c29b94a9ed77297be19b8781f99,do-close-cell-d511653d030d0f9c119093ff91fba341e18130a87404ffd280df00819b1a5961,False,29,matched_control_closure,do-hosted-closure-20260825-r1,direct_completion,,2026-08-25T00:43:35.726218+00:00,success,31,reasoning,streamed,1.6754870399599895,,,cap-pairwise-28,False,valid_ordinary,[],True,0.38978386198868975,parameter_interactions,request_declared
,0,,True,,0,cache_miss_observed,8b66f3fed616343a7c9d97741208e5a21de115c50305b38370a86796a61968de,,,cap-pairwise-29,,,do-close-cell-52cade6e086e51b0ff2b3e73e5602448c345bbd1f6718e1db1e387d35bc77c20,1,,,True,,,"[""parameter_interactions""]",,,2026-08-25T00:43:39.963362+00:00,nvidia-nemotron-3-super-120b,,,2.92e-05,,length,False,1.7138724399846978,False,0.4298330049496144,200,28,18.67116784974132,False,False,,,False,,request_payload_sha256_mismatch,32,18.46285691556507,billed_completion_tokens_over_request_minus_streamed_ttft_proxy,control_before,,,,,18.46285691556507,1.7332095539895818,True,65.10589574092499,True,0.0,True,False,0.43006857798900455,orphaned,57da2675bc5fc32cf6d1a66f44b654e56f8d3e4f109e1df45d7c74c05c30df03,,e3262ad94209c941ef1258929f8806a12629c688563b9650663344c54f1608e4,do-close-request-fa42b15bddd65ff5525892fff8eb,52cade6e086e51b0ff2b3e73e5602448c345bbd1f6718e1db1e387d35bc77c20,e3262ad94209c941ef1258929f8806a12629c688563b9650663344c54f1608e4,2.1632781319785863,,32,tokens,c6c864660ccdeb51978c650c1114dcf36fea06b62a1e400e52f6654b3f3f3e35,,do-hosted-closure-20260825-r1,digitalocean_public_request_v2,True,exact_text,,False,do-close-request-9d99a1c23010503e555db5cf9e17,do-close-cell-52cade6e086e51b0ff2b3e73e5602448c345bbd1f6718e1db1e387d35bc77c20,False,28,matched_control_closure,do-hosted-closure-20260825-r1,direct_completion,,2026-08-25T00:43:37.799726+00:00,success,30,reasoning,streamed,1.733445127028972,,,cap-pairwise-29,False,valid_ordinary,[],True,0.43006857798900455,parameter_interactions,request_declared
,0,,False,,,not_reported_unknown,8b66f3fed616343a7c9d97741208e5a21de115c50305b38370a86796a61968de,,,cap-pairwise-29,,inconclusive,do-close-cell-52cade6e086e51b0ff2b3e73e5602448c345bbd1f6718e1db1e387d35bc77c20,1,,,True,matched_control_inconclusive,False,"[""parameter_interactions""]",,,2026-08-25T00:43:40.308703+00:00,nvidia-nemotron-3-super-120b,,ProviderHTTPError,0.0007279,,,False,,False,,400,,,False,False,,,False,,request_payload_sha256_mismatch,,,,probe,,,,,,,False,,True,0.0,True,False,,orphaned,57da2675bc5fc32cf6d1a66f44b654e56f8d3e4f109e1df45d7c74c05c30df03,,f12220beb19af00f626295eb237ff7154b17e1ba5705df64a46d650ec699167c,do-close-request-9d99a1c23010503e555db5cf9e17,52cade6e086e51b0ff2b3e73e5602448c345bbd1f6718e1db1e387d35bc77c20,f12220beb19af00f626295eb237ff7154b17e1ba5705df64a46d650ec699167c,0.33843697496922687,,512,tokens,,,do-hosted-closure-20260825-r1,digitalocean_public_request_v2,False,transport,,True,do-close-request-9d99a1c23010503e555db5cf9e17,do-close-cell-52cade6e086e51b0ff2b3e73e5602448c345bbd1f6718e1db1e387d35bc77c20,False,,matched_control_closure,do-hosted-closure-20260825-r1,direct_completion,,2026-08-25T00:43:39.970191+00:00,client_rejection,,,unknown,,,,cap-pairwise-29,False,invalid_or_censored,"[""not_streamed_ttft_unobservable""]",False,,parameter_interactions,request_declared
,0,,True,,0,cache_miss_observed,8b66f3fed616343a7c9d97741208e5a21de115c50305b38370a86796a61968de,,,cap-pairwise-29,,,do-close-cell-52cade6e086e51b0ff2b3e73e5602448c345bbd1f6718e1db1e387d35bc77c20,1,,,True,,,"[""parameter_interactions""]",,,2026-08-25T00:43:44.676271+00:00,nvidia-nemotron-3-super-120b,,,2.92e-05,,length,False,3.863079674949404,False,0.4478385989787057,200,28,8.283546468768888,False,False,,,False,,request_payload_sha256_mismatch,32,8.177562351161988,billed_completion_tokens_over_request_minus_streamed_ttft_proxy,control_after,,,,,8.177562351161988,3.9131465620012023,True,62.48082912492074,True,0.0,True,False,0.44813745899591595,orphaned,57da2675bc5fc32cf6d1a66f44b654e56f8d3e4f109e1df45d7c74c05c30df03,,f9f56e3470d43fdfdfa9fd337187e20ede897acb9ad5e600b5cf802233f93432,do-close-request-6ae185a1137def4abc09f47e7dd2,52cade6e086e51b0ff2b3e73e5602448c345bbd1f6718e1db1e387d35bc77c20,f9f56e3470d43fdfdfa9fd337187e20ede897acb9ad5e600b5cf802233f93432,4.361284020997118,,32,tokens,c6c864660ccdeb51978c650c1114dcf36fea06b62a1e400e52f6654b3f3f3e35,,do-hosted-closure-20260825-r1,digitalocean_public_request_v2,True,exact_text,,False,do-close-request-9d99a1c23010503e555db5cf9e17,do-close-cell-52cade6e086e51b0ff2b3e73e5602448c345bbd1f6718e1db1e387d35bc77c20,False,28,matched_control_closure,do-hosted-closure-20260825-r1,direct_completion,,2026-08-25T00:43:40.314641+00:00,success,30,reasoning,streamed,3.9134454220184125,,,cap-pairwise-29,False,valid_ordinary,[],True,0.44813745899591595,parameter_interactions,request_declared
,0,,True,,0,cache_miss_observed,8b66f3fed616343a7c9d97741208e5a21de115c50305b38370a86796a61968de,,,cap-pairwise-32,,,do-close-cell-9767801d2f402ac49038e93f90cdd89961108b2728bab958271aa7e30e2d3d13,1,,,True,,,"[""parameter_interactions""]",,,2026-08-25T00:43:46.873095+00:00,nvidia-nemotron-3-super-120b,,,2.95e-05,,length,False,1.6084421800333075,False,0.5583788420190103,200,29,19.895026627153825,False,False,,,False,,request_payload_sha256_mismatch,32,19.641730405452325,billed_completion_tokens_over_request_minus_streamed_ttft_proxy,control_before,,,,,19.641730405452325,1.6291843610233627,True,51.911221345906796,True,0.0,True,False,0.5586460739723407,orphaned,fbac8ec944f9bf486758c6545b6362b8e04ac7293730bab12ae5ef0e9767e077,,93fd7d5927826cee6019dd1c9c20597c2b05d59d44462ff94df58a70b48204bb,do-close-request-06476af52c7ecb02e3ed6f5a6aae,9767801d2f402ac49038e93f90cdd89961108b2728bab958271aa7e30e2d3d13,93fd7d5927826cee6019dd1c9c20597c2b05d59d44462ff94df58a70b48204bb,2.1878304349957034,,32,tokens,6bbbaef3a4a8e842ac82a7a5e57a25f81a42dd5fb78edeebe84b7814433a6e7e,,do-hosted-closure-20260825-r1,digitalocean_public_request_v2,True,exact_text,,False,do-close-request-0884f0a6594a3b2050cf32f7b0bc,do-close-cell-9767801d2f402ac49038e93f90cdd89961108b2728bab958271aa7e30e2d3d13,False,29,matched_control_closure,do-hosted-closure-20260825-r1,direct_completion,,2026-08-25T00:43:44.684890+00:00,success,31,reasoning,streamed,1.629451592976693,,,cap-pairwise-32,False,valid_ordinary,[],True,0.5586460739723407,parameter_interactions,request_declared
,0,,False,,,not_reported_unknown,8b66f3fed616343a7c9d97741208e5a21de115c50305b38370a86796a61968de,,,cap-pairwise-32,,inconclusive,do-close-cell-9767801d2f402ac49038e93f90cdd89961108b2728bab958271aa7e30e2d3d13,1,,,True,matched_control_inconclusive,False,"[""parameter_interactions""]",,,2026-08-25T00:43:47.242349+00:00,nvidia-nemotron-3-super-120b,,ProviderHTTPError,0.0003173,,,False,,False,,400,,,False,False,,,False,,request_payload_sha256_mismatch,,,,probe,,,,,,,False,,True,0.0,True,False,,orphaned,fbac8ec944f9bf486758c6545b6362b8e04ac7293730bab12ae5ef0e9767e077,,aa7005c8931db6dc7fd1dbd9b13644c7bb8bb84b21c9e1280cd67927636e904a,do-close-request-0884f0a6594a3b2050cf32f7b0bc,9767801d2f402ac49038e93f90cdd89961108b2728bab958271aa7e30e2d3d13,aa7005c8931db6dc7fd1dbd9b13644c7bb8bb84b21c9e1280cd67927636e904a,0.362669255991932,,64,tokens,,,do-hosted-closure-20260825-r1,digitalocean_public_request_v2,False,transport,,True,do-close-request-0884f0a6594a3b2050cf32f7b0bc,do-close-cell-9767801d2f402ac49038e93f90cdd89961108b2728bab958271aa7e30e2d3d13,False,,matched_control_closure,do-hosted-closure-20260825-r1,direct_completion,,2026-08-25T00:43:46.879619+00:00,client_rejection,,,unknown,,,,cap-pairwise-32,False,invalid_or_censored,"[""not_streamed_ttft_unobservable""]",False,,parameter_interactions,request_declared
,0,,True,,0,cache_miss_observed,8b66f3fed616343a7c9d97741208e5a21de115c50305b38370a86796a61968de,,,cap-pairwise-32,,,do-close-cell-9767801d2f402ac49038e93f90cdd89961108b2728bab958271aa7e30e2d3d13,1,,,True,,,"[""parameter_interactions""]",,,2026-08-25T00:43:49.708660+00:00,nvidia-nemotron-3-super-120b,,,2.95e-05,,length,False,1.9055392409791239,False,0.5278498929692432,200,29,16.79314669140974,False,False,,,False,,request_payload_sha256_mismatch,32,16.56825871780884,billed_completion_tokens_over_request_minus_streamed_ttft_proxy,control_after,,,,,16.56825871780884,1.931403929949738,True,54.912263540721014,True,0.0,True,False,0.5281151810195297,orphaned,fbac8ec944f9bf486758c6545b6362b8e04ac7293730bab12ae5ef0e9767e077,,2bc14594ab7376b7209a7dc5d4f1653be1e3301264a907b4ec577fc031ddb7a5,do-close-request-a464fd3c27bb6f11db45aac7d644,9767801d2f402ac49038e93f90cdd89961108b2728bab958271aa7e30e2d3d13,2bc14594ab7376b7209a7dc5d4f1653be1e3301264a907b4ec577fc031ddb7a5,2.459519110969268,,32,tokens,9828d5337b943f78466d1ef25c63a2bf7c2e5dd52cfa88859501cf32d42fa282,,do-hosted-closure-20260825-r1,digitalocean_public_request_v2,True,exact_text,,False,do-close-request-0884f0a6594a3b2050cf32f7b0bc,do-close-cell-9767801d2f402ac49038e93f90cdd89961108b2728bab958271aa7e30e2d3d13,False,29,matched_control_closure,do-hosted-closure-20260825-r1,direct_completion,,2026-08-25T00:43:47.248762+00:00,success,31,reasoning,streamed,1.9316692180000246,,,cap-pairwise-32,False,valid_ordinary,[],True,0.5281151810195297,parameter_interactions,request_declared
,0,,True,,0,cache_miss_observed,8b66f3fed616343a7c9d97741208e5a21de115c50305b38370a86796a61968de,,,cap-pairwise-37,,,do-close-cell-3a91e9e1dd6b40f8dae629b79327578df4732a161bf894569db40845d1f5e18e,1,,,True,,,"[""parameter_interactions""]",,,2026-08-25T00:43:52.104921+00:00,nvidia-nemotron-3-super-120b,,,2.92e-05,,length,False,1.8813573740189895,False,0.4808995759813115,200,28,17.008995973817044,False,False,,,False,,request_payload_sha256_mismatch,32,16.80099735234998,billed_completion_tokens_over_request_minus_streamed_ttft_proxy,control_before,,,,,16.80099735234998,1.904648832976818,True,58.1897403292061,True,0.0,True,False,0.48118448100285605,orphaned,ed78b89c38beda1894ea11b0804b885db29ffa2e950b13f8e93aa592c079067a,,c69cefb5820554a029677286d484d8c72bcbce9b2f11df47e0e01394a9ba3194,do-close-request-89e99fdb97159b04eadfef40aa7f,3a91e9e1dd6b40f8dae629b79327578df4732a161bf894569db40845d1f5e18e,c69cefb5820554a029677286d484d8c72bcbce9b2f11df47e0e01394a9ba3194,2.385833313979674,,32,tokens,de354b6fa86fc465ab74431e83ae014b78c7acbb10de06687c619b2fb2b97520,,do-hosted-closure-20260825-r1,digitalocean_public_request_v2,True,exact_text,,False,do-close-request-206c9eb5b0c98ba33e879b029dda,do-close-cell-3a91e9e1dd6b40f8dae629b79327578df4732a161bf894569db40845d1f5e18e,False,28,matched_control_closure,do-hosted-closure-20260825-r1,direct_completion,,2026-08-25T00:43:49.718654+00:00,success,30,reasoning,streamed,1.9049337379983626,,,cap-pairwise-37,False,valid_ordinary,[],True,0.48118448100285605,parameter_interactions,request_declared
,0,,False,,,not_reported_unknown,8b66f3fed616343a7c9d97741208e5a21de115c50305b38370a86796a61968de,,,cap-pairwise-37,,inconclusive,do-close-cell-3a91e9e1dd6b40f8dae629b79327578df4732a161bf894569db40845d1f5e18e,1,,,True,matched_control_inconclusive,False,"[""parameter_interactions""]",,,2026-08-25T00:43:52.559254+00:00,nvidia-nemotron-3-super-120b,,ProviderHTTPError,0.0003302,,,False,,False,,400,,,False,False,,,False,,request_payload_sha256_mismatch,,,,probe,,,,,,,False,,True,0.0,True,False,,orphaned,ed78b89c38beda1894ea11b0804b885db29ffa2e950b13f8e93aa592c079067a,,fe1933dba033db966e4ca7fad5f94bb2a2fcb2e5fcfa3376a914b379d191a0cc,do-close-request-206c9eb5b0c98ba33e879b029dda,3a91e9e1dd6b40f8dae629b79327578df4732a161bf894569db40845d1f5e18e,fe1933dba033db966e4ca7fad5f94bb2a2fcb2e5fcfa3376a914b379d191a0cc,0.44717423105612397,,64,tokens,,,do-hosted-closure-20260825-r1,digitalocean_public_request_v2,False,transport,,True,do-close-request-206c9eb5b0c98ba33e879b029dda,do-close-cell-3a91e9e1dd6b40f8dae629b79327578df4732a161bf894569db40845d1f5e18e,False,,matched_control_closure,do-hosted-closure-20260825-r1,direct_completion,,2026-08-25T00:43:52.112017+00:00,client_rejection,,,unknown,,,,cap-pairwise-37,False,invalid_or_censored,"[""not_streamed_ttft_unobservable""]",False,,parameter_interactions,request_declared
,0,,True,,0,cache_miss_observed,8b66f3fed616343a7c9d97741208e5a21de115c50305b38370a86796a61968de,,,cap-pairwise-37,,,do-close-cell-3a91e9e1dd6b40f8dae629b79327578df4732a161bf894569db40845d1f5e18e,1,,,True,,,"[""parameter_interactions""]",,,2026-08-25T00:43:54.781008+00:00,nvidia-nemotron-3-super-120b,,,2.92e-05,,length,False,1.7301199080538936,False,0.45982415397884324,200,28,18.4958278620092,False,False,,,False,,request_payload_sha256_mismatch,32,18.23878272920169,billed_completion_tokens_over_request_minus_streamed_ttft_proxy,control_after,,,,,18.23878272920169,1.7545030540204607,True,60.844637039835256,True,0.0,True,False,0.4601884629810229,orphaned,ed78b89c38beda1894ea11b0804b885db29ffa2e950b13f8e93aa592c079067a,,bffc7a720d64a2c44cf383059224bf943c4201352883f837aa7f4b0bfb4df460,do-close-request-a80306bb5eecc75e55d19a50798a,3a91e9e1dd6b40f8dae629b79327578df4732a161bf894569db40845d1f5e18e,bffc7a720d64a2c44cf383059224bf943c4201352883f837aa7f4b0bfb4df460,2.2146915170014836,,32,tokens,de354b6fa86fc465ab74431e83ae014b78c7acbb10de06687c619b2fb2b97520,,do-hosted-closure-20260825-r1,digitalocean_public_request_v2,True,exact_text,,False,do-close-request-206c9eb5b0c98ba33e879b029dda,do-close-cell-3a91e9e1dd6b40f8dae629b79327578df4732a161bf894569db40845d1f5e18e,False,28,matched_control_closure,do-hosted-closure-20260825-r1,direct_completion,,2026-08-25T00:43:52.565986+00:00,success,30,reasoning,streamed,1.7548673630226403,,,cap-pairwise-37,False,valid_ordinary,[],True,0.4601884629810229,parameter_interactions,request_declared
,0,,True,,0,cache_miss_observed,8b66f3fed616343a7c9d97741208e5a21de115c50305b38370a86796a61968de,,,realized-output-4096,,accepted,do-close-cell-2fb95db64a3b0f12807180f1779b6e363157da3577c718c8b4d9517eb021e0f8,1,,,True,accepted,True,"[""output_length""]",,,2026-08-25T00:43:55.242269+00:00,nemotron-3-ultra-550b,,,0.0070063999999999994,,length,False,52.277790635009296,False,0.42990524298511446,200,48,78.35067148490009,False,False,,,False,,request_payload_sha256_mismatch,4096,76.74735084386262,billed_completion_tokens_over_request_minus_streamed_ttft_proxy,probe,,,,,76.74735084386262,53.36992032901617,True,111.52698776773289,True,0.0,True,False,0.430389100976754,orphaned,2fb95db64a3b0f12807180f1779b6e363157da3577c718c8b4d9517eb021e0f8,,8d5c819c5c0cefcd00a2cdced4160b40fc8a722e722d901d1a5d97903448fd3e,do-close-request-ee5703a67b55de283f481711df07,2fb95db64a3b0f12807180f1779b6e363157da3577c718c8b4d9517eb021e0f8,8d5c819c5c0cefcd00a2cdced4160b40fc8a722e722d901d1a5d97903448fd3e,53.80030942999292,,4096,tokens,19bd6fd08c69d93e00d6c7147a8cacaed65f05bab24bb45ba9cc917adbbd5bd9,,do-hosted-closure-20260825-r1,digitalocean_public_request_v2,True,controlled_words,,True,do-close-request-ee5703a67b55de283f481711df07,do-close-cell-2fb95db64a3b0f12807180f1779b6e363157da3577c718c8b4d9517eb021e0f8,False,48,matched_control_closure,do-hosted-closure-20260825-r1,direct_completion,,2026-08-25T00:43:01.441123+00:00,success,4095,reasoning,streamed,53.37040418700781,,,realized-output-4096,False,valid_ordinary,[],True,0.430389100976754,output_length,request_declared
,0,,True,,0,cache_miss_observed,8b66f3fed616343a7c9d97741208e5a21de115c50305b38370a86796a61968de,,,cap-pairwise-38,,,do-close-cell-2fecd75629eb26491187fd82b17a60a1c4cfe446cc6d8f00e72503852d49bfcf,1,,,True,,,"[""structured_output""]",,,2026-08-25T00:43:57.486696+00:00,nvidia-nemotron-3-super-120b,,,2.92e-05,,length,False,2.0090382319758646,False,0.6480011429521255,200,28,15.928019432725474,False,False,,,False,,request_payload_sha256_mismatch,32,15.624276088117933,billed_completion_tokens_over_request_minus_streamed_ttft_proxy,control_before,,,,,15.624276088117933,2.048094888974447,True,43.18994265231949,True,0.0,True,False,0.6482990779913962,orphaned,d1805c17d45ef981e5490470cfc1f31d5d392bda72b44f9a22dfde0b6116a162,,8904d8c93795deec25c32a75a559ad75904754067c2a93bcb709076bb5db35b4,do-close-request-35acd19e751c45bd36eacecb44c3,2fecd75629eb26491187fd82b17a60a1c4cfe446cc6d8f00e72503852d49bfcf,8904d8c93795deec25c32a75a559ad75904754067c2a93bcb709076bb5db35b4,2.696393966965843,,32,tokens,909ecc01ad1325daa2b46f86474f1e0d262cb5a81ba8f67c1454d13ac8bb0f86,,do-hosted-closure-20260825-r1,digitalocean_public_request_v2,True,exact_text,,False,do-close-request-6ae3dd39a6949004d378d525f3ea,do-close-cell-2fecd75629eb26491187fd82b17a60a1c4cfe446cc6d8f00e72503852d49bfcf,False,28,matched_control_closure,do-hosted-closure-20260825-r1,direct_completion,,2026-08-25T00:43:54.789614+00:00,success,32,reasoning,streamed,2.0483928240137175,,,cap-pairwise-38,False,valid_ordinary,[],True,0.6482990779913962,structured_output,request_declared
,0,,False,,,not_reported_unknown,8b66f3fed616343a7c9d97741208e5a21de115c50305b38370a86796a61968de,,,cap-pairwise-38,,inconclusive,do-close-cell-2fecd75629eb26491187fd82b17a60a1c4cfe446cc6d8f00e72503852d49bfcf,1,,,True,matched_control_inconclusive,False,"[""structured_output""]",,,2026-08-25T00:43:58.092047+00:00,nvidia-nemotron-3-super-120b,,ProviderHTTPError,0.0031316,,,False,,False,,400,,,False,False,,,False,,request_payload_sha256_mismatch,,,,probe,,,,,,,False,,True,0.0,True,False,,orphaned,d1805c17d45ef981e5490470cfc1f31d5d392bda72b44f9a22dfde0b6116a162,,6c314c605161bfa3d82c71c8326e2eee3654c211212f9df9ca08c04096c68e66,do-close-request-6ae3dd39a6949004d378d525f3ea,2fecd75629eb26491187fd82b17a60a1c4cfe446cc6d8f00e72503852d49bfcf,6c314c605161bfa3d82c71c8326e2eee3654c211212f9df9ca08c04096c68e66,0.5990663300035521,,4096,tokens,,,do-hosted-closure-20260825-r1,digitalocean_public_request_v2,False,transport,,True,do-close-request-6ae3dd39a6949004d378d525f3ea,do-close-cell-2fecd75629eb26491187fd82b17a60a1c4cfe446cc6d8f00e72503852d49bfcf,False,,matched_control_closure,do-hosted-closure-20260825-r1,direct_completion,,2026-08-25T00:43:57.492921+00:00,client_rejection,,,unknown,,,,cap-pairwise-38,False,invalid_or_censored,"[""not_streamed_ttft_unobservable""]",False,,structured_output,request_declared
,0,,True,,0,cache_miss_observed,8b66f3fed616343a7c9d97741208e5a21de115c50305b38370a86796a61968de,,,cap-pairwise-38,,,do-close-cell-2fecd75629eb26491187fd82b17a60a1c4cfe446cc6d8f00e72503852d49bfcf,1,,,True,,,"[""structured_output""]",,,2026-08-25T00:44:00.198969+00:00,nvidia-nemotron-3-super-120b,,,2.92e-05,,length,False,1.5679545269813389,False,0.48276416800217703,200,28,20.40875513246364,False,False,,,False,,request_payload_sha256_mismatch,32,19.794954434956235,billed_completion_tokens_over_request_minus_streamed_ttft_proxy,control_after,,,,,19.794954434956235,1.6165735619724728,True,57.96761732808383,True,0.0,True,False,0.4830283059854992,orphaned,d1805c17d45ef981e5490470cfc1f31d5d392bda72b44f9a22dfde0b6116a162,,da87e7c775ba5f4f475150b07c1e9311c0e8868dc1d843adf0b3a5ea063bb47d,do-close-request-10da772a85dbd8abf7d69dd3ea7a,2fecd75629eb26491187fd82b17a60a1c4cfe446cc6d8f00e72503852d49bfcf,da87e7c775ba5f4f475150b07c1e9311c0e8868dc1d843adf0b3a5ea063bb47d,2.099601867957972,,32,tokens,909ecc01ad1325daa2b46f86474f1e0d262cb5a81ba8f67c1454d13ac8bb0f86,,do-hosted-closure-20260825-r1,digitalocean_public_request_v2,True,exact_text,,False,do-close-request-6ae3dd39a6949004d378d525f3ea,do-close-cell-2fecd75629eb26491187fd82b17a60a1c4cfe446cc6d8f00e72503852d49bfcf,False,28,matched_control_closure,do-hosted-closure-20260825-r1,direct_completion,,2026-08-25T00:43:58.098713+00:00,success,32,reasoning,streamed,1.616837699955795,,,cap-pairwise-38,False,valid_ordinary,[],True,0.4830283059854992,structured_output,request_declared
,0,,True,,0,cache_miss_observed,8b66f3fed616343a7c9d97741208e5a21de115c50305b38370a86796a61968de,,,extended-parameters-1,,,do-close-cell-abb6ee723b0598b1dfe12f0b004e41d9734b8f95f55823b2b0a33aaf593ef91f,1,,,True,,,"[""parameter_interactions""]",,,2026-08-25T00:44:02.254754+00:00,nvidia-nemotron-3-super-120b,,,2.92e-05,,length,False,1.6532657579518855,False,0.3854420650168322,200,28,19.35562981697664,False,False,,,False,,request_payload_sha256_mismatch,32,19.27147106415498,billed_completion_tokens_over_request_minus_streamed_ttft_proxy,control_before,,,,,19.27147106415498,1.6604855899931863,True,72.54351791435883,True,0.0,True,False,0.385975216049701,orphaned,11ee0a29ea854235a1e3f29a6155a9ff0c9d4bb5fe946170c821a84f0a4639d7,,37ee094fd5c7745544497a9900de380e4a281059b991ed0b35fcf19aa1df5f68,do-close-request-1ebc9d76c1ea8547f4f2c24c948f,abb6ee723b0598b1dfe12f0b004e41d9734b8f95f55823b2b0a33aaf593ef91f,37ee094fd5c7745544497a9900de380e4a281059b991ed0b35fcf19aa1df5f68,2.0464608060428873,,32,tokens,d47ba782eb22629351bf0617885243f2caa5867853a02149758b7420a148f8fb,,do-hosted-closure-20260825-r1,digitalocean_public_request_v2,True,exact_text,,False,do-close-request-c0f17818376a7cf25ed40c077945,do-close-cell-abb6ee723b0598b1dfe12f0b004e41d9734b8f95f55823b2b0a33aaf593ef91f,False,28,matched_control_closure,do-hosted-closure-20260825-r1,direct_completion,,2026-08-25T00:44:00.207903+00:00,success,32,reasoning,streamed,1.661018741026055,,,cap-extended-1,False,valid_ordinary,[],True,0.385975216049701,parameter_interactions,request_declared
,0,,False,,,not_reported_unknown,8b66f3fed616343a7c9d97741208e5a21de115c50305b38370a86796a61968de,,,extended-parameters-1,,inconclusive,do-close-cell-abb6ee723b0598b1dfe12f0b004e41d9734b8f95f55823b2b0a33aaf593ef91f,1,,,True,matched_control_inconclusive,False,"[""parameter_interactions""]",,,2026-08-25T00:44:02.620499+00:00,nvidia-nemotron-3-super-120b,,ProviderHTTPError,0.00028189999999999997,,,False,,False,,400,,,False,False,,,False,,request_payload_sha256_mismatch,,,,probe,,,,,,,False,,True,0.0,True,False,,orphaned,11ee0a29ea854235a1e3f29a6155a9ff0c9d4bb5fe946170c821a84f0a4639d7,,eccbcc98dd49e30658963cbf9b3c15cce9825e20556069ab45f6260f134c9f6d,do-close-request-c0f17818376a7cf25ed40c077945,abb6ee723b0598b1dfe12f0b004e41d9734b8f95f55823b2b0a33aaf593ef91f,eccbcc98dd49e30658963cbf9b3c15cce9825e20556069ab45f6260f134c9f6d,0.35955384495900944,,64,tokens,,,do-hosted-closure-20260825-r1,digitalocean_public_request_v2,False,transport,,True,do-close-request-c0f17818376a7cf25ed40c077945,do-close-cell-abb6ee723b0598b1dfe12f0b004e41d9734b8f95f55823b2b0a33aaf593ef91f,False,,matched_control_closure,do-hosted-closure-20260825-r1,direct_completion,,2026-08-25T00:44:02.260890+00:00,client_rejection,,,unknown,,,,cap-extended-1,False,invalid_or_censored,"[""not_streamed_ttft_unobservable""]",False,,parameter_interactions,request_declared
,0,,True,,0,cache_miss_observed,8b66f3fed616343a7c9d97741208e5a21de115c50305b38370a86796a61968de,,,extended-parameters-1,,,do-close-cell-abb6ee723b0598b1dfe12f0b004e41d9734b8f95f55823b2b0a33aaf593ef91f,1,,,True,,,"[""parameter_interactions""]",,,2026-08-25T00:44:05.223253+00:00,nvidia-nemotron-3-super-120b,,,2.92e-05,,length,False,2.188266294018831,False,0.39675210998393595,200,28,14.623448749114912,False,False,,,False,,request_payload_sha256_mismatch,32,14.551041523758455,billed_completion_tokens_over_request_minus_streamed_ttft_proxy,control_after,,,,,14.551041523758455,2.1991552939871326,True,70.5145966609456,True,0.0,True,False,0.39708090701606125,orphaned,11ee0a29ea854235a1e3f29a6155a9ff0c9d4bb5fe946170c821a84f0a4639d7,,bd6b3cefd47a289014eb28155ddf61871c93eb3cb1994e83d89672e5ee1447b2,do-close-request-aedf0cc3fc03160d8038a0846c17,abb6ee723b0598b1dfe12f0b004e41d9734b8f95f55823b2b0a33aaf593ef91f,bd6b3cefd47a289014eb28155ddf61871c93eb3cb1994e83d89672e5ee1447b2,2.596236201003194,,32,tokens,d47ba782eb22629351bf0617885243f2caa5867853a02149758b7420a148f8fb,,do-hosted-closure-20260825-r1,digitalocean_public_request_v2,True,exact_text,,False,do-close-request-c0f17818376a7cf25ed40c077945,do-close-cell-abb6ee723b0598b1dfe12f0b004e41d9734b8f95f55823b2b0a33aaf593ef91f,False,28,matched_control_closure,do-hosted-closure-20260825-r1,direct_completion,,2026-08-25T00:44:02.626633+00:00,success,32,reasoning,streamed,2.199484091019258,,,cap-extended-1,False,valid_ordinary,[],True,0.39708090701606125,parameter_interactions,request_declared
,0,,True,,0,cache_miss_observed,8b66f3fed616343a7c9d97741208e5a21de115c50305b38370a86796a61968de,,,extended-parameters-2,,,do-close-cell-526f29a50eb8a4728f0df3d20491f11ca7bed0f789e58e191f7682be99239ae3,1,,,True,,,"[""parameter_interactions""]",,,2026-08-25T00:44:07.735473+00:00,nvidia-nemotron-3-super-120b,,,2.92e-05,,length,False,2.029081312008202,False,0.4674151400104165,200,28,15.77068391031076,False,False,,,False,,request_payload_sha256_mismatch,32,15.717528815773514,billed_completion_tokens_over_request_minus_streamed_ttft_proxy,control_before,,,,,15.717528815773514,2.035943460010458,True,59.85655253176147,True,0.0,True,False,0.4677850430016406,orphaned,8c8f44cbf33cdd46581ca5a35125e5fb6130b6be607f7f0927d634ce231f2933,,01f9f413fab75f240325dd3e683ede735313913c60467b3dafe7dc62c795b5ce,do-close-request-f5fe2e4ee639c50a1b391ba54d87,526f29a50eb8a4728f0df3d20491f11ca7bed0f789e58e191f7682be99239ae3,01f9f413fab75f240325dd3e683ede735313913c60467b3dafe7dc62c795b5ce,2.5037285030120984,,32,tokens,3c7176dcdbb111627656532fc8dab6a0add11ad3c5d096a1909bda99f53198a0,,do-hosted-closure-20260825-r1,digitalocean_public_request_v2,True,exact_text,,False,do-close-request-c75cf8d07c98955fb5eba50bc6f4,do-close-cell-526f29a50eb8a4728f0df3d20491f11ca7bed0f789e58e191f7682be99239ae3,False,28,matched_control_closure,do-hosted-closure-20260825-r1,direct_completion,,2026-08-25T00:44:05.231427+00:00,success,30,reasoning,streamed,2.036313363001682,,,cap-extended-2,False,valid_ordinary,[],True,0.4677850430016406,parameter_interactions,request_declared
,0,,False,,,not_reported_unknown,8b66f3fed616343a7c9d97741208e5a21de115c50305b38370a86796a61968de,,,extended-parameters-2,,inconclusive,do-close-cell-526f29a50eb8a4728f0df3d20491f11ca7bed0f789e58e191f7682be99239ae3,1,,,True,matched_control_inconclusive,False,"[""parameter_interactions""]",,,2026-08-25T00:44:08.113121+00:00,nvidia-nemotron-3-super-120b,,ProviderHTTPError,0.0002765,,,False,,False,,400,,,False,False,,,False,,request_payload_sha256_mismatch,,,,probe,,,,,,,False,,True,0.0,True,False,,orphaned,8c8f44cbf33cdd46581ca5a35125e5fb6130b6be607f7f0927d634ce231f2933,,e5c3d4ae9c40e564da7086da0ad98ef9f435263e8e4d9b8aa970408d603e69e0,do-close-request-c75cf8d07c98955fb5eba50bc6f4,526f29a50eb8a4728f0df3d20491f11ca7bed0f789e58e191f7682be99239ae3,e5c3d4ae9c40e564da7086da0ad98ef9f435263e8e4d9b8aa970408d603e69e0,0.3711930430145003,,64,tokens,,,do-hosted-closure-20260825-r1,digitalocean_public_request_v2,False,transport,,True,do-close-request-c75cf8d07c98955fb5eba50bc6f4,do-close-cell-526f29a50eb8a4728f0df3d20491f11ca7bed0f789e58e191f7682be99239ae3,False,,matched_control_closure,do-hosted-closure-20260825-r1,direct_completion,,2026-08-25T00:44:07.741860+00:00,client_rejection,,,unknown,,,,cap-extended-2,False,invalid_or_censored,"[""not_streamed_ttft_unobservable""]",False,,parameter_interactions,request_declared
,0,,True,,0,cache_miss_observed,8b66f3fed616343a7c9d97741208e5a21de115c50305b38370a86796a61968de,,,extended-parameters-2,,,do-close-cell-526f29a50eb8a4728f0df3d20491f11ca7bed0f789e58e191f7682be99239ae3,1,,,True,,,"[""parameter_interactions""]",,,2026-08-25T00:44:10.590983+00:00,nvidia-nemotron-3-super-120b,,,2.92e-05,,length,False,1.8868999760015868,False,0.5692393180215731,200,28,16.95903355079225,False,False,,,False,,request_payload_sha256_mismatch,32,16.841089337990127,billed_completion_tokens_over_request_minus_streamed_ttft_proxy,control_after,,,,,16.841089337990127,1.9001146159716882,True,49.16360340376911,True,0.0,True,False,0.569527009036392,orphaned,8c8f44cbf33cdd46581ca5a35125e5fb6130b6be607f7f0927d634ce231f2933,,541e392f07d4b49dfd4243c73055b1e4737d44a241f73a6733b67ff7f7d49626,do-close-request-4bd868ac3a31c4e30a4d56656dd8,526f29a50eb8a4728f0df3d20491f11ca7bed0f789e58e191f7682be99239ae3,541e392f07d4b49dfd4243c73055b1e4737d44a241f73a6733b67ff7f7d49626,2.46964162500808,,32,tokens,3c7176dcdbb111627656532fc8dab6a0add11ad3c5d096a1909bda99f53198a0,,do-hosted-closure-20260825-r1,digitalocean_public_request_v2,True,exact_text,,False,do-close-request-c75cf8d07c98955fb5eba50bc6f4,do-close-cell-526f29a50eb8a4728f0df3d20491f11ca7bed0f789e58e191f7682be99239ae3,False,28,matched_control_closure,do-hosted-closure-20260825-r1,direct_completion,,2026-08-25T00:44:08.120362+00:00,success,30,reasoning,streamed,1.900402306986507,,,cap-extended-2,False,valid_ordinary,[],True,0.569527009036392,parameter_interactions,request_declared
,0,,True,,0,cache_miss_observed,8b66f3fed616343a7c9d97741208e5a21de115c50305b38370a86796a61968de,,,extended-parameters-3,,,do-close-cell-7a31c51b65bcd6d98d8dca4eda18d7c689efb583dfb1a35f3fb80b8bf3fc71ac,1,,,True,,,"[""parameter_interactions""]",,,2026-08-25T00:44:12.960225+00:00,nvidia-nemotron-3-super-120b,,,2.86e-05,,length,False,1.7509921750170179,False,0.4783965490059927,200,26,18.275352943646933,False,False,,,False,,request_payload_sha256_mismatch,32,17.010314217276346,billed_completion_tokens_over_request_minus_streamed_ttft_proxy,control_before,,,,,17.010314217276346,1.8812115750042722,True,54.317908436513896,True,0.0,True,False,0.47866349696414545,orphaned,4f967c7d21ad134380a16161e037fac182a0801d9d3fff3af2b09a7077324393,,15e82487e78750436bdf0cea27a04bb33d8add164f337ddf3ce925d0ac5f76ff,do-close-request-8faf95c244f5d66f5119fda8a99d,7a31c51b65bcd6d98d8dca4eda18d7c689efb583dfb1a35f3fb80b8bf3fc71ac,15e82487e78750436bdf0cea27a04bb33d8add164f337ddf3ce925d0ac5f76ff,2.3598750719684176,,32,tokens,92094b50c2e22e57a203d9a5aae14ff81f2253123ff4b5e4d6f5b2000b4f5cc3,,do-hosted-closure-20260825-r1,digitalocean_public_request_v2,True,exact_text,,False,do-close-request-d35663f42f3edabfc1ff9e718861,do-close-cell-7a31c51b65bcd6d98d8dca4eda18d7c689efb583dfb1a35f3fb80b8bf3fc71ac,False,26,matched_control_closure,do-hosted-closure-20260825-r1,direct_completion,,2026-08-25T00:44:10.599648+00:00,success,30,reasoning,streamed,1.881478522962425,,,cap-extended-3,False,valid_ordinary,[],True,0.47866349696414545,parameter_interactions,request_declared
,0,,False,,,not_reported_unknown,8b66f3fed616343a7c9d97741208e5a21de115c50305b38370a86796a61968de,,,extended-parameters-3,,inconclusive,do-close-cell-7a31c51b65bcd6d98d8dca4eda18d7c689efb583dfb1a35f3fb80b8bf3fc71ac,1,,,True,matched_control_inconclusive,False,"[""parameter_interactions""]",,,2026-08-25T00:44:13.306526+00:00,nvidia-nemotron-3-super-120b,,ProviderHTTPError,0.0002825,,,False,,False,,400,,,False,False,,,False,,request_payload_sha256_mismatch,,,,probe,,,,,,,False,,True,0.0,True,False,,orphaned,4f967c7d21ad134380a16161e037fac182a0801d9d3fff3af2b09a7077324393,,83bf21e0a82e15e177ed31f56cd62b033bafbe449f164d6e2d7f49781607f961,do-close-request-d35663f42f3edabfc1ff9e718861,7a31c51b65bcd6d98d8dca4eda18d7c689efb583dfb1a35f3fb80b8bf3fc71ac,83bf21e0a82e15e177ed31f56cd62b033bafbe449f164d6e2d7f49781607f961,0.33857908798381686,,64,tokens,,,do-hosted-closure-20260825-r1,digitalocean_public_request_v2,False,transport,,True,do-close-request-d35663f42f3edabfc1ff9e718861,do-close-cell-7a31c51b65bcd6d98d8dca4eda18d7c689efb583dfb1a35f3fb80b8bf3fc71ac,False,,matched_control_closure,do-hosted-closure-20260825-r1,direct_completion,,2026-08-25T00:44:12.967880+00:00,client_rejection,,,unknown,,,,cap-extended-3,False,invalid_or_censored,"[""not_streamed_ttft_unobservable""]",False,,parameter_interactions,request_declared
,0,,True,,0,cache_miss_observed,8b66f3fed616343a7c9d97741208e5a21de115c50305b38370a86796a61968de,,,extended-parameters-3,,,do-close-cell-7a31c51b65bcd6d98d8dca4eda18d7c689efb583dfb1a35f3fb80b8bf3fc71ac,1,,,True,,,"[""parameter_interactions""]",,,2026-08-25T00:44:15.671261+00:00,nvidia-nemotron-3-super-120b,,,2.86e-05,,length,False,1.872161807026714,False,0.44123027595924214,200,26,17.092539693895908,False,False,,,False,,request_payload_sha256_mismatch,32,16.72134657589141,billed_completion_tokens_over_request_minus_streamed_ttft_proxy,control_after,,,,,16.72134657589141,1.9137214730144478,True,58.88935746014947,True,0.0,True,False,0.4415059209568426,orphaned,4f967c7d21ad134380a16161e037fac182a0801d9d3fff3af2b09a7077324393,,9de24af70bc3c5ad6737d125c5daabd7ae105a98c2409dbce84e88754a95797e,do-close-request-c76f9b1d739cb39705336f7d3cef,7a31c51b65bcd6d98d8dca4eda18d7c689efb583dfb1a35f3fb80b8bf3fc71ac,9de24af70bc3c5ad6737d125c5daabd7ae105a98c2409dbce84e88754a95797e,2.3552273939712904,,32,tokens,92094b50c2e22e57a203d9a5aae14ff81f2253123ff4b5e4d6f5b2000b4f5cc3,,do-hosted-closure-20260825-r1,digitalocean_public_request_v2,True,exact_text,,False,do-close-request-d35663f42f3edabfc1ff9e718861,do-close-cell-7a31c51b65bcd6d98d8dca4eda18d7c689efb583dfb1a35f3fb80b8bf3fc71ac,False,26,matched_control_closure,do-hosted-closure-20260825-r1,direct_completion,,2026-08-25T00:44:13.315638+00:00,success,30,reasoning,streamed,1.9139971180120483,,,cap-extended-3,False,valid_ordinary,[],True,0.4415059209568426,parameter_interactions,request_declared
,0,,True,,0,cache_miss_observed,8b66f3fed616343a7c9d97741208e5a21de115c50305b38370a86796a61968de,,,extended-parameters-4,,,do-close-cell-064acc92f4eb3eea2ad2ea14deb3fedb60b83b03fbe691f7f6ac938199d5462f,1,,,True,,,"[""parameter_interactions""]",,,2026-08-25T00:44:18.044272+00:00,nvidia-nemotron-3-super-120b,,,2.95e-05,,length,False,1.8562865640269592,False,0.48194436996709555,200,29,17.23871767437695,False,False,,,False,,request_payload_sha256_mismatch,32,17.01239723754691,billed_completion_tokens_over_request_minus_streamed_ttft_proxy,control_before,,,,,17.01239723754691,1.8809812369872816,True,60.1063472413933,True,0.0,True,False,0.48247816297225654,orphaned,e61f1333d5b778369b6f51b135e6f595499118974db0deee707e9626ca65f9fb,,02e29077b1ae46494e04f8dc40f6fdca0e0ec3205db6104887def903da7a41b7,do-close-request-ca6e7eedd40b2323d9b3cb944048,064acc92f4eb3eea2ad2ea14deb3fedb60b83b03fbe691f7f6ac938199d5462f,02e29077b1ae46494e04f8dc40f6fdca0e0ec3205db6104887def903da7a41b7,2.363459399959538,,32,tokens,6ec9ed02618acc9ce38014715b8ddaa21048f030ad756eee5c248bbaa2546d2c,,do-hosted-closure-20260825-r1,digitalocean_public_request_v2,True,exact_text,,False,do-close-request-a2a0fe0539732b5114a5c25f39ae,do-close-cell-064acc92f4eb3eea2ad2ea14deb3fedb60b83b03fbe691f7f6ac938199d5462f,False,29,matched_control_closure,do-hosted-closure-20260825-r1,direct_completion,,2026-08-25T00:44:15.680426+00:00,success,32,reasoning,streamed,1.8815150299924426,,,cap-extended-4,False,valid_ordinary,[],True,0.48247816297225654,parameter_interactions,request_declared
,0,,False,,,not_reported_unknown,8b66f3fed616343a7c9d97741208e5a21de115c50305b38370a86796a61968de,,,extended-parameters-4,,inconclusive,do-close-cell-064acc92f4eb3eea2ad2ea14deb3fedb60b83b03fbe691f7f6ac938199d5462f,1,,,True,matched_control_inconclusive,False,"[""parameter_interactions""]",,,2026-08-25T00:44:18.390109+00:00,nvidia-nemotron-3-super-120b,,ProviderHTTPError,0.0002771,,,False,,False,,400,,,False,False,,,False,,request_payload_sha256_mismatch,,,,probe,,,,,,,False,,True,0.0,True,False,,orphaned,e61f1333d5b778369b6f51b135e6f595499118974db0deee707e9626ca65f9fb,,70231e5964bc16f5948e2ed32db24fd8b7612a694c8e93fee1fd354535512faf,do-close-request-a2a0fe0539732b5114a5c25f39ae,064acc92f4eb3eea2ad2ea14deb3fedb60b83b03fbe691f7f6ac938199d5462f,70231e5964bc16f5948e2ed32db24fd8b7612a694c8e93fee1fd354535512faf,0.33869927003979683,,64,tokens,,,do-hosted-closure-20260825-r1,digitalocean_public_request_v2,False,transport,,True,do-close-request-a2a0fe0539732b5114a5c25f39ae,do-close-cell-064acc92f4eb3eea2ad2ea14deb3fedb60b83b03fbe691f7f6ac938199d5462f,False,,matched_control_closure,do-hosted-closure-20260825-r1,direct_completion,,2026-08-25T00:44:18.051349+00:00,client_rejection,,,unknown,,,,cap-extended-4,False,invalid_or_censored,"[""not_streamed_ttft_unobservable""]",False,,parameter_interactions,request_declared
,0,,True,,0,cache_miss_observed,8b66f3fed616343a7c9d97741208e5a21de115c50305b38370a86796a61968de,,,extended-parameters-4,,,do-close-cell-064acc92f4eb3eea2ad2ea14deb3fedb60b83b03fbe691f7f6ac938199d5462f,1,,,True,,,"[""parameter_interactions""]",,,2026-08-25T00:44:20.824888+00:00,nvidia-nemotron-3-super-120b,,,2.95e-05,,length,False,1.9049409019644372,False,0.5014127989998087,200,29,16.798421393020938,False,False,,,False,,request_payload_sha256_mismatch,32,16.612396467885677,billed_completion_tokens_over_request_minus_streamed_ttft_proxy,control_after,,,,,16.612396467885677,1.9262723510037176,True,57.80302659193134,True,0.0,True,False,0.5017038329970092,orphaned,e61f1333d5b778369b6f51b135e6f595499118974db0deee707e9626ca65f9fb,,32756e5f6f3b1ce9554c133fc0ccedd2d7e4fd5490d20c62cc207b94fdee78a2,do-close-request-d1e272b1f09ca457dcfac55eba62,064acc92f4eb3eea2ad2ea14deb3fedb60b83b03fbe691f7f6ac938199d5462f,32756e5f6f3b1ce9554c133fc0ccedd2d7e4fd5490d20c62cc207b94fdee78a2,2.427976184000727,,32,tokens,22290dbc1f5aad13aab0d7c0143437f97e259eef854873e782dcae0e948201f2,,do-hosted-closure-20260825-r1,digitalocean_public_request_v2,True,exact_text,,False,do-close-request-a2a0fe0539732b5114a5c25f39ae,do-close-cell-064acc92f4eb3eea2ad2ea14deb3fedb60b83b03fbe691f7f6ac938199d5462f,False,29,matched_control_closure,do-hosted-closure-20260825-r1,direct_completion,,2026-08-25T00:44:18.396511+00:00,success,31,reasoning,streamed,1.926563385000918,,,cap-extended-4,False,valid_ordinary,[],True,0.5017038329970092,parameter_interactions,request_declared
,0,,True,,240,cache_hit_observed,8b66f3fed616343a7c9d97741208e5a21de115c50305b38370a86796a61968de,,,cap-pairwise-32,,inconclusive,do-close-cell-a7944d841598d40a848ce3affdb7797277e84a3a2763b3c552dd78a69a870148,1,,,True,matched_control_inconclusive,False,"[""parameter_interactions""]",,,2026-08-25T00:44:22.295416+00:00,mimo-v2.5-pro,,,0.049254400000000004,,length,False,157.59565455000848,False,0.3360663799685426,200,256,207.92451475622389,False,False,,,False,,request_payload_sha256_mismatch,32768,202.99616708435278,billed_completion_tokens_over_request_minus_streamed_ttft_proxy,probe,,,,,202.99616708435278,161.42176707397448,False,,True,0.0,True,False,0.33633078599814326,orphaned,2bb58153ab18c1ad28d58245c533e9740d94d52a3d0a55056894a909629a9512,,67399ec10d7a14333ef06bb7d29240ca0b923b601acfea6f334d4e167bbc9db6,do-close-request-7d390b957eabfcd3f204a9285df7,a7944d841598d40a848ce3affdb7797277e84a3a2763b3c552dd78a69a870148,67399ec10d7a14333ef06bb7d29240ca0b923b601acfea6f334d4e167bbc9db6,161.75809785997262,,64,tokens,31f4c1e23b678117ec073482a2391e74e29ae132f91a4dba0f39bedae2cf0b7e,,do-hosted-closure-20260825-r1,digitalocean_public_request_v2,True,exact_text,,True,do-close-request-7d390b957eabfcd3f204a9285df7,do-close-cell-a7944d841598d40a848ce3affdb7797277e84a3a2763b3c552dd78a69a870148,False,256,matched_control_closure,do-hosted-closure-20260825-r1,direct_completion,,2026-08-25T00:41:40.536204+00:00,success,32768,reasoning,streamed,161.42203148000408,,,cap-pairwise-32,False,valid_ordinary,[],True,0.33633078599814326,parameter_interactions,request_declared
,0,,True,,0,cache_miss_observed,8b66f3fed616343a7c9d97741208e5a21de115c50305b38370a86796a61968de,,,extended-parameters-5,,,do-close-cell-40bdbf6a49dfeab41cde5e070f61570e063d807b1b6cadcad22f8ee7c1c83289,1,,,True,,,"[""parameter_interactions""]",,,2026-08-25T00:44:23.207317+00:00,nvidia-nemotron-3-super-120b,,,2.92e-05,,length,False,1.827812088013161,False,0.5062008129898459,200,28,17.507270145468908,False,False,,,False,,request_payload_sha256_mismatch,32,17.148454367760042,billed_completion_tokens_over_request_minus_streamed_ttft_proxy,control_before,,,,,17.148454367760042,1.8660573899978772,True,55.28327708398449,True,0.0,True,False,0.50648227595957,orphaned,f4948368990c612202b4daf571ba078b40e2a86ae09e1fd48bb138b0070188ae,,3dcc03a242bb9e140fe640f4cf1ff579e683216eee708718f5daf95769c487ec,do-close-request-0f91ca746523956e9285074bbde9,40bdbf6a49dfeab41cde5e070f61570e063d807b1b6cadcad22f8ee7c1c83289,3dcc03a242bb9e140fe640f4cf1ff579e683216eee708718f5daf95769c487ec,2.372539665957447,,32,tokens,6f93c85f6ea9ad929e4bbc9ee1055edd041ec92901e33c09e76d370c4147611d,,do-hosted-closure-20260825-r1,digitalocean_public_request_v2,True,exact_text,,False,do-close-request-3e0019bc84a1fdde3eed18a1ff08,do-close-cell-40bdbf6a49dfeab41cde5e070f61570e063d807b1b6cadcad22f8ee7c1c83289,False,28,matched_control_closure,do-hosted-closure-20260825-r1,direct_completion,,2026-08-25T00:44:20.834399+00:00,success,30,reasoning,streamed,1.8663388529676013,,,cap-extended-5,False,valid_ordinary,[],True,0.50648227595957,parameter_interactions,request_declared
,0,,True,,256,cache_hit_observed,8b66f3fed616343a7c9d97741208e5a21de115c50305b38370a86796a61968de,,,cap-pairwise-32,,,do-close-cell-a7944d841598d40a848ce3affdb7797277e84a3a2763b3c552dd78a69a870148,1,,,True,,,"[""parameter_interactions""]",,,2026-08-25T00:44:23.785647+00:00,mimo-v2.5-pro,,,0.00015319999999999998,,length,False,0.7525104369851761,False,0.5378037170157768,200,263,42.52432714183123,False,False,,,False,,request_payload_sha256_mismatch,32,34.84516572931738,billed_completion_tokens_over_request_minus_streamed_ttft_proxy,control_after,,,,,34.84516572931738,0.9183483369997703,False,,True,0.0,True,False,0.563416606048122,orphaned,2bb58153ab18c1ad28d58245c533e9740d94d52a3d0a55056894a909629a9512,,e46bf63eb87dda2574e785e6408cadae5cb54c370263e3250e56d95c22529161,do-close-request-bb51ad244caefc13fb4f69a8baca,a7944d841598d40a848ce3affdb7797277e84a3a2763b3c552dd78a69a870148,e46bf63eb87dda2574e785e6408cadae5cb54c370263e3250e56d95c22529161,1.4817649430478923,,32,tokens,c1cb19dee864ddcb0ccf115b43102d7cc1cb0e66939e1ad3e5ca1d92e396016a,,do-hosted-closure-20260825-r1,digitalocean_public_request_v2,True,exact_text,,False,do-close-request-7d390b957eabfcd3f204a9285df7,do-close-cell-a7944d841598d40a848ce3affdb7797277e84a3a2763b3c552dd78a69a870148,False,263,matched_control_closure,do-hosted-closure-20260825-r1,direct_completion,,2026-08-25T00:44:22.303352+00:00,success,31,reasoning,streamed,0.9439612260321155,,,cap-pairwise-32,False,valid_ordinary,[],True,0.563416606048122,parameter_interactions,request_declared
,0,,False,,,not_reported_unknown,8b66f3fed616343a7c9d97741208e5a21de115c50305b38370a86796a61968de,,,extended-parameters-5,,inconclusive,do-close-cell-40bdbf6a49dfeab41cde5e070f61570e063d807b1b6cadcad22f8ee7c1c83289,1,,,True,matched_control_inconclusive,False,"[""parameter_interactions""]",,,2026-08-25T00:44:23.798426+00:00,nvidia-nemotron-3-super-120b,,ProviderHTTPError,0.0002816,,,False,,False,,400,,,False,False,,,False,,request_payload_sha256_mismatch,,,,probe,,,,,,,False,,True,0.0,True,False,,orphaned,f4948368990c612202b4daf571ba078b40e2a86ae09e1fd48bb138b0070188ae,,c289185f65cd25a5d210532c1b1d3cba59cdd19431512037d61b35fbdfd4ac61,do-close-request-3e0019bc84a1fdde3eed18a1ff08,40bdbf6a49dfeab41cde5e070f61570e063d807b1b6cadcad22f8ee7c1c83289,c289185f65cd25a5d210532c1b1d3cba59cdd19431512037d61b35fbdfd4ac61,0.5839109460357577,,64,tokens,,,do-hosted-closure-20260825-r1,digitalocean_public_request_v2,False,transport,,True,do-close-request-3e0019bc84a1fdde3eed18a1ff08,do-close-cell-40bdbf6a49dfeab41cde5e070f61570e063d807b1b6cadcad22f8ee7c1c83289,False,,matched_control_closure,do-hosted-closure-20260825-r1,direct_completion,,2026-08-25T00:44:23.214455+00:00,client_rejection,,,unknown,,,,cap-extended-5,False,invalid_or_censored,"[""not_streamed_ttft_unobservable""]",False,,parameter_interactions,request_declared
,0,,True,,0,cache_miss_observed,8b66f3fed616343a7c9d97741208e5a21de115c50305b38370a86796a61968de,,,extended-parameters-5,,,do-close-cell-40bdbf6a49dfeab41cde5e070f61570e063d807b1b6cadcad22f8ee7c1c83289,1,,,True,,,"[""parameter_interactions""]",,,2026-08-25T00:44:26.238361+00:00,nvidia-nemotron-3-super-120b,,,2.92e-05,,length,False,1.8899449839955196,False,0.5195392729947343,200,28,16.931709796307945,False,False,,,False,,request_payload_sha256_mismatch,32,16.7218306356692,billed_completion_tokens_over_request_minus_streamed_ttft_proxy,control_after,,,,,16.7218306356692,1.9136660750373267,True,53.86472277796317,True,0.0,True,False,0.5198207389912568,orphaned,f4948368990c612202b4daf571ba078b40e2a86ae09e1fd48bb138b0070188ae,,0195457dfbaf19ba6248fd1592329cab71098ff2348d70449b9fd88391f5e35c,do-close-request-f542de5c968785062564ed99d0de,40bdbf6a49dfeab41cde5e070f61570e063d807b1b6cadcad22f8ee7c1c83289,0195457dfbaf19ba6248fd1592329cab71098ff2348d70449b9fd88391f5e35c,2.4334868140285835,,32,tokens,e8b501424fb05af9d33820a8b53e060528609e684000c6e805aea1060c1344b8,,do-hosted-closure-20260825-r1,digitalocean_public_request_v2,True,exact_text,,False,do-close-request-3e0019bc84a1fdde3eed18a1ff08,do-close-cell-40bdbf6a49dfeab41cde5e070f61570e063d807b1b6cadcad22f8ee7c1c83289,False,28,matched_control_closure,do-hosted-closure-20260825-r1,direct_completion,,2026-08-25T00:44:23.804488+00:00,success,32,reasoning,streamed,1.9139475410338491,,,cap-extended-5,False,valid_ordinary,[],True,0.5198207389912568,parameter_interactions,request_declared
,0,,True,,240,cache_hit_observed,8b66f3fed616343a7c9d97741208e5a21de115c50305b38370a86796a61968de,,,cap-pairwise-39,,,do-close-cell-5772e4e1604098f746be8cd52ed272df640b592bcbcac6378d1d8169493269e1,1,,,True,,,"[""parameter_interactions""]",,,2026-08-25T00:44:26.523287+00:00,mimo-v2.5-pro,,,0.00015319999999999998,,length,False,1.4896272040205076,False,0.9819739700178616,200,263,21.481884805562036,False,False,,,False,,request_payload_sha256_mismatch,32,21.025970206159535,billed_completion_tokens_over_request_minus_streamed_ttft_proxy,control_before,,,,,21.025970206159535,1.5219273919938132,False,,True,0.0,True,False,1.2063092269818299,orphaned,963e3d0e7406ccec076c69d264ec7964003940f3d6261ba0f839c98288741b18,,03d044882f4b7adc08369abb5510469b949f836b5f0d46303638795d960a4edb,do-close-request-c2bcb565db2111d457c082967d41,5772e4e1604098f746be8cd52ed272df640b592bcbcac6378d1d8169493269e1,03d044882f4b7adc08369abb5510469b949f836b5f0d46303638795d960a4edb,2.728236618975643,,32,tokens,31c0ead971eacea6dea967f9838341d6d58b27a35ce67e07e8d7cfbb170def64,,do-hosted-closure-20260825-r1,digitalocean_public_request_v2,True,exact_text,,False,do-close-request-a5c34219a2d56e8e2c253f2ffc00,do-close-cell-5772e4e1604098f746be8cd52ed272df640b592bcbcac6378d1d8169493269e1,False,263,matched_control_closure,do-hosted-closure-20260825-r1,direct_completion,,2026-08-25T00:44:23.794569+00:00,success,31,reasoning,streamed,1.7462626489577815,,,cap-pairwise-39,False,valid_ordinary,[],True,1.2063092269818299,parameter_interactions,request_declared
,0,,False,,,not_reported_unknown,8b66f3fed616343a7c9d97741208e5a21de115c50305b38370a86796a61968de,,,cap-pairwise-39,,inconclusive,do-close-cell-5772e4e1604098f746be8cd52ed272df640b592bcbcac6378d1d8169493269e1,1,,,True,matched_control_inconclusive,False,"[""parameter_interactions""]",,,2026-08-25T00:44:27.002300+00:00,mimo-v2.5-pro,,ProviderHTTPError,0.001312,,,False,,False,,400,,,False,False,,,False,,request_payload_sha256_mismatch,,,,probe,,,,,,,False,,True,0.0,True,False,,orphaned,963e3d0e7406ccec076c69d264ec7964003940f3d6261ba0f839c98288741b18,,f977ac9f1cebaa0adc22dcd827a91e8d52267546bdb025e5e5598801a35cf861,do-close-request-a5c34219a2d56e8e2c253f2ffc00,5772e4e1604098f746be8cd52ed272df640b592bcbcac6378d1d8169493269e1,f977ac9f1cebaa0adc22dcd827a91e8d52267546bdb025e5e5598801a35cf861,0.4722203990095295,,512,tokens,,,do-hosted-closure-20260825-r1,digitalocean_public_request_v2,False,transport,,True,do-close-request-a5c34219a2d56e8e2c253f2ffc00,do-close-cell-5772e4e1604098f746be8cd52ed272df640b592bcbcac6378d1d8169493269e1,False,,matched_control_closure,do-hosted-closure-20260825-r1,direct_completion,,2026-08-25T00:44:26.530004+00:00,client_rejection,,,unknown,,,,cap-pairwise-39,False,invalid_or_censored,"[""not_streamed_ttft_unobservable""]",False,,parameter_interactions,request_declared
,0,,True,,0,cache_miss_observed,8b66f3fed616343a7c9d97741208e5a21de115c50305b38370a86796a61968de,,,extended-parameters-6,,,do-close-cell-3b923cf4a984e9d9b1a60cd65836f6631b8fa0873902adc37f0ed2768a005aff,1,,,True,,,"[""parameter_interactions""]",,,2026-08-25T00:44:28.183682+00:00,nvidia-nemotron-3-super-120b,,,2.92e-05,,length,False,1.4942065890063532,False,0.41133078798884526,200,28,21.416047978532866,False,False,,,False,,request_payload_sha256_mismatch,32,20.99498155551239,billed_completion_tokens_over_request_minus_streamed_ttft_proxy,control_before,,,,,20.99498155551239,1.5241737610194832,True,67.99251653320404,True,0.0,True,False,0.4118100259802304,orphaned,67030b281484830c9e89ad8b299af5324dafffdf7433fae7e3597e4e2167fd5c,,c24ccc31cb6fda343af0737482f343098d2c3ea60efdfecba01b684f0e9f9f4a,do-close-request-2dc26a0c3b44fc5896c2e24662e8,3b923cf4a984e9d9b1a60cd65836f6631b8fa0873902adc37f0ed2768a005aff,c24ccc31cb6fda343af0737482f343098d2c3ea60efdfecba01b684f0e9f9f4a,1.9359837869997136,,32,tokens,9e10e6cd5bfc9f4857e5d72e06457dac34a77419c67a4c8a03ad89be1037fd10,,do-hosted-closure-20260825-r1,digitalocean_public_request_v2,True,exact_text,,False,do-close-request-770d7f0ccec2b961f3540641d218,do-close-cell-3b923cf4a984e9d9b1a60cd65836f6631b8fa0873902adc37f0ed2768a005aff,False,28,matched_control_closure,do-hosted-closure-20260825-r1,direct_completion,,2026-08-25T00:44:26.247300+00:00,success,30,reasoning,streamed,1.5246529990108684,,,cap-extended-6,False,valid_ordinary,[],True,0.4118100259802304,parameter_interactions,request_declared
,0,,False,,,not_reported_unknown,8b66f3fed616343a7c9d97741208e5a21de115c50305b38370a86796a61968de,,,extended-parameters-6,,inconclusive,do-close-cell-3b923cf4a984e9d9b1a60cd65836f6631b8fa0873902adc37f0ed2768a005aff,1,,,True,matched_control_inconclusive,False,"[""parameter_interactions""]",,,2026-08-25T00:44:28.506321+00:00,nvidia-nemotron-3-super-120b,,ProviderHTTPError,0.0002765,,,False,,False,,400,,,False,False,,,False,,request_payload_sha256_mismatch,,,,probe,,,,,,,False,,True,0.0,True,False,,orphaned,67030b281484830c9e89ad8b299af5324dafffdf7433fae7e3597e4e2167fd5c,,31da14492aef88031d1169595c198e7bff74d1a4273133257d31612bbeb16884,do-close-request-770d7f0ccec2b961f3540641d218,3b923cf4a984e9d9b1a60cd65836f6631b8fa0873902adc37f0ed2768a005aff,31da14492aef88031d1169595c198e7bff74d1a4273133257d31612bbeb16884,0.3153026819927618,,64,tokens,,,do-hosted-closure-20260825-r1,digitalocean_public_request_v2,False,transport,,True,do-close-request-770d7f0ccec2b961f3540641d218,do-close-cell-3b923cf4a984e9d9b1a60cd65836f6631b8fa0873902adc37f0ed2768a005aff,False,,matched_control_closure,do-hosted-closure-20260825-r1,direct_completion,,2026-08-25T00:44:28.190960+00:00,client_rejection,,,unknown,,,,cap-extended-6,False,invalid_or_censored,"[""not_streamed_ttft_unobservable""]",False,,parameter_interactions,request_declared
,0,,True,,256,cache_hit_observed,8b66f3fed616343a7c9d97741208e5a21de115c50305b38370a86796a61968de,,,cap-pairwise-39,,,do-close-cell-5772e4e1604098f746be8cd52ed272df640b592bcbcac6378d1d8169493269e1,1,,,True,,,"[""parameter_interactions""]",,,2026-08-25T00:44:30.939653+00:00,mimo-v2.5-pro,,,0.00015319999999999998,,length,False,0.563448051980231,False,3.28482773702126,200,263,56.79316822116326,False,False,,,False,,request_payload_sha256_mismatch,32,51.52523934612838,billed_completion_tokens_over_request_minus_streamed_ttft_proxy,control_after,,,,,51.52523934612838,0.6210548540111631,False,,True,0.0,True,False,3.3096566820167936,orphaned,963e3d0e7406ccec076c69d264ec7964003940f3d6261ba0f839c98288741b18,,d1d628c83f932bb1297981bc901b35984858915b8feec2eac551cce74786ca29,do-close-request-180f45539b545b7554b1dec74a3b,5772e4e1604098f746be8cd52ed272df640b592bcbcac6378d1d8169493269e1,d1d628c83f932bb1297981bc901b35984858915b8feec2eac551cce74786ca29,3.9307115360279568,,32,tokens,67c5a45e6426636dc301c07cbe3285ddbe29a69ecf9b6a79e3a76cf1dc04b9de,,do-hosted-closure-20260825-r1,digitalocean_public_request_v2,True,exact_text,,False,do-close-request-a5c34219a2d56e8e2c253f2ffc00,do-close-cell-5772e4e1604098f746be8cd52ed272df640b592bcbcac6378d1d8169493269e1,False,263,matched_control_closure,do-hosted-closure-20260825-r1,direct_completion,,2026-08-25T00:44:27.008523+00:00,success,31,reasoning,streamed,0.6458837990066968,,,cap-pairwise-39,False,valid_ordinary,[],True,3.3096566820167936,parameter_interactions,request_declared
,0,,True,,0,cache_miss_observed,8b66f3fed616343a7c9d97741208e5a21de115c50305b38370a86796a61968de,,,extended-parameters-6,,,do-close-cell-3b923cf4a984e9d9b1a60cd65836f6631b8fa0873902adc37f0ed2768a005aff,1,,,True,,,"[""parameter_interactions""]",,,2026-08-25T00:44:31.299294+00:00,nvidia-nemotron-3-super-120b,,,2.92e-05,,length,False,2.1660866400343366,False,0.6107425669906661,200,28,14.77318561897078,False,False,,,False,,request_payload_sha256_mismatch,32,14.712444292419608,billed_completion_tokens_over_request_minus_streamed_ttft_proxy,control_after,,,,,14.712444292419608,2.175029475998599,True,45.82412723382773,True,0.0,True,False,0.6110318229766563,orphaned,67030b281484830c9e89ad8b299af5324dafffdf7433fae7e3597e4e2167fd5c,,a8349284b7d75c7cbabceeddbcdc8f9ac55aba70406043974fb4dbafe7378f34,do-close-request-88a7e5a26b2bf996eea9adf3098b,3b923cf4a984e9d9b1a60cd65836f6631b8fa0873902adc37f0ed2768a005aff,a8349284b7d75c7cbabceeddbcdc8f9ac55aba70406043974fb4dbafe7378f34,2.7860612989752553,,32,tokens,9e10e6cd5bfc9f4857e5d72e06457dac34a77419c67a4c8a03ad89be1037fd10,,do-hosted-closure-20260825-r1,digitalocean_public_request_v2,True,exact_text,,False,do-close-request-770d7f0ccec2b961f3540641d218,do-close-cell-3b923cf4a984e9d9b1a60cd65836f6631b8fa0873902adc37f0ed2768a005aff,False,28,matched_control_closure,do-hosted-closure-20260825-r1,direct_completion,,2026-08-25T00:44:28.512815+00:00,success,30,reasoning,streamed,2.1753187319845892,,,cap-extended-6,False,valid_ordinary,[],True,0.6110318229766563,parameter_interactions,request_declared
,0,,True,,240,cache_hit_observed,8b66f3fed616343a7c9d97741208e5a21de115c50305b38370a86796a61968de,,,extended-parameters-4,,,do-close-cell-37c98a27369d9154a9f528ae9365f6210b7093730fabaaefa6b6be7856024a02,1,,,True,,,"[""parameter_interactions""]",,,2026-08-25T00:44:32.398820+00:00,mimo-v2.5-pro,,,0.00015319999999999998,,length,False,0.7393000340089202,False,0.6603114679455757,200,263,43.28418575402622,False,False,,,False,,request_payload_sha256_mismatch,32,41.550492137636304,billed_completion_tokens_over_request_minus_streamed_ttft_proxy,control_before,,,,,41.550492137636304,0.7701473160414025,False,,True,0.0,True,False,0.6797031219466589,orphaned,bc83d1c0ac5f2fea70d508fd9a5be07b2b393ecb48da6bfba6a62fa4cbfe7d22,,03977c0c34e27070edb2c36ebca4a1ea2268bdbe1d61c09f1c6434f01cb187cc,do-close-request-0739d1dbe7ccecea532e2c8280f5,37c98a27369d9154a9f528ae9365f6210b7093730fabaaefa6b6be7856024a02,03977c0c34e27070edb2c36ebca4a1ea2268bdbe1d61c09f1c6434f01cb187cc,1.4498504379880615,,32,tokens,63c3b3050173f0d3b03aae83b646a892669f488b2fe2c125ff3427c81cd758e3,,do-hosted-closure-20260825-r1,digitalocean_public_request_v2,True,exact_text,,False,do-close-request-1a64b5df40c696d6ea34261237e0,do-close-cell-37c98a27369d9154a9f528ae9365f6210b7093730fabaaefa6b6be7856024a02,False,263,matched_control_closure,do-hosted-closure-20260825-r1,direct_completion,,2026-08-25T00:44:30.948447+00:00,success,31,reasoning,streamed,0.7895389700424857,,,cap-extended-4,False,valid_ordinary,[],True,0.6797031219466589,parameter_interactions,request_declared
,0,,True,,0,cache_miss_observed,8b66f3fed616343a7c9d97741208e5a21de115c50305b38370a86796a61968de,,,parallel-tool-calls-false,,,do-close-cell-214963b6cd593498bb7497183f576141c82096557091c6d61d64729b8b7f6549,1,,,True,,,"[""tool_calling""]",,,2026-08-25T00:44:33.506441+00:00,nvidia-nemotron-3-super-120b,,,2.95e-05,,length,False,1.6168917859904468,False,0.5550120300031267,200,29,19.79105854656687,False,False,,,False,,request_payload_sha256_mismatch,32,19.495178873959077,billed_completion_tokens_over_request_minus_streamed_ttft_proxy,control_before,,,,,19.495178873959077,1.6414314639987424,True,52.216591990387066,True,0.0,True,False,0.5553790259873495,orphaned,334ed0f4330f142741cb1058b5e3ab5ba37b36f3d3bed5fcb5ef21434b234f21,,d28cca1ca2db5e9227d16a1632f31f93b1adcc45f1ad440ce108bba12fdaaf1d,do-close-request-c371a22336333a2b0c1cbd17f2f2,214963b6cd593498bb7497183f576141c82096557091c6d61d64729b8b7f6549,d28cca1ca2db5e9227d16a1632f31f93b1adcc45f1ad440ce108bba12fdaaf1d,2.196810489986092,,32,tokens,3929c158f93a939f05385e39ad334e35d56d42302d0b1b3426cdafc966b10e27,,do-hosted-closure-20260825-r1,digitalocean_public_request_v2,True,exact_text,,False,do-close-request-7f7c01f4ef90cbba9637556b6767,do-close-cell-214963b6cd593498bb7497183f576141c82096557091c6d61d64729b8b7f6549,False,29,matched_control_closure,do-hosted-closure-20260825-r1,direct_completion,,2026-08-25T00:44:31.309134+00:00,success,30,reasoning,streamed,1.6417984599829651,,,cap-parallel-false,False,valid_ordinary,[],True,0.5553790259873495,tool_calling,request_declared
,0,,False,,,not_reported_unknown,8b66f3fed616343a7c9d97741208e5a21de115c50305b38370a86796a61968de,,,parallel-tool-calls-false,,,do-close-cell-214963b6cd593498bb7497183f576141c82096557091c6d61d64729b8b7f6549,1,,,True,,,"[""tool_calling""]",,,2026-08-25T00:44:34.588186+00:00,nvidia-nemotron-3-super-120b,,ProviderHTTPError,0.0004551,,,False,,False,,500,,,False,False,,,False,,request_payload_sha256_mismatch,,,,probe,,,,,,,False,,True,0.0,True,False,,orphaned,334ed0f4330f142741cb1058b5e3ab5ba37b36f3d3bed5fcb5ef21434b234f21,,a1a4693f48706cd48ba9d2f7bd57dca9979f14c7a248b86aae15c695b0489384,do-close-request-8a3209a42cf5c7d804a19760ba9f,214963b6cd593498bb7497183f576141c82096557091c6d61d64729b8b7f6549,a1a4693f48706cd48ba9d2f7bd57dca9979f14c7a248b86aae15c695b0489384,1.074851810990367,,96,tokens,,,do-hosted-closure-20260825-r1,digitalocean_public_request_v2,False,transport,,False,do-close-request-7f7c01f4ef90cbba9637556b6767,do-close-cell-214963b6cd593498bb7497183f576141c82096557091c6d61d64729b8b7f6549,True,,matched_control_closure,do-hosted-closure-20260825-r1,direct_completion,,2026-08-25T00:44:33.513278+00:00,provider_error,,,unknown,,,,cap-parallel-false,False,invalid_or_censored,"[""not_streamed_ttft_unobservable""]",False,,tool_calling,request_declared
,0,,True,,0,cache_miss_observed,8b66f3fed616343a7c9d97741208e5a21de115c50305b38370a86796a61968de,,,parallel-tool-calls-false,,,do-close-cell-214963b6cd593498bb7497183f576141c82096557091c6d61d64729b8b7f6549,1,,,True,,,"[""tool_calling""]",,,2026-08-25T00:44:36.959121+00:00,nvidia-nemotron-3-super-120b,,,2.95e-05,,length,False,1.8498849419993348,False,0.4814900209894404,200,29,17.298373143907405,False,False,,,False,,request_payload_sha256_mismatch,32,17.004395780017106,billed_completion_tokens_over_request_minus_streamed_ttft_proxy,control_after,,,,,17.004395780017106,1.8818663370329887,True,60.16131759794165,True,0.0,True,False,0.48203731497051194,orphaned,334ed0f4330f142741cb1058b5e3ab5ba37b36f3d3bed5fcb5ef21434b234f21,,d8079f8ee124bfcfac9fbcb4b7d7524d5d4326067f7eb46b4480ce96e2160e7e,do-close-request-9c278e7752725aac8afaf574e3b3,214963b6cd593498bb7497183f576141c82096557091c6d61d64729b8b7f6549,d8079f8ee124bfcfac9fbcb4b7d7524d5d4326067f7eb46b4480ce96e2160e7e,2.3639036520035006,,32,tokens,3929c158f93a939f05385e39ad334e35d56d42302d0b1b3426cdafc966b10e27,,do-hosted-closure-20260825-r1,digitalocean_public_request_v2,True,exact_text,,False,do-close-request-7f7c01f4ef90cbba9637556b6767,do-close-cell-214963b6cd593498bb7497183f576141c82096557091c6d61d64729b8b7f6549,False,29,matched_control_closure,do-hosted-closure-20260825-r1,direct_completion,,2026-08-25T00:44:34.594878+00:00,success,30,reasoning,streamed,1.8824136310140602,,,cap-parallel-false,False,valid_ordinary,[],True,0.48203731497051194,tool_calling,request_declared
,1,,True,,0,cache_miss_observed,8b66f3fed616343a7c9d97741208e5a21de115c50305b38370a86796a61968de,,,parallel-tool-calls-false,,,do-close-cell-214963b6cd593498bb7497183f576141c82096557091c6d61d64729b8b7f6549,1,,,True,,,"[""tool_calling""]",,,2026-08-25T00:44:41.501944+00:00,nvidia-nemotron-3-super-120b,,,2.95e-05,,length,False,2.0361846479936503,False,0.45829757396131754,200,29,15.715667059729148,False,False,,,False,,request_payload_sha256_mismatch,32,15.418852694911092,billed_completion_tokens_over_request_minus_streamed_ttft_proxy,control_before,,,,,15.418852694911092,2.075381394010037,True,63.220928278339066,True,0.0,True,False,0.4587088609696366,orphaned,334ed0f4330f142741cb1058b5e3ab5ba37b36f3d3bed5fcb5ef21434b234f21,,d28cca1ca2db5e9227d16a1632f31f93b1adcc45f1ad440ce108bba12fdaaf1d,do-close-request-bc29b9eb63c2447db21386f519f6,214963b6cd593498bb7497183f576141c82096557091c6d61d64729b8b7f6549,d28cca1ca2db5e9227d16a1632f31f93b1adcc45f1ad440ce108bba12fdaaf1d,2.5340902549796738,,32,tokens,3929c158f93a939f05385e39ad334e35d56d42302d0b1b3426cdafc966b10e27,,do-hosted-closure-20260825-r1,digitalocean_public_request_v2,True,exact_text,,False,do-close-request-7f7c01f4ef90cbba9637556b6767,do-close-cell-214963b6cd593498bb7497183f576141c82096557091c6d61d64729b8b7f6549,False,29,matched_control_closure,do-hosted-closure-20260825-r1,direct_completion,,2026-08-25T00:44:38.967456+00:00,success,30,reasoning,streamed,2.0757926810183562,,,cap-parallel-false,False,valid_ordinary,[],True,0.4587088609696366,tool_calling,request_declared
,1,,False,,,not_reported_unknown,8b66f3fed616343a7c9d97741208e5a21de115c50305b38370a86796a61968de,,,parallel-tool-calls-false,,inconclusive,do-close-cell-214963b6cd593498bb7497183f576141c82096557091c6d61d64729b8b7f6549,1,,,True,matched_control_inconclusive,False,"[""tool_calling""]",,,2026-08-25T00:44:42.597280+00:00,nvidia-nemotron-3-super-120b,,ProviderHTTPError,0.0004551,,,False,,False,,500,,,False,False,,,False,,request_payload_sha256_mismatch,,,,probe,,,,,,,False,,True,0.0,True,False,,orphaned,334ed0f4330f142741cb1058b5e3ab5ba37b36f3d3bed5fcb5ef21434b234f21,,a1a4693f48706cd48ba9d2f7bd57dca9979f14c7a248b86aae15c695b0489384,do-close-request-7f7c01f4ef90cbba9637556b6767,214963b6cd593498bb7497183f576141c82096557091c6d61d64729b8b7f6549,a1a4693f48706cd48ba9d2f7bd57dca9979f14c7a248b86aae15c695b0489384,1.085404796001967,,96,tokens,,,do-hosted-closure-20260825-r1,digitalocean_public_request_v2,False,transport,,True,do-close-request-7f7c01f4ef90cbba9637556b6767,do-close-cell-214963b6cd593498bb7497183f576141c82096557091c6d61d64729b8b7f6549,True,,matched_control_closure,do-hosted-closure-20260825-r1,direct_completion,,2026-08-25T00:44:41.511813+00:00,provider_error,,,unknown,,,,cap-parallel-false,False,invalid_or_censored,"[""not_streamed_ttft_unobservable""]",False,,tool_calling,request_declared
,1,,True,,0,cache_miss_observed,8b66f3fed616343a7c9d97741208e5a21de115c50305b38370a86796a61968de,,,parallel-tool-calls-false,,,do-close-cell-214963b6cd593498bb7497183f576141c82096557091c6d61d64729b8b7f6549,1,,,True,,,"[""tool_calling""]",,,2026-08-25T00:44:45.117433+00:00,nvidia-nemotron-3-super-120b,,,2.95e-05,,length,False,1.691081934957765,False,0.8138654609792866,200,29,18.922796902090496,False,False,,,False,,request_payload_sha256_mismatch,32,18.832340532220247,billed_completion_tokens_over_request_minus_streamed_ttft_proxy,control_after,,,,,18.832340532220247,1.6992046179948375,True,35.6200149311214,True,0.0,True,False,0.8141490130219609,orphaned,334ed0f4330f142741cb1058b5e3ab5ba37b36f3d3bed5fcb5ef21434b234f21,,d8079f8ee124bfcfac9fbcb4b7d7524d5d4326067f7eb46b4480ce96e2160e7e,do-close-request-04829987f7c87e2701ed5a754125,214963b6cd593498bb7497183f576141c82096557091c6d61d64729b8b7f6549,d8079f8ee124bfcfac9fbcb4b7d7524d5d4326067f7eb46b4480ce96e2160e7e,2.5133536310167983,,32,tokens,3929c158f93a939f05385e39ad334e35d56d42302d0b1b3426cdafc966b10e27,,do-hosted-closure-20260825-r1,digitalocean_public_request_v2,True,exact_text,,False,do-close-request-7f7c01f4ef90cbba9637556b6767,do-close-cell-214963b6cd593498bb7497183f576141c82096557091c6d61d64729b8b7f6549,False,29,matched_control_closure,do-hosted-closure-20260825-r1,direct_completion,,2026-08-25T00:44:42.603462+00:00,success,30,reasoning,streamed,1.6994881700375117,,,cap-parallel-false,False,valid_ordinary,[],True,0.8141490130219609,tool_calling,request_declared
,0,,True,,0,cache_miss_observed,8b66f3fed616343a7c9d97741208e5a21de115c50305b38370a86796a61968de,,,parallel-tool-calls-true,,,do-close-cell-e762ed37c334e69b1ecd739b6cb7a9768d1c001aa4b677bd4a6a6dcd641cdc06,1,,,True,,,"[""tool_calling""]",,,2026-08-25T00:44:51.403082+00:00,nvidia-nemotron-3-super-120b,,,2.8899999999999998e-05,,length,False,1.7888507709722035,False,0.44856585399247706,200,27,17.888579930347493,False,False,,,False,,request_payload_sha256_mismatch,32,17.52595568445998,billed_completion_tokens_over_request_minus_streamed_ttft_proxy,control_before,,,,,17.52595568445998,1.8258633409859613,True,60.154295096157384,True,0.0,True,False,0.4488457550178282,orphaned,80abfc94e164cd02363499bb14b0a67f1b6b17a7e442908626c54a28195ffe8e,,cd75d22ec6ad81d7cf46f84e035e2bff2f0463f97206f958067f62a1e3409c86,do-close-request-95c27a6fc77c7f28803a67d48bbd,e762ed37c334e69b1ecd739b6cb7a9768d1c001aa4b677bd4a6a6dcd641cdc06,cd75d22ec6ad81d7cf46f84e035e2bff2f0463f97206f958067f62a1e3409c86,2.2747090960037895,,32,tokens,621d4a26ac45bcc80787add14e1d08a7e6bce367dd365a05e51fb61a163cc98a,,do-hosted-closure-20260825-r1,digitalocean_public_request_v2,True,exact_text,,False,do-close-request-4932aad74cf92f91a991d80d8938,do-close-cell-e762ed37c334e69b1ecd739b6cb7a9768d1c001aa4b677bd4a6a6dcd641cdc06,False,27,matched_control_closure,do-hosted-closure-20260825-r1,direct_completion,,2026-08-25T00:44:49.128001+00:00,success,30,reasoning,streamed,1.8261432420113124,,,cap-parallel-true,False,valid_ordinary,[],True,0.4488457550178282,tool_calling,request_declared
,0,,False,,,not_reported_unknown,8b66f3fed616343a7c9d97741208e5a21de115c50305b38370a86796a61968de,,,parallel-tool-calls-true,,,do-close-cell-e762ed37c334e69b1ecd739b6cb7a9768d1c001aa4b677bd4a6a6dcd641cdc06,1,,,True,,,"[""tool_calling""]",,,2026-08-25T00:44:52.571155+00:00,nvidia-nemotron-3-super-120b,,ProviderHTTPError,0.0004518,,,False,,False,,500,,,False,False,,,False,,request_payload_sha256_mismatch,,,,probe,,,,,,,False,,True,0.0,True,False,,orphaned,80abfc94e164cd02363499bb14b0a67f1b6b17a7e442908626c54a28195ffe8e,,e02cb3f8355022057da863f8004aba7cc507c219415842b05927b112487a56cc,do-close-request-6e2ee1a11226250de8f9eba92936,e762ed37c334e69b1ecd739b6cb7a9768d1c001aa4b677bd4a6a6dcd641cdc06,e02cb3f8355022057da863f8004aba7cc507c219415842b05927b112487a56cc,1.161140626994893,,96,tokens,,,do-hosted-closure-20260825-r1,digitalocean_public_request_v2,False,transport,,False,do-close-request-4932aad74cf92f91a991d80d8938,do-close-cell-e762ed37c334e69b1ecd739b6cb7a9768d1c001aa4b677bd4a6a6dcd641cdc06,True,,matched_control_closure,do-hosted-closure-20260825-r1,direct_completion,,2026-08-25T00:44:51.409956+00:00,provider_error,,,unknown,,,,cap-parallel-true,False,invalid_or_censored,"[""not_streamed_ttft_unobservable""]",False,,tool_calling,request_declared
,0,,True,,0,cache_miss_observed,8b66f3fed616343a7c9d97741208e5a21de115c50305b38370a86796a61968de,,,parallel-tool-calls-true,,,do-close-cell-e762ed37c334e69b1ecd739b6cb7a9768d1c001aa4b677bd4a6a6dcd641cdc06,1,,,True,,,"[""tool_calling""]",,,2026-08-25T00:44:55.097368+00:00,nvidia-nemotron-3-super-120b,,,2.8899999999999998e-05,,length,False,1.9133458079886623,False,0.5066654169932008,200,27,16.72462963380304,False,False,,,False,,request_payload_sha256_mismatch,32,15.901044081854133,billed_completion_tokens_over_request_minus_streamed_ttft_proxy,control_after,,,,,15.901044081854133,2.0124464679975063,True,53.25781947837526,True,0.0,True,False,0.5069678080035374,orphaned,80abfc94e164cd02363499bb14b0a67f1b6b17a7e442908626c54a28195ffe8e,,1605b9fed09bbdb530a66e760aef9104cf5f53ca68efed95563cf6240e609d46,do-close-request-609cbbd173099c90cc273bebf895,e762ed37c334e69b1ecd739b6cb7a9768d1c001aa4b677bd4a6a6dcd641cdc06,1605b9fed09bbdb530a66e760aef9104cf5f53ca68efed95563cf6240e609d46,2.5194142760010436,,32,tokens,621d4a26ac45bcc80787add14e1d08a7e6bce367dd365a05e51fb61a163cc98a,,do-hosted-closure-20260825-r1,digitalocean_public_request_v2,True,exact_text,,False,do-close-request-4932aad74cf92f91a991d80d8938,do-close-cell-e762ed37c334e69b1ecd739b6cb7a9768d1c001aa4b677bd4a6a6dcd641cdc06,False,27,matched_control_closure,do-hosted-closure-20260825-r1,direct_completion,,2026-08-25T00:44:52.577569+00:00,success,30,reasoning,streamed,2.012748859007843,,,cap-parallel-true,False,valid_ordinary,[],True,0.5069678080035374,tool_calling,request_declared
,1,,True,,0,cache_miss_observed,8b66f3fed616343a7c9d97741208e5a21de115c50305b38370a86796a61968de,,,parallel-tool-calls-true,,,do-close-cell-e762ed37c334e69b1ecd739b6cb7a9768d1c001aa4b677bd4a6a6dcd641cdc06,1,,,True,,,"[""tool_calling""]",,,2026-08-25T00:44:59.690696+00:00,nvidia-nemotron-3-super-120b,,,2.8899999999999998e-05,,length,False,2.0805873420322314,False,0.4809468729654327,200,27,15.380272365179213,False,False,,,False,,request_payload_sha256_mismatch,32,15.213666356688483,billed_completion_tokens_over_request_minus_streamed_ttft_proxy,control_before,,,,,15.213666356688483,2.1033720110426657,True,56.10782802872694,True,0.0,True,False,0.48121627495856956,orphaned,80abfc94e164cd02363499bb14b0a67f1b6b17a7e442908626c54a28195ffe8e,,cd75d22ec6ad81d7cf46f84e035e2bff2f0463f97206f958067f62a1e3409c86,do-close-request-8016cd7e80766b0c3aa99a4aba5e,e762ed37c334e69b1ecd739b6cb7a9768d1c001aa4b677bd4a6a6dcd641cdc06,cd75d22ec6ad81d7cf46f84e035e2bff2f0463f97206f958067f62a1e3409c86,2.5845882860012352,,32,tokens,621d4a26ac45bcc80787add14e1d08a7e6bce367dd365a05e51fb61a163cc98a,,do-hosted-closure-20260825-r1,digitalocean_public_request_v2,True,exact_text,,False,do-close-request-4932aad74cf92f91a991d80d8938,do-close-cell-e762ed37c334e69b1ecd739b6cb7a9768d1c001aa4b677bd4a6a6dcd641cdc06,False,27,matched_control_closure,do-hosted-closure-20260825-r1,direct_completion,,2026-08-25T00:44:57.105732+00:00,success,30,reasoning,streamed,2.1036414130358025,,,cap-parallel-true,False,valid_ordinary,[],True,0.48121627495856956,tool_calling,request_declared
,1,,False,,,not_reported_unknown,8b66f3fed616343a7c9d97741208e5a21de115c50305b38370a86796a61968de,,,parallel-tool-calls-true,,inconclusive,do-close-cell-e762ed37c334e69b1ecd739b6cb7a9768d1c001aa4b677bd4a6a6dcd641cdc06,1,,,True,matched_control_inconclusive,False,"[""tool_calling""]",,,2026-08-25T00:45:00.572081+00:00,nvidia-nemotron-3-super-120b,,ProviderHTTPError,0.0004518,,,False,,False,,500,,,False,False,,,False,,request_payload_sha256_mismatch,,,,probe,,,,,,,False,,True,0.0,True,False,,orphaned,80abfc94e164cd02363499bb14b0a67f1b6b17a7e442908626c54a28195ffe8e,,e02cb3f8355022057da863f8004aba7cc507c219415842b05927b112487a56cc,do-close-request-4932aad74cf92f91a991d80d8938,e762ed37c334e69b1ecd739b6cb7a9768d1c001aa4b677bd4a6a6dcd641cdc06,e02cb3f8355022057da863f8004aba7cc507c219415842b05927b112487a56cc,0.8747327259625308,,96,tokens,,,do-hosted-closure-20260825-r1,digitalocean_public_request_v2,False,transport,,True,do-close-request-4932aad74cf92f91a991d80d8938,do-close-cell-e762ed37c334e69b1ecd739b6cb7a9768d1c001aa4b677bd4a6a6dcd641cdc06,True,,matched_control_closure,do-hosted-closure-20260825-r1,direct_completion,,2026-08-25T00:44:59.697293+00:00,provider_error,,,unknown,,,,cap-parallel-true,False,invalid_or_censored,"[""not_streamed_ttft_unobservable""]",False,,tool_calling,request_declared
,1,,True,,0,cache_miss_observed,8b66f3fed616343a7c9d97741208e5a21de115c50305b38370a86796a61968de,,,parallel-tool-calls-true,,,do-close-cell-e762ed37c334e69b1ecd739b6cb7a9768d1c001aa4b677bd4a6a6dcd641cdc06,1,,,True,,,"[""tool_calling""]",,,2026-08-25T00:45:02.877405+00:00,nvidia-nemotron-3-super-120b,,,2.8899999999999998e-05,,length,False,1.6781275710090995,False,0.5078233469976112,200,27,19.068872088644376,False,False,,,False,,request_payload_sha256_mismatch,32,17.88340241844656,billed_completion_tokens_over_request_minus_streamed_ttft_proxy,control_after,,,,,17.88340241844656,1.7893686699680984,True,53.120890689357665,True,0.0,True,False,0.5082746100379154,orphaned,80abfc94e164cd02363499bb14b0a67f1b6b17a7e442908626c54a28195ffe8e,,1605b9fed09bbdb530a66e760aef9104cf5f53ca68efed95563cf6240e609d46,do-close-request-6f8313231ab767191fc244a88a4b,e762ed37c334e69b1ecd739b6cb7a9768d1c001aa4b677bd4a6a6dcd641cdc06,1605b9fed09bbdb530a66e760aef9104cf5f53ca68efed95563cf6240e609d46,2.297643280006014,,32,tokens,621d4a26ac45bcc80787add14e1d08a7e6bce367dd365a05e51fb61a163cc98a,,do-hosted-closure-20260825-r1,digitalocean_public_request_v2,True,exact_text,,False,do-close-request-4932aad74cf92f91a991d80d8938,do-close-cell-e762ed37c334e69b1ecd739b6cb7a9768d1c001aa4b677bd4a6a6dcd641cdc06,False,27,matched_control_closure,do-hosted-closure-20260825-r1,direct_completion,,2026-08-25T00:45:00.578918+00:00,success,30,reasoning,streamed,1.7898199330084026,,,cap-parallel-true,False,valid_ordinary,[],True,0.5082746100379154,tool_calling,request_declared
,0,,True,,0,cache_miss_observed,8b66f3fed616343a7c9d97741208e5a21de115c50305b38370a86796a61968de,,,tools-named,,,do-close-cell-b6fedc3c1e790ca1d97448b8f0fd887c38d3b43a005bf08d862b1d985ebd7326,1,,,True,,,"[""tool_calling""]",,,2026-08-25T00:45:09.765102+00:00,nvidia-nemotron-3-super-120b,,,2.92e-05,,length,False,2.4238875070004724,False,0.44385325600160286,200,28,13.201932807351923,False,False,,,False,,request_payload_sha256_mismatch,32,13.153035307080307,billed_completion_tokens_over_request_minus_streamed_ttft_proxy,control_before,,,,,13.153035307080307,2.4328985099564306,True,63.0143932425621,True,0.0,True,False,0.44434292800724506,orphaned,7086865cf4f3979f0b529ecd336db827162cd0e3e1c2605bcd0fe254aabf77e0,,49e0dd79a9f8153bd723465590fe7bf9e0e6b6ab10fb96c5f7fc4b58da189b6a,do-close-request-a4b391ce0ca3ac0e185019f35768,b6fedc3c1e790ca1d97448b8f0fd887c38d3b43a005bf08d862b1d985ebd7326,49e0dd79a9f8153bd723465590fe7bf9e0e6b6ab10fb96c5f7fc4b58da189b6a,2.8772414379636757,,32,tokens,3a7cc38e80677d84b14bf5f416a5cf6be3d8ff66b3a9d9f589088041b044282d,,do-hosted-closure-20260825-r1,digitalocean_public_request_v2,True,exact_text,,False,do-close-request-505ff5eb4de77f6e75dbead6e3e2,do-close-cell-b6fedc3c1e790ca1d97448b8f0fd887c38d3b43a005bf08d862b1d985ebd7326,False,28,matched_control_closure,do-hosted-closure-20260825-r1,direct_completion,,2026-08-25T00:45:06.887516+00:00,success,30,reasoning,streamed,2.433388181962073,,,cap-tools-named,False,valid_ordinary,[],True,0.44434292800724506,tool_calling,request_declared
,0,,False,,,not_reported_unknown,8b66f3fed616343a7c9d97741208e5a21de115c50305b38370a86796a61968de,,,tools-named,,,do-close-cell-b6fedc3c1e790ca1d97448b8f0fd887c38d3b43a005bf08d862b1d985ebd7326,1,,,True,,,"[""tool_calling""]",,,2026-08-25T00:45:11.089343+00:00,nvidia-nemotron-3-super-120b,,ProviderHTTPError,0.0003545,,,False,,False,,500,,,False,False,,,False,,request_payload_sha256_mismatch,,,,probe,,,,,,,False,,True,0.0,True,False,,orphaned,7086865cf4f3979f0b529ecd336db827162cd0e3e1c2605bcd0fe254aabf77e0,,52fa92264c7897bbdf5259b59924984f3fa7a156c4cbcbc8cf15f8134aa4dbf4,do-close-request-12f9230dd63769888b71a76dfc38,b6fedc3c1e790ca1d97448b8f0fd887c38d3b43a005bf08d862b1d985ebd7326,52fa92264c7897bbdf5259b59924984f3fa7a156c4cbcbc8cf15f8134aa4dbf4,1.3172071959706955,,64,tokens,,,do-hosted-closure-20260825-r1,digitalocean_public_request_v2,False,transport,,False,do-close-request-505ff5eb4de77f6e75dbead6e3e2,do-close-cell-b6fedc3c1e790ca1d97448b8f0fd887c38d3b43a005bf08d862b1d985ebd7326,True,,matched_control_closure,do-hosted-closure-20260825-r1,direct_completion,,2026-08-25T00:45:09.772076+00:00,provider_error,,,unknown,,,,cap-tools-named,False,invalid_or_censored,"[""not_streamed_ttft_unobservable""]",False,,tool_calling,request_declared
,0,,True,,0,cache_miss_observed,8b66f3fed616343a7c9d97741208e5a21de115c50305b38370a86796a61968de,,,tools-named,,,do-close-cell-b6fedc3c1e790ca1d97448b8f0fd887c38d3b43a005bf08d862b1d985ebd7326,1,,,True,,,"[""tool_calling""]",,,2026-08-25T00:45:13.359075+00:00,nvidia-nemotron-3-super-120b,,,2.92e-05,,length,False,1.6608434660010971,False,0.5721903460216708,200,28,19.26731847706764,False,False,,,False,,request_payload_sha256_mismatch,32,18.935587344103688,billed_completion_tokens_over_request_minus_streamed_ttft_proxy,control_after,,,,,18.935587344103688,1.6899396579829045,True,48.911835084002455,True,0.0,True,False,0.5724585870048031,orphaned,7086865cf4f3979f0b529ecd336db827162cd0e3e1c2605bcd0fe254aabf77e0,,9b11485e90de015d1d29ae938d386f520696cfd57ae445253eb4302eacbf20cb,do-close-request-2033b63c908defb052b4339a3cdb,b6fedc3c1e790ca1d97448b8f0fd887c38d3b43a005bf08d862b1d985ebd7326,9b11485e90de015d1d29ae938d386f520696cfd57ae445253eb4302eacbf20cb,2.2623982449877076,,32,tokens,3a7cc38e80677d84b14bf5f416a5cf6be3d8ff66b3a9d9f589088041b044282d,,do-hosted-closure-20260825-r1,digitalocean_public_request_v2,True,exact_text,,False,do-close-request-505ff5eb4de77f6e75dbead6e3e2,do-close-cell-b6fedc3c1e790ca1d97448b8f0fd887c38d3b43a005bf08d862b1d985ebd7326,False,28,matched_control_closure,do-hosted-closure-20260825-r1,direct_completion,,2026-08-25T00:45:11.096267+00:00,success,30,reasoning,streamed,1.6902078989660367,,,cap-tools-named,False,valid_ordinary,[],True,0.5724585870048031,tool_calling,request_declared
,1,,True,,0,cache_miss_observed,8b66f3fed616343a7c9d97741208e5a21de115c50305b38370a86796a61968de,,,tools-named,,,do-close-cell-b6fedc3c1e790ca1d97448b8f0fd887c38d3b43a005bf08d862b1d985ebd7326,1,,,True,,,"[""tool_calling""]",,,2026-08-25T00:45:17.789821+00:00,nvidia-nemotron-3-super-120b,,,2.92e-05,,length,False,1.5363593049696647,False,0.6772496449993923,200,28,20.828461087513535,False,False,,,False,,request_payload_sha256_mismatch,32,18.579516738457833,billed_completion_tokens_over_request_minus_streamed_ttft_proxy,control_before,,,,,18.579516738457833,1.7223268210073002,True,39.998622161700524,True,0.0,True,False,0.7000241130008362,orphaned,7086865cf4f3979f0b529ecd336db827162cd0e3e1c2605bcd0fe254aabf77e0,,49e0dd79a9f8153bd723465590fe7bf9e0e6b6ab10fb96c5f7fc4b58da189b6a,do-close-request-430682aee24e168c3d5c709d5f4a,b6fedc3c1e790ca1d97448b8f0fd887c38d3b43a005bf08d862b1d985ebd7326,49e0dd79a9f8153bd723465590fe7bf9e0e6b6ab10fb96c5f7fc4b58da189b6a,2.4223509340081364,,32,tokens,3a7cc38e80677d84b14bf5f416a5cf6be3d8ff66b3a9d9f589088041b044282d,,do-hosted-closure-20260825-r1,digitalocean_public_request_v2,True,exact_text,,False,do-close-request-505ff5eb4de77f6e75dbead6e3e2,do-close-cell-b6fedc3c1e790ca1d97448b8f0fd887c38d3b43a005bf08d862b1d985ebd7326,False,28,matched_control_closure,do-hosted-closure-20260825-r1,direct_completion,,2026-08-25T00:45:15.366778+00:00,success,30,reasoning,streamed,1.745101289008744,,,cap-tools-named,False,valid_ordinary,[],True,0.7000241130008362,tool_calling,request_declared
,1,,False,,,not_reported_unknown,8b66f3fed616343a7c9d97741208e5a21de115c50305b38370a86796a61968de,,,tools-named,,inconclusive,do-close-cell-b6fedc3c1e790ca1d97448b8f0fd887c38d3b43a005bf08d862b1d985ebd7326,1,,,True,matched_control_inconclusive,False,"[""tool_calling""]",,,2026-08-25T00:45:19.171010+00:00,nvidia-nemotron-3-super-120b,,ProviderHTTPError,0.0003545,,,False,,False,,500,,,False,False,,,False,,request_payload_sha256_mismatch,,,,probe,,,,,,,False,,True,0.0,True,False,,orphaned,7086865cf4f3979f0b529ecd336db827162cd0e3e1c2605bcd0fe254aabf77e0,,52fa92264c7897bbdf5259b59924984f3fa7a156c4cbcbc8cf15f8134aa4dbf4,do-close-request-505ff5eb4de77f6e75dbead6e3e2,b6fedc3c1e790ca1d97448b8f0fd887c38d3b43a005bf08d862b1d985ebd7326,52fa92264c7897bbdf5259b59924984f3fa7a156c4cbcbc8cf15f8134aa4dbf4,1.3750542199704796,,64,tokens,,,do-hosted-closure-20260825-r1,digitalocean_public_request_v2,False,transport,,True,do-close-request-505ff5eb4de77f6e75dbead6e3e2,do-close-cell-b6fedc3c1e790ca1d97448b8f0fd887c38d3b43a005bf08d862b1d985ebd7326,True,,matched_control_closure,do-hosted-closure-20260825-r1,direct_completion,,2026-08-25T00:45:17.795906+00:00,provider_error,,,unknown,,,,cap-tools-named,False,invalid_or_censored,"[""not_streamed_ttft_unobservable""]",False,,tool_calling,request_declared
,1,,True,,0,cache_miss_observed,8b66f3fed616343a7c9d97741208e5a21de115c50305b38370a86796a61968de,,,tools-named,,,do-close-cell-b6fedc3c1e790ca1d97448b8f0fd887c38d3b43a005bf08d862b1d985ebd7326,1,,,True,,,"[""tool_calling""]",,,2026-08-25T00:45:21.912459+00:00,nvidia-nemotron-3-super-120b,,,2.92e-05,,length,False,2.0459423279971816,False,0.6787046359968372,200,28,15.640714580320312,False,False,,,False,,request_payload_sha256_mismatch,32,15.565902939690568,billed_completion_tokens_over_request_minus_streamed_ttft_proxy,control_after,,,,,15.565902939690568,2.0557753780158237,True,41.239486948903824,True,0.0,True,False,0.6789609200204723,orphaned,7086865cf4f3979f0b529ecd336db827162cd0e3e1c2605bcd0fe254aabf77e0,,9b11485e90de015d1d29ae938d386f520696cfd57ae445253eb4302eacbf20cb,do-close-request-05b8ad3d56477ac0da2a3ac8e15f,b6fedc3c1e790ca1d97448b8f0fd887c38d3b43a005bf08d862b1d985ebd7326,9b11485e90de015d1d29ae938d386f520696cfd57ae445253eb4302eacbf20cb,2.734736298036296,,32,tokens,3a7cc38e80677d84b14bf5f416a5cf6be3d8ff66b3a9d9f589088041b044282d,,do-hosted-closure-20260825-r1,digitalocean_public_request_v2,True,exact_text,,False,do-close-request-505ff5eb4de77f6e75dbead6e3e2,do-close-cell-b6fedc3c1e790ca1d97448b8f0fd887c38d3b43a005bf08d862b1d985ebd7326,False,28,matched_control_closure,do-hosted-closure-20260825-r1,direct_completion,,2026-08-25T00:45:19.177416+00:00,success,30,reasoning,streamed,2.0560316620394588,,,cap-tools-named,False,valid_ordinary,[],True,0.6789609200204723,tool_calling,request_declared
,0,,True,,0,cache_miss_observed,8b66f3fed616343a7c9d97741208e5a21de115c50305b38370a86796a61968de,,,tools-required,,,do-close-cell-808cd30f7f0f2ed9835d031e12917059dbb2296308a1250be1736632a725f988,1,,,True,,,"[""tool_calling""]",,,2026-08-25T00:45:28.744724+00:00,nvidia-nemotron-3-super-120b,,,2.92e-05,,length,False,2.1831297160242684,False,0.6122361649759114,200,28,14.657855538825105,False,False,,,False,,request_payload_sha256_mismatch,32,14.494452204843833,billed_completion_tokens_over_request_minus_streamed_ttft_proxy,control_before,,,,,14.494452204843833,2.2077412480139174,True,45.709930025532955,True,0.0,True,False,0.6125583649845794,orphaned,3e1a5fe052860e15f7be5eef6a2beea9e0bb027939bf111a9b8323cbcaf510f4,,29e5afd7aaeece40f504d93b705654a7dbe548d9df2a6a673485819ca0a0cf2b,do-close-request-4c79450bd7e6c07cb2294c604bb4,808cd30f7f0f2ed9835d031e12917059dbb2296308a1250be1736632a725f988,29e5afd7aaeece40f504d93b705654a7dbe548d9df2a6a673485819ca0a0cf2b,2.8202996129984967,,32,tokens,4bcc1209689aa278ecd47454fb5cb8a6357b0f68fd0f3d67e26b033e87998711,,do-hosted-closure-20260825-r1,digitalocean_public_request_v2,True,exact_text,,False,do-close-request-eb5ad628a59c8379e0a83e103ac3,do-close-cell-808cd30f7f0f2ed9835d031e12917059dbb2296308a1250be1736632a725f988,False,28,matched_control_closure,do-hosted-closure-20260825-r1,direct_completion,,2026-08-25T00:45:25.924013+00:00,success,32,reasoning,streamed,2.2080634480225854,,,cap-tools-required,False,valid_ordinary,[],True,0.6125583649845794,tool_calling,request_declared
,0,,False,,,not_reported_unknown,8b66f3fed616343a7c9d97741208e5a21de115c50305b38370a86796a61968de,,,tools-required,,,do-close-cell-808cd30f7f0f2ed9835d031e12917059dbb2296308a1250be1736632a725f988,1,,,True,,,"[""tool_calling""]",,,2026-08-25T00:45:30.370506+00:00,nvidia-nemotron-3-super-120b,,ProviderHTTPError,0.0003407,,,False,,False,,500,,,False,False,,,False,,request_payload_sha256_mismatch,,,,probe,,,,,,,False,,True,0.0,True,False,,orphaned,3e1a5fe052860e15f7be5eef6a2beea9e0bb027939bf111a9b8323cbcaf510f4,,d2d97caeb612e30711e97bbbddf57a80bfe5433f7f432751a47662c040a3261b,do-close-request-0b75ffb06074f92c64f0a449c2aa,808cd30f7f0f2ed9835d031e12917059dbb2296308a1250be1736632a725f988,d2d97caeb612e30711e97bbbddf57a80bfe5433f7f432751a47662c040a3261b,1.6178952669724822,,64,tokens,,,do-hosted-closure-20260825-r1,digitalocean_public_request_v2,False,transport,,False,do-close-request-eb5ad628a59c8379e0a83e103ac3,do-close-cell-808cd30f7f0f2ed9835d031e12917059dbb2296308a1250be1736632a725f988,True,,matched_control_closure,do-hosted-closure-20260825-r1,direct_completion,,2026-08-25T00:45:28.752553+00:00,provider_error,,,unknown,,,,cap-tools-required,False,invalid_or_censored,"[""not_streamed_ttft_unobservable""]",False,,tool_calling,request_declared
,0,,True,,0,cache_miss_observed,8b66f3fed616343a7c9d97741208e5a21de115c50305b38370a86796a61968de,,,tools-required,,,do-close-cell-808cd30f7f0f2ed9835d031e12917059dbb2296308a1250be1736632a725f988,1,,,True,,,"[""tool_calling""]",,,2026-08-25T00:45:32.374308+00:00,nvidia-nemotron-3-super-120b,,,2.92e-05,,length,False,1.505746824957896,False,0.44392568100010976,200,28,21.251912651979055,False,False,,,False,,request_payload_sha256_mismatch,32,20.618874314401296,billed_completion_tokens_over_request_minus_streamed_ttft_proxy,control_after,,,,,20.618874314401296,1.5519760929746553,True,63.03344387099666,True,0.0,True,False,0.4442086340277456,orphaned,3e1a5fe052860e15f7be5eef6a2beea9e0bb027939bf111a9b8323cbcaf510f4,,df650d08ed4ea8acd843c6b72ed64e241fedf2f2d3a8c7bf7ffee9ee52155944,do-close-request-f49132cd1c15962b4594d2412775,808cd30f7f0f2ed9835d031e12917059dbb2296308a1250be1736632a725f988,df650d08ed4ea8acd843c6b72ed64e241fedf2f2d3a8c7bf7ffee9ee52155944,1.996184727002401,,32,tokens,4bcc1209689aa278ecd47454fb5cb8a6357b0f68fd0f3d67e26b033e87998711,,do-hosted-closure-20260825-r1,digitalocean_public_request_v2,True,exact_text,,False,do-close-request-eb5ad628a59c8379e0a83e103ac3,do-close-cell-808cd30f7f0f2ed9835d031e12917059dbb2296308a1250be1736632a725f988,False,28,matched_control_closure,do-hosted-closure-20260825-r1,direct_completion,,2026-08-25T00:45:30.377718+00:00,success,32,reasoning,streamed,1.5522590460022911,,,cap-tools-required,False,valid_ordinary,[],True,0.4442086340277456,tool_calling,request_declared
,1,,True,,0,cache_miss_observed,8b66f3fed616343a7c9d97741208e5a21de115c50305b38370a86796a61968de,,,tools-required,,,do-close-cell-808cd30f7f0f2ed9835d031e12917059dbb2296308a1250be1736632a725f988,1,,,True,,,"[""tool_calling""]",,,2026-08-25T00:45:37.031373+00:00,nvidia-nemotron-3-super-120b,,,2.92e-05,,length,False,2.053745678975247,False,0.5270287510356866,200,28,15.581286586549009,False,False,,,False,,request_payload_sha256_mismatch,32,15.12334048280568,billed_completion_tokens_over_request_minus_streamed_ttft_proxy,control_before,,,,,15.12334048280568,2.1159346399945207,True,52.48315106832339,True,0.0,True,False,0.5335045520332642,orphaned,3e1a5fe052860e15f7be5eef6a2beea9e0bb027939bf111a9b8323cbcaf510f4,,29e5afd7aaeece40f504d93b705654a7dbe548d9df2a6a673485819ca0a0cf2b,do-close-request-a7fa9a217c00cab1a10d257a2453,808cd30f7f0f2ed9835d031e12917059dbb2296308a1250be1736632a725f988,29e5afd7aaeece40f504d93b705654a7dbe548d9df2a6a673485819ca0a0cf2b,2.649439192027785,,32,tokens,4bcc1209689aa278ecd47454fb5cb8a6357b0f68fd0f3d67e26b033e87998711,,do-hosted-closure-20260825-r1,digitalocean_public_request_v2,True,exact_text,,False,do-close-request-eb5ad628a59c8379e0a83e103ac3,do-close-cell-808cd30f7f0f2ed9835d031e12917059dbb2296308a1250be1736632a725f988,False,28,matched_control_closure,do-hosted-closure-20260825-r1,direct_completion,,2026-08-25T00:45:34.381556+00:00,success,32,reasoning,streamed,2.1224104409920983,,,cap-tools-required,False,valid_ordinary,[],True,0.5335045520332642,tool_calling,request_declared
,1,,False,,,not_reported_unknown,8b66f3fed616343a7c9d97741208e5a21de115c50305b38370a86796a61968de,,,tools-required,,inconclusive,do-close-cell-808cd30f7f0f2ed9835d031e12917059dbb2296308a1250be1736632a725f988,1,,,True,matched_control_inconclusive,False,"[""tool_calling""]",,,2026-08-25T00:45:38.543796+00:00,nvidia-nemotron-3-super-120b,,ProviderHTTPError,0.0003407,,,False,,False,,500,,,False,False,,,False,,request_payload_sha256_mismatch,,,,probe,,,,,,,False,,True,0.0,True,False,,orphaned,3e1a5fe052860e15f7be5eef6a2beea9e0bb027939bf111a9b8323cbcaf510f4,,d2d97caeb612e30711e97bbbddf57a80bfe5433f7f432751a47662c040a3261b,do-close-request-eb5ad628a59c8379e0a83e103ac3,808cd30f7f0f2ed9835d031e12917059dbb2296308a1250be1736632a725f988,d2d97caeb612e30711e97bbbddf57a80bfe5433f7f432751a47662c040a3261b,1.5056535640032962,,64,tokens,,,do-hosted-closure-20260825-r1,digitalocean_public_request_v2,False,transport,,True,do-close-request-eb5ad628a59c8379e0a83e103ac3,do-close-cell-808cd30f7f0f2ed9835d031e12917059dbb2296308a1250be1736632a725f988,True,,matched_control_closure,do-hosted-closure-20260825-r1,direct_completion,,2026-08-25T00:45:37.038089+00:00,provider_error,,,unknown,,,,cap-tools-required,False,invalid_or_censored,"[""not_streamed_ttft_unobservable""]",False,,tool_calling,request_declared
,1,,True,,0,cache_miss_observed,8b66f3fed616343a7c9d97741208e5a21de115c50305b38370a86796a61968de,,,tools-required,,,do-close-cell-808cd30f7f0f2ed9835d031e12917059dbb2296308a1250be1736632a725f988,1,,,True,,,"[""tool_calling""]",,,2026-08-25T00:45:41.235804+00:00,nvidia-nemotron-3-super-120b,,,2.92e-05,,length,False,2.057928958965931,False,0.6198021470336244,200,28,15.549613537718704,False,False,,,False,,request_payload_sha256_mismatch,32,15.499857645907026,billed_completion_tokens_over_request_minus_streamed_ttft_proxy,control_after,,,,,15.499857645907026,2.0645350900013,True,45.12242215812717,True,0.0,True,False,0.6205340640153736,orphaned,3e1a5fe052860e15f7be5eef6a2beea9e0bb027939bf111a9b8323cbcaf510f4,,df650d08ed4ea8acd843c6b72ed64e241fedf2f2d3a8c7bf7ffee9ee52155944,do-close-request-680de3995b4945560542059d0c93,808cd30f7f0f2ed9835d031e12917059dbb2296308a1250be1736632a725f988,df650d08ed4ea8acd843c6b72ed64e241fedf2f2d3a8c7bf7ffee9ee52155944,2.6850691540166736,,32,tokens,c1041b1b955e334362e5840d34e839610333f817664c03425d75bb4786333953,,do-hosted-closure-20260825-r1,digitalocean_public_request_v2,True,exact_text,,False,do-close-request-eb5ad628a59c8379e0a83e103ac3,do-close-cell-808cd30f7f0f2ed9835d031e12917059dbb2296308a1250be1736632a725f988,False,28,matched_control_closure,do-hosted-closure-20260825-r1,direct_completion,,2026-08-25T00:45:38.550370+00:00,success,30,reasoning,streamed,2.065267006983049,,,cap-tools-required,False,valid_ordinary,[],True,0.6205340640153736,tool_calling,request_declared
,0,,True,,0,cache_miss_observed,8b66f3fed616343a7c9d97741208e5a21de115c50305b38370a86796a61968de,,,realized-output-1024,,accepted,do-close-cell-4978b030fe75ad47c6157a08fda22ed91d259cef5ed163ba6f6838f6ee904c11,1,,,True,accepted,True,"[""output_length""]",,,2026-08-25T00:46:52.310869+00:00,nvidia-nemotron-3-super-120b,,,0.0006793999999999999,,length,False,66.06458418397233,False,0.9019934490206651,200,46,15.499984033024893,False,False,,,False,,request_payload_sha256_mismatch,1024,15.47872896619994,billed_completion_tokens_over_request_minus_streamed_ttft_proxy,probe,,,,,15.47872896619994,66.15530268900329,True,50.949780610536,True,0.0,True,False,0.9028498150291853,orphaned,4978b030fe75ad47c6157a08fda22ed91d259cef5ed163ba6f6838f6ee904c11,,6313c99e4f44971074ec96be9a9e26c3b2afeef1dc05cd96758a8a2036186d13,do-close-request-d69c3ab7c6ee2eb5eac52e41665b,4978b030fe75ad47c6157a08fda22ed91d259cef5ed163ba6f6838f6ee904c11,6313c99e4f44971074ec96be9a9e26c3b2afeef1dc05cd96758a8a2036186d13,67.05815250403248,,1024,tokens,13dcd6f5088286161f39d3a5a9771e616c85ec5a96876ca491544110f9e7c818,,do-hosted-closure-20260825-r1,digitalocean_public_request_v2,True,controlled_words,,True,do-close-request-d69c3ab7c6ee2eb5eac52e41665b,do-close-cell-4978b030fe75ad47c6157a08fda22ed91d259cef5ed163ba6f6838f6ee904c11,False,46,matched_control_closure,do-hosted-closure-20260825-r1,direct_completion,,2026-08-25T00:45:45.251883+00:00,success,971,reasoning,streamed,66.15615905501181,,,realized-output-1024,False,valid_ordinary,[],True,0.9028498150291853,output_length,request_declared
,0,,True,,0,cache_miss_observed,8b66f3fed616343a7c9d97741208e5a21de115c50305b38370a86796a61968de,,,realized-output-256,,accepted,do-close-cell-52eaee612846ecb2b733bd4365c785b01ca11a6755e0d2999f4d068d97a39a63,1,,,True,accepted,True,"[""output_length""]",,,2026-08-25T00:47:11.623818+00:00,nvidia-nemotron-3-super-120b,,,0.00018020000000000002,,length,False,18.768421944987494,False,0.5095163679798134,200,46,13.639932049181697,False,False,,,False,,request_payload_sha256_mismatch,256,13.62197910674956,billed_completion_tokens_over_request_minus_streamed_ttft_proxy,probe,,,,,13.62197910674956,18.793157587002497,True,90.14710575325849,True,0.0,True,False,0.5102770589874126,orphaned,52eaee612846ecb2b733bd4365c785b01ca11a6755e0d2999f4d068d97a39a63,,53ccd3f734a9f6547f69ade68937afbe4c58a5fd37f0c755f0971d28b478662c,do-close-request-cd4b5fcb0c389bdcbe757ee82e2c,52eaee612846ecb2b733bd4365c785b01ca11a6755e0d2999f4d068d97a39a63,53ccd3f734a9f6547f69ade68937afbe4c58a5fd37f0c755f0971d28b478662c,19.30343464598991,,256,tokens,0bde31598fc48b79cc00bccd85dac9b2beba8e7eb027801c49599ff7a43738ee,,do-hosted-closure-20260825-r1,digitalocean_public_request_v2,True,controlled_words,,True,do-close-request-cd4b5fcb0c389bdcbe757ee82e2c,do-close-cell-52eaee612846ecb2b733bd4365c785b01ca11a6755e0d2999f4d068d97a39a63,False,46,matched_control_closure,do-hosted-closure-20260825-r1,direct_completion,,2026-08-25T00:46:52.319931+00:00,success,247,reasoning,streamed,18.793918278010096,,,realized-output-256,False,valid_ordinary,[],True,0.5102770589874126,output_length,request_declared
,0,,False,,,not_reported_unknown,8b66f3fed616343a7c9d97741208e5a21de115c50305b38370a86796a61968de,,,extended-parameters-4,,,do-close-cell-37c98a27369d9154a9f528ae9365f6210b7093730fabaaefa6b6be7856024a02,1,,,True,,,"[""parameter_interactions""]",,,2026-08-25T00:47:32.407990+00:00,mimo-v2.5-pro,,TimeoutError,0.00041,,,False,,False,,,,,False,False,,,False,,request_payload_sha256_mismatch,,,,probe,,,,,,,False,,True,0.0,True,False,,orphaned,bc83d1c0ac5f2fea70d508fd9a5be07b2b393ecb48da6bfba6a62fa4cbfe7d22,,3d719879418278059cc851086a25752998fca19c20edfa7626694393df9e7372,do-close-request-eb93e2c510720581b04b97b796f6,37c98a27369d9154a9f528ae9365f6210b7093730fabaaefa6b6be7856024a02,3d719879418278059cc851086a25752998fca19c20edfa7626694393df9e7372,180.0018667380209,,64,tokens,,,do-hosted-closure-20260825-r1,digitalocean_public_request_v2,False,transport,,False,do-close-request-1a64b5df40c696d6ea34261237e0,do-close-cell-37c98a27369d9154a9f528ae9365f6210b7093730fabaaefa6b6be7856024a02,False,,matched_control_closure,do-hosted-closure-20260825-r1,direct_completion,,2026-08-25T00:44:32.405941+00:00,timeout,,,unknown,,,,cap-extended-4,True,invalid_or_censored,"[""not_streamed_ttft_unobservable""]",False,,parameter_interactions,request_declared
,0,,True,,256,cache_hit_observed,8b66f3fed616343a7c9d97741208e5a21de115c50305b38370a86796a61968de,,,extended-parameters-4,,,do-close-cell-37c98a27369d9154a9f528ae9365f6210b7093730fabaaefa6b6be7856024a02,1,,,True,,,"[""parameter_interactions""]",,,2026-08-25T00:47:33.676530+00:00,mimo-v2.5-pro,,,0.00015319999999999998,,length,False,0.8098235069774091,False,0.42168108600890264,200,263,39.51478281908242,False,False,,,False,,request_payload_sha256_mismatch,32,38.9135863712962,billed_completion_tokens_over_request_minus_streamed_ttft_proxy,control_after,,,,,38.9135863712962,0.8223348959581926,False,,True,0.0,True,False,0.43952442903537303,orphaned,bc83d1c0ac5f2fea70d508fd9a5be07b2b393ecb48da6bfba6a62fa4cbfe7d22,,88a1d059382cef11499089f78c3c81105799c8130d9f8df29e25f74dcdd3d8cf,do-close-request-bb033d682efb6b748e0519db6005,37c98a27369d9154a9f528ae9365f6210b7093730fabaaefa6b6be7856024a02,88a1d059382cef11499089f78c3c81105799c8130d9f8df29e25f74dcdd3d8cf,1.2618593249935657,,32,tokens,3fbeb626f41823e0558656549e5aa14b681107a1b3aa31462d9348397b0b17b6,,do-hosted-closure-20260825-r1,digitalocean_public_request_v2,True,exact_text,,False,do-close-request-1a64b5df40c696d6ea34261237e0,do-close-cell-37c98a27369d9154a9f528ae9365f6210b7093730fabaaefa6b6be7856024a02,False,263,matched_control_closure,do-hosted-closure-20260825-r1,direct_completion,,2026-08-25T00:47:32.414335+00:00,success,31,reasoning,streamed,0.840178238984663,,,cap-extended-4,False,valid_ordinary,[],True,0.43952442903537303,parameter_interactions,request_declared
,1,,True,,256,cache_hit_observed,8b66f3fed616343a7c9d97741208e5a21de115c50305b38370a86796a61968de,,,extended-parameters-4,,,do-close-cell-37c98a27369d9154a9f528ae9365f6210b7093730fabaaefa6b6be7856024a02,1,,,True,,,"[""parameter_interactions""]",,,2026-08-25T00:47:36.991394+00:00,mimo-v2.5-pro,,,0.00015319999999999998,,length,False,0.8032279209583066,False,0.4521088289911859,200,263,39.839252552154534,False,False,,,False,,request_payload_sha256_mismatch,32,38.24936345188475,billed_completion_tokens_over_request_minus_streamed_ttft_proxy,control_before,,,,,38.24936345188475,0.8366152299568057,False,,True,0.0,True,False,0.4683457009959966,orphaned,bc83d1c0ac5f2fea70d508fd9a5be07b2b393ecb48da6bfba6a62fa4cbfe7d22,,03977c0c34e27070edb2c36ebca4a1ea2268bdbe1d61c09f1c6434f01cb187cc,do-close-request-529110ef1c0f5d1069c58581c5f1,37c98a27369d9154a9f528ae9365f6210b7093730fabaaefa6b6be7856024a02,03977c0c34e27070edb2c36ebca4a1ea2268bdbe1d61c09f1c6434f01cb187cc,1.3049609309528023,,32,tokens,5d947dc5212ede4751d52cff480946e075cfc933a353af56bfc66d08e2a85ae1,,do-hosted-closure-20260825-r1,digitalocean_public_request_v2,True,exact_text,,False,do-close-request-1a64b5df40c696d6ea34261237e0,do-close-cell-37c98a27369d9154a9f528ae9365f6210b7093730fabaaefa6b6be7856024a02,False,263,matched_control_closure,do-hosted-closure-20260825-r1,direct_completion,,2026-08-25T00:47:35.686034+00:00,success,31,reasoning,streamed,0.8528521019616164,,,cap-extended-4,False,valid_ordinary,[],True,0.4683457009959966,parameter_interactions,request_declared
,0,,False,,,not_reported_unknown,8b66f3fed616343a7c9d97741208e5a21de115c50305b38370a86796a61968de,,,realized-output-4096,,,do-close-cell-288a55a7762e2a2678d3e601f213a9dc7b63b10d6fb31458dc84cb16eb01461d,1,,,True,,,"[""output_length""]",,,2026-08-25T00:50:11.634838+00:00,nvidia-nemotron-3-super-120b,,TimeoutError,0.0028979,,,False,,False,,,,,False,False,,,False,,request_payload_sha256_mismatch,,,,probe,,,,,,,False,,True,0.0,True,False,,orphaned,288a55a7762e2a2678d3e601f213a9dc7b63b10d6fb31458dc84cb16eb01461d,,d3106dbdd0d2b02d047a55d6ff723ff8867fb3d3714dccabb6dce291bc8c959e,do-close-request-54dcc9e8247774339afb6ba9cb2d,288a55a7762e2a2678d3e601f213a9dc7b63b10d6fb31458dc84cb16eb01461d,d3106dbdd0d2b02d047a55d6ff723ff8867fb3d3714dccabb6dce291bc8c959e,180.00177564303158,,4096,tokens,,,do-hosted-closure-20260825-r1,digitalocean_public_request_v2,False,transport,,False,do-close-request-6c86ac2e74fcdaeb8c22d9f646c7,do-close-cell-288a55a7762e2a2678d3e601f213a9dc7b63b10d6fb31458dc84cb16eb01461d,False,,matched_control_closure,do-hosted-closure-20260825-r1,direct_completion,,2026-08-25T00:47:11.632905+00:00,timeout,,,unknown,,,,realized-output-4096,True,invalid_or_censored,"[""not_streamed_ttft_unobservable""]",False,,output_length,request_declared
,1,,True,,240,cache_hit_observed,8b66f3fed616343a7c9d97741208e5a21de115c50305b38370a86796a61968de,,,extended-parameters-4,,inconclusive,do-close-cell-37c98a27369d9154a9f528ae9365f6210b7093730fabaaefa6b6be7856024a02,1,,,True,matched_control_inconclusive,False,"[""parameter_interactions""]",,,2026-08-25T00:50:28.168208+00:00,mimo-v2.5-pro,,,0.09840639999999999,,length,False,158.82311894197483,False,0.43403771601151675,200,256,412.63514050459634,False,False,,,False,,request_payload_sha256_mismatch,65536,383.84916237450767,billed_completion_tokens_over_request_minus_streamed_ttft_proxy,probe,,,,,383.84916237450767,170.7337319549988,False,,True,0.0,True,False,0.43456486403010786,orphaned,bc83d1c0ac5f2fea70d508fd9a5be07b2b393ecb48da6bfba6a62fa4cbfe7d22,,3d719879418278059cc851086a25752998fca19c20edfa7626694393df9e7372,do-close-request-1a64b5df40c696d6ea34261237e0,37c98a27369d9154a9f528ae9365f6210b7093730fabaaefa6b6be7856024a02,3d719879418278059cc851086a25752998fca19c20edfa7626694393df9e7372,171.1682968190289,,64,tokens,a0462c72b38aeb2d97fb55e7eb2c65bb80d89608a817ace2d88e009cad86f932,,do-hosted-closure-20260825-r1,digitalocean_public_request_v2,True,exact_text,,True,do-close-request-1a64b5df40c696d6ea34261237e0,do-close-cell-37c98a27369d9154a9f528ae9365f6210b7093730fabaaefa6b6be7856024a02,False,256,matched_control_closure,do-hosted-closure-20260825-r1,direct_completion,,2026-08-25T00:47:36.998066+00:00,success,65120,reasoning,streamed,170.7342591030174,,,cap-extended-4,False,valid_ordinary,[],True,0.43456486403010786,parameter_interactions,request_declared
,1,,True,,256,cache_hit_observed,8b66f3fed616343a7c9d97741208e5a21de115c50305b38370a86796a61968de,,,extended-parameters-4,,,do-close-cell-37c98a27369d9154a9f528ae9365f6210b7093730fabaaefa6b6be7856024a02,1,,,True,,,"[""parameter_interactions""]",,,2026-08-25T00:50:29.640275+00:00,mimo-v2.5-pro,,,0.00015319999999999998,,length,False,0.9143049939884804,False,0.5408898959867656,200,263,34.999261964441565,False,False,,,False,,request_payload_sha256_mismatch,32,34.6367564765591,billed_completion_tokens_over_request_minus_streamed_ttft_proxy,control_after,,,,,34.6367564765591,0.9238740360015072,False,,True,0.0,True,False,0.5412247939966619,orphaned,bc83d1c0ac5f2fea70d508fd9a5be07b2b393ecb48da6bfba6a62fa4cbfe7d22,,88a1d059382cef11499089f78c3c81105799c8130d9f8df29e25f74dcdd3d8cf,do-close-request-c2856960447a032841e3163c1307,37c98a27369d9154a9f528ae9365f6210b7093730fabaaefa6b6be7856024a02,88a1d059382cef11499089f78c3c81105799c8130d9f8df29e25f74dcdd3d8cf,1.465098829998169,,32,tokens,cf96a896c7feb65200ed43524676e04556db148308df853bb60b3e6ff07d95ed,,do-hosted-closure-20260825-r1,digitalocean_public_request_v2,True,exact_text,,False,do-close-request-1a64b5df40c696d6ea34261237e0,do-close-cell-37c98a27369d9154a9f528ae9365f6210b7093730fabaaefa6b6be7856024a02,False,263,matched_control_closure,do-hosted-closure-20260825-r1,direct_completion,,2026-08-25T00:50:28.174720+00:00,success,31,reasoning,streamed,0.9242089340114035,,,cap-extended-4,False,valid_ordinary,[],True,0.5412247939966619,parameter_interactions,request_declared
,0,,True,,240,cache_hit_observed,8b66f3fed616343a7c9d97741208e5a21de115c50305b38370a86796a61968de,,,extended-parameters-5,,,do-close-cell-d83723376e539ac0fe7ae3927b22fc878df730bbbca253fa35a373bacfc91042,1,,,True,,,"[""parameter_interactions""]",,,2026-08-25T00:50:31.295701+00:00,mimo-v2.5-pro,,,0.00015240000000000002,,length,False,1.2381854289560579,False,0.33758096798555925,200,261,25.844271182370417,False,False,,,False,,request_payload_sha256_mismatch,32,25.27242808821429,billed_completion_tokens_over_request_minus_streamed_ttft_proxy,control_before,,,,,25.27242808821429,1.2662020399584435,False,,True,0.0,True,False,0.379783975018654,orphaned,f93f4e833b2d06dc63987b772c319b49318044e1f704a7a783239d8fa10a3644,,7f35ff37e5de99361cd33a88e8c87b4dcf2ec87741d5ed74b10b3797011b3ad4,do-close-request-4c457fc2e4cebb35cd0c058decd1,d83723376e539ac0fe7ae3927b22fc878df730bbbca253fa35a373bacfc91042,7f35ff37e5de99361cd33a88e8c87b4dcf2ec87741d5ed74b10b3797011b3ad4,1.6459860149770975,,32,tokens,7044f30fbbe6799202db34021f4b3366390ed0ca4664022c7367b090a93cdcc1,,do-hosted-closure-20260825-r1,digitalocean_public_request_v2,True,exact_text,,False,do-close-request-22392317d924c220111016dae1d1,do-close-cell-d83723376e539ac0fe7ae3927b22fc878df730bbbca253fa35a373bacfc91042,False,261,matched_control_closure,do-hosted-closure-20260825-r1,direct_completion,,2026-08-25T00:50:29.649334+00:00,success,30,reasoning,streamed,1.3084050469915383,,,cap-extended-5,False,valid_ordinary,[],True,0.379783975018654,parameter_interactions,request_declared
,0,,False,,,not_reported_unknown,8b66f3fed616343a7c9d97741208e5a21de115c50305b38370a86796a61968de,,,extended-parameters-5,,inconclusive,do-close-cell-d83723376e539ac0fe7ae3927b22fc878df730bbbca253fa35a373bacfc91042,1,,,True,matched_control_inconclusive,False,"[""parameter_interactions""]",,,2026-08-25T00:50:31.637535+00:00,mimo-v2.5-pro,,ProviderHTTPError,0.000416,,,False,,False,,400,,,False,False,,,False,,request_payload_sha256_mismatch,,,,probe,,,,,,,False,,True,0.0,True,False,,orphaned,f93f4e833b2d06dc63987b772c319b49318044e1f704a7a783239d8fa10a3644,,f7f52f479ca1a4c1ce1d08b9294788349404b9af82fbe53f88e557e8b603cd15,do-close-request-22392317d924c220111016dae1d1,d83723376e539ac0fe7ae3927b22fc878df730bbbca253fa35a373bacfc91042,f7f52f479ca1a4c1ce1d08b9294788349404b9af82fbe53f88e557e8b603cd15,0.33554768399335444,,64,tokens,,,do-hosted-closure-20260825-r1,digitalocean_public_request_v2,False,transport,,True,do-close-request-22392317d924c220111016dae1d1,do-close-cell-d83723376e539ac0fe7ae3927b22fc878df730bbbca253fa35a373bacfc91042,False,,matched_control_closure,do-hosted-closure-20260825-r1,direct_completion,,2026-08-25T00:50:31.301930+00:00,client_rejection,,,unknown,,,,cap-extended-5,False,invalid_or_censored,"[""not_streamed_ttft_unobservable""]",False,,parameter_interactions,request_declared
,0,,True,,256,cache_hit_observed,8b66f3fed616343a7c9d97741208e5a21de115c50305b38370a86796a61968de,,,extended-parameters-5,,,do-close-cell-d83723376e539ac0fe7ae3927b22fc878df730bbbca253fa35a373bacfc91042,1,,,True,,,"[""parameter_interactions""]",,,2026-08-25T00:50:34.015673+00:00,mimo-v2.5-pro,,,0.0001509,,stop,True,0.8604344710474834,True,1.429919010028243,200,261,36.0283101655155,False,False,,,False,,request_payload_sha256_mismatch,31,33.90009609834456,billed_completion_tokens_over_request_minus_streamed_ttft_proxy,control_after,,,,,33.90009609834456,0.9144516850356013,False,,True,1.0,True,False,1.4570588719798252,orphaned,f93f4e833b2d06dc63987b772c319b49318044e1f704a7a783239d8fa10a3644,,e8d422efc8817662db8970fb11d7b941a7455f08655d411a90616b8f4c363ae4,do-close-request-d9bc177b7d9fe39e34956ac05725,d83723376e539ac0fe7ae3927b22fc878df730bbbca253fa35a373bacfc91042,e8d422efc8817662db8970fb11d7b941a7455f08655d411a90616b8f4c363ae4,2.3715105570154265,,32,tokens,dce5ad3123dfa0ad9baf24f8bd3550b9c7ad1c8316a569cc8aed0239568e3732,,do-hosted-closure-20260825-r1,digitalocean_public_request_v2,True,exact_text,,False,do-close-request-22392317d924c220111016dae1d1,do-close-cell-d83723376e539ac0fe7ae3927b22fc878df730bbbca253fa35a373bacfc91042,False,261,matched_control_closure,do-hosted-closure-20260825-r1,direct_completion,,2026-08-25T00:50:31.643787+00:00,success,28,reasoning,streamed,0.9415915469871834,,,cap-extended-5,False,valid_ordinary,[],True,1.4570588719798252,parameter_interactions,request_declared
,0,,True,,240,cache_hit_observed,8b66f3fed616343a7c9d97741208e5a21de115c50305b38370a86796a61968de,,,max-tokens-high,,,do-close-cell-f84ffca2d7f9374b2346f5533cfa2d6d577885fe8d14b3e1499ea5be36c46b07,1,,,True,,,"[""output_length""]",,,2026-08-25T00:50:35.658873+00:00,mimo-v2.5-pro,,,0.00015319999999999998,,length,False,1.1288264819886535,False,0.46697118203155696,200,263,28.348023819945826,False,False,,,False,,request_payload_sha256_mismatch,32,28.08488743565632,billed_completion_tokens_over_request_minus_streamed_ttft_proxy,control_before,,,,,28.08488743565632,1.1394028220092878,False,,True,0.0,True,False,0.49404283601325005,orphaned,cd75e1760e80881a4c63f25be56198b08f05844b942e537df255691ad751548b,,411dffeb47d89a495375d6ed8f6ea57db8cfa16ac29ba9ac08f7676f161ca6d6,do-close-request-0d3a7fe1edb3a88270a2f1abff1a,f84ffca2d7f9374b2346f5533cfa2d6d577885fe8d14b3e1499ea5be36c46b07,411dffeb47d89a495375d6ed8f6ea57db8cfa16ac29ba9ac08f7676f161ca6d6,1.6334456580225378,,32,tokens,82cc031d59172580af0c9e0127aab12dbc691a9faa72463201eea937d7ef4de6,,do-hosted-closure-20260825-r1,digitalocean_public_request_v2,True,exact_text,,False,do-close-request-76dd681343fc2f921938d2a57a2c,do-close-cell-f84ffca2d7f9374b2346f5533cfa2d6d577885fe8d14b3e1499ea5be36c46b07,False,263,matched_control_closure,do-hosted-closure-20260825-r1,direct_completion,,2026-08-25T00:50:34.025061+00:00,success,31,reasoning,streamed,1.1664744759909809,,,cap-max-tokens-high,False,valid_ordinary,[],True,0.49404283601325005,output_length,request_declared
,0,,False,,,not_reported_unknown,8b66f3fed616343a7c9d97741208e5a21de115c50305b38370a86796a61968de,,,max-tokens-high,,inconclusive,do-close-cell-f84ffca2d7f9374b2346f5533cfa2d6d577885fe8d14b3e1499ea5be36c46b07,1,,,True,matched_control_inconclusive,False,"[""output_length""]",,,2026-08-25T00:50:36.058532+00:00,mimo-v2.5-pro,,ProviderHTTPError,0.3934936,,,False,,False,,400,,,False,False,,,False,,request_payload_sha256_mismatch,,,,probe,,,,,,,False,,True,0.0,True,False,,orphaned,cd75e1760e80881a4c63f25be56198b08f05844b942e537df255691ad751548b,,a0b5b9dfe3df105cdeb3446dbc504f6684e5ad82edeea908cec6170766a28a2d,do-close-request-76dd681343fc2f921938d2a57a2c,f84ffca2d7f9374b2346f5533cfa2d6d577885fe8d14b3e1499ea5be36c46b07,a0b5b9dfe3df105cdeb3446dbc504f6684e5ad82edeea908cec6170766a28a2d,0.39271283097332343,,262144,tokens,,,do-hosted-closure-20260825-r1,digitalocean_public_request_v2,False,transport,,True,do-close-request-76dd681343fc2f921938d2a57a2c,do-close-cell-f84ffca2d7f9374b2346f5533cfa2d6d577885fe8d14b3e1499ea5be36c46b07,False,,matched_control_closure,do-hosted-closure-20260825-r1,direct_completion,,2026-08-25T00:50:35.665761+00:00,client_rejection,,,unknown,,,,cap-max-tokens-high,False,invalid_or_censored,"[""not_streamed_ttft_unobservable""]",False,,output_length,request_declared
,0,,True,,256,cache_hit_observed,8b66f3fed616343a7c9d97741208e5a21de115c50305b38370a86796a61968de,,,max-tokens-high,,,do-close-cell-f84ffca2d7f9374b2346f5533cfa2d6d577885fe8d14b3e1499ea5be36c46b07,1,,,True,,,"[""output_length""]",,,2026-08-25T00:50:39.160646+00:00,mimo-v2.5-pro,,,0.00015319999999999998,,length,False,2.4501568459672853,False,0.578986445965711,200,263,13.060388379898544,False,False,,,False,,request_payload_sha256_mismatch,32,12.893151986498346,billed_completion_tokens_over_request_minus_streamed_ttft_proxy,control_after,,,,,12.893151986498346,2.4819377009989694,False,,True,0.0,True,False,0.6125246220035478,orphaned,cd75e1760e80881a4c63f25be56198b08f05844b942e537df255691ad751548b,,a19bd8e3773e1f4159784745773e6fc7a96e9809fb33ed1400acacfd99020e7a,do-close-request-325f285d2d8bd17142d6f5931efd,f84ffca2d7f9374b2346f5533cfa2d6d577885fe8d14b3e1499ea5be36c46b07,a19bd8e3773e1f4159784745773e6fc7a96e9809fb33ed1400acacfd99020e7a,3.0944623230025172,,32,tokens,3884766804b4d1ac805eb34c0542b702a6ba1f1f2af201d7e7855c2e86d3ecc4,,do-hosted-closure-20260825-r1,digitalocean_public_request_v2,True,exact_text,,False,do-close-request-76dd681343fc2f921938d2a57a2c,do-close-cell-f84ffca2d7f9374b2346f5533cfa2d6d577885fe8d14b3e1499ea5be36c46b07,False,263,matched_control_closure,do-hosted-closure-20260825-r1,direct_completion,,2026-08-25T00:50:36.065787+00:00,success,31,reasoning,streamed,2.515475877036806,,,cap-max-tokens-high,False,valid_ordinary,[],True,0.6125246220035478,output_length,request_declared
,0,,True,,240,cache_hit_observed,8b66f3fed616343a7c9d97741208e5a21de115c50305b38370a86796a61968de,,,tool-malformed-invalid_json_schema_type,,,do-close-cell-4513ade23a83a4c25a35dca6e0a4a0ec7b81f50868c0bd641a985287ad9e12e3,1,,,True,,,"[""tool_calling""]",,,2026-08-25T00:50:40.610301+00:00,mimo-v2.5-pro,,,0.0001528,,length,False,1.003191961965058,False,0.4253871649852954,200,262,31.89818221561327,False,False,,,False,,request_payload_sha256_mismatch,32,31.4957787247446,billed_completion_tokens_over_request_minus_streamed_ttft_proxy,control_before,,,,,31.4957787247446,1.0160091699799523,False,,True,0.0,True,False,0.425668737036176,orphaned,408f931e4cbc0b772170c3ccfe71284f0a99c8ee7472fa562f40ff94862ec5b9,,432b1c64fd3e0563c2bd64ad4a23ff7280ab20e1516a2821cc0a934a1260aa48,do-close-request-e1d66c9f48bcc4546ce026c7b4c7,4513ade23a83a4c25a35dca6e0a4a0ec7b81f50868c0bd641a985287ad9e12e3,432b1c64fd3e0563c2bd64ad4a23ff7280ab20e1516a2821cc0a934a1260aa48,1.4416779070161283,,32,tokens,569c77c37c015271502f003ce5dcacfee660ec7f7f0f75bda6ef7f0af09ffa83,,do-hosted-closure-20260825-r1,digitalocean_public_request_v2,True,exact_text,,False,do-close-request-494584c126e1bf4b1c4f2a0363e6,do-close-cell-4513ade23a83a4c25a35dca6e0a4a0ec7b81f50868c0bd641a985287ad9e12e3,False,262,matched_control_closure,do-hosted-closure-20260825-r1,direct_completion,,2026-08-25T00:50:39.168292+00:00,success,31,reasoning,streamed,1.016290742030833,,,cap-tool-malformed-invalid_json_schema_type,False,valid_ordinary,[],True,0.425668737036176,tool_calling,request_declared
,0,,False,,,not_reported_unknown,8b66f3fed616343a7c9d97741208e5a21de115c50305b38370a86796a61968de,,,tool-malformed-invalid_json_schema_type,,inconclusive,do-close-cell-4513ade23a83a4c25a35dca6e0a4a0ec7b81f50868c0bd641a985287ad9e12e3,1,,,True,matched_control_inconclusive,False,"[""tool_calling""]",,,2026-08-25T00:50:41.261088+00:00,mimo-v2.5-pro,,ProviderHTTPError,0.00046280000000000003,,,False,,False,,400,,,False,False,,,False,,request_payload_sha256_mismatch,,,,probe,,,,,,,False,,True,0.0,True,False,,orphaned,408f931e4cbc0b772170c3ccfe71284f0a99c8ee7472fa562f40ff94862ec5b9,,a8839cbd3575902e76c39297cb63e016b2a332535e8c3a4018d717879028d007,do-close-request-494584c126e1bf4b1c4f2a0363e6,4513ade23a83a4c25a35dca6e0a4a0ec7b81f50868c0bd641a985287ad9e12e3,a8839cbd3575902e76c39297cb63e016b2a332535e8c3a4018d717879028d007,0.639352586993482,,64,tokens,,,do-hosted-closure-20260825-r1,digitalocean_public_request_v2,False,transport,,True,do-close-request-494584c126e1bf4b1c4f2a0363e6,do-close-cell-4513ade23a83a4c25a35dca6e0a4a0ec7b81f50868c0bd641a985287ad9e12e3,False,,matched_control_closure,do-hosted-closure-20260825-r1,direct_completion,,2026-08-25T00:50:40.621677+00:00,client_rejection,,,unknown,,,,cap-tool-malformed-invalid_json_schema_type,False,invalid_or_censored,"[""not_streamed_ttft_unobservable""]",False,,tool_calling,request_declared
,0,,True,,256,cache_hit_observed,8b66f3fed616343a7c9d97741208e5a21de115c50305b38370a86796a61968de,,,tool-malformed-invalid_json_schema_type,,,do-close-cell-4513ade23a83a4c25a35dca6e0a4a0ec7b81f50868c0bd641a985287ad9e12e3,1,,,True,,,"[""tool_calling""]",,,2026-08-25T00:50:42.869255+00:00,mimo-v2.5-pro,,,0.0001528,,length,False,0.9745647120289505,False,0.5773127890424803,200,262,32.835172056844804,False,False,,,False,,request_payload_sha256_mismatch,32,32.522966338930644,billed_completion_tokens_over_request_minus_streamed_ttft_proxy,control_after,,,,,32.522966338930644,0.9839200910064392,False,,True,0.0,True,False,0.6177994820172898,orphaned,408f931e4cbc0b772170c3ccfe71284f0a99c8ee7472fa562f40ff94862ec5b9,,75e1f9aad11927ecb33e4078e1cbf09dc82cd10e4fb0e8b116df3ad91e0456cc,do-close-request-509647a0e3a296b9566d8c5aed59,4513ade23a83a4c25a35dca6e0a4a0ec7b81f50868c0bd641a985287ad9e12e3,75e1f9aad11927ecb33e4078e1cbf09dc82cd10e4fb0e8b116df3ad91e0456cc,1.601719573023729,,32,tokens,e250e0e2d6730801a0ea1e556d348d1e97b19ebc7da6934a54806cf4914ce5f3,,do-hosted-closure-20260825-r1,digitalocean_public_request_v2,True,exact_text,,False,do-close-request-494584c126e1bf4b1c4f2a0363e6,do-close-cell-4513ade23a83a4c25a35dca6e0a4a0ec7b81f50868c0bd641a985287ad9e12e3,False,262,matched_control_closure,do-hosted-closure-20260825-r1,direct_completion,,2026-08-25T00:50:41.267173+00:00,success,31,reasoning,streamed,1.0244067839812487,,,cap-tool-malformed-invalid_json_schema_type,False,valid_ordinary,[],True,0.6177994820172898,tool_calling,request_declared
,0,,False,,,not_reported_unknown,8b66f3fed616343a7c9d97741208e5a21de115c50305b38370a86796a61968de,,,realized-output-1024,,accepted,do-close-cell-6e2fbad5dca2dbdc0898f3c6ddd054d7ac659ade5c942f0290381beacdc32caf,1,,,True,accepted,True,"[""output_length""]",,,2026-08-25T00:51:06.226638+00:00,mimo-v2.5-pro,,,0.0018492,,,False,22.62071540299803,False,0.5492987470352091,200,,,False,False,,,False,,request_payload_sha256_mismatch,,,,probe,,,,,,22.75684350798838,False,,True,0.0,True,False,0.590711557015311,orphaned,6e2fbad5dca2dbdc0898f3c6ddd054d7ac659ade5c942f0290381beacdc32caf,,d5fa7d9fe187b9e2b3e6733d8e5d7cf5e689ab52b9a681c214b7529484eec52a,do-close-request-d08b4a69a3eb6ba939d70bcbbb4e,6e2fbad5dca2dbdc0898f3c6ddd054d7ac659ade5c942f0290381beacdc32caf,d5fa7d9fe187b9e2b3e6733d8e5d7cf5e689ab52b9a681c214b7529484eec52a,23.34755506500369,,1024,tokens,99411f7c9fa29585b7894b36be3136c4b5dcc2fc0f0ed317550775e71679013f,,do-hosted-closure-20260825-r1,digitalocean_public_request_v2,False,controlled_words,,True,do-close-request-d08b4a69a3eb6ba939d70bcbbb4e,do-close-cell-6e2fbad5dca2dbdc0898f3c6ddd054d7ac659ade5c942f0290381beacdc32caf,False,,matched_control_closure,do-hosted-closure-20260825-r1,direct_completion,,2026-08-25T00:50:42.878508+00:00,success,751,reasoning,streamed,22.79825631796848,,,realized-output-1024,False,invalid_or_censored,[],True,0.590711557015311,output_length,request_declared
,1,,False,,,not_reported_unknown,8b66f3fed616343a7c9d97741208e5a21de115c50305b38370a86796a61968de,,,realized-output-4096,,accepted,do-close-cell-288a55a7762e2a2678d3e601f213a9dc7b63b10d6fb31458dc84cb16eb01461d,1,,,True,accepted,True,"[""output_length""]",,,2026-08-25T00:51:08.819400+00:00,nvidia-nemotron-3-super-120b,,,0.0028979,,,False,54.40905393095454,False,0.5861191280419007,200,,,False,False,,,False,,request_payload_sha256_mismatch,,,,probe,,,,,,54.58623865095433,False,,True,0.0,True,False,0.5872526740422472,orphaned,288a55a7762e2a2678d3e601f213a9dc7b63b10d6fb31458dc84cb16eb01461d,,d3106dbdd0d2b02d047a55d6ff723ff8867fb3d3714dccabb6dce291bc8c959e,do-close-request-6c86ac2e74fcdaeb8c22d9f646c7,288a55a7762e2a2678d3e601f213a9dc7b63b10d6fb31458dc84cb16eb01461d,d3106dbdd0d2b02d047a55d6ff723ff8867fb3d3714dccabb6dce291bc8c959e,55.173491324996576,,4096,tokens,4cb38e315977d71f9194fdffbf94707715760633c210ca4f6f90c6d8314e24ee,,do-hosted-closure-20260825-r1,digitalocean_public_request_v2,False,controlled_words,,True,do-close-request-6c86ac2e74fcdaeb8c22d9f646c7,do-close-cell-288a55a7762e2a2678d3e601f213a9dc7b63b10d6fb31458dc84cb16eb01461d,False,,matched_control_closure,do-hosted-closure-20260825-r1,direct_completion,,2026-08-25T00:50:13.645417+00:00,success,678,reasoning,streamed,54.587372196954675,,,realized-output-4096,False,invalid_or_censored,[],True,0.5872526740422472,output_length,request_declared
,0,,True,,240,cache_hit_observed,8b66f3fed616343a7c9d97741208e5a21de115c50305b38370a86796a61968de,,,realized-output-256,,accepted,do-close-cell-593dd77e1b9bf17b50aa8d45b6f55680fc09f42e9679eca7d7a451b119fc83c6,1,,,True,accepted,True,"[""output_length""]",,,2026-08-25T00:51:13.101286+00:00,mimo-v2.5-pro,,,0.000496,,length,False,6.4389576080138795,False,0.36580927099566907,200,280,39.75798810686131,False,False,,,False,,request_payload_sha256_mismatch,256,39.51369111784966,billed_completion_tokens_over_request_minus_streamed_ttft_proxy,probe,,,,,39.51369111784966,6.478767049033195,False,,True,0.0,True,False,0.38611957599641755,orphaned,593dd77e1b9bf17b50aa8d45b6f55680fc09f42e9679eca7d7a451b119fc83c6,,c47113c93d1f892ea7b4f3456e63f7641393c2390ec03b0851a73a5c8eda1add,do-close-request-bccbb69d2c302150cd3003a386a6,593dd77e1b9bf17b50aa8d45b6f55680fc09f42e9679eca7d7a451b119fc83c6,c47113c93d1f892ea7b4f3456e63f7641393c2390ec03b0851a73a5c8eda1add,6.864886625029612,,256,tokens,8433f266ef9e16ca12160fa53763ef533ed18cf5d69302b24d789c491f8a3d61,,do-hosted-closure-20260825-r1,digitalocean_public_request_v2,True,controlled_words,,True,do-close-request-bccbb69d2c302150cd3003a386a6,do-close-cell-593dd77e1b9bf17b50aa8d45b6f55680fc09f42e9679eca7d7a451b119fc83c6,False,280,matched_control_closure,do-hosted-closure-20260825-r1,direct_completion,,2026-08-25T00:51:06.236043+00:00,success,255,reasoning,streamed,6.499077354033943,,,realized-output-256,False,valid_ordinary,[],True,0.38611957599641755,output_length,request_declared
,0,,True,,240,cache_hit_observed,8b66f3fed616343a7c9d97741208e5a21de115c50305b38370a86796a61968de,,,realized-output-4096,,accepted,do-close-cell-2a6e34f01f2954e5a4e41cbf66f4ad312b232ac5d9f93799062130705b2589e2,1,,,True,accepted,True,"[""output_length""]",,,2026-08-25T00:53:06.672315+00:00,mimo-v2.5-pro,,,0.0062568,,length,False,112.23377421003534,False,0.6754246500204317,200,282,36.49525313418319,False,False,,,False,,request_payload_sha256_mismatch,4096,36.29048015121294,billed_completion_tokens_over_request_minus_streamed_ttft_proxy,probe,,,,,36.29048015121294,112.86706549301744,False,,True,0.0,True,False,0.6938707130029798,orphaned,2a6e34f01f2954e5a4e41cbf66f4ad312b232ac5d9f93799062130705b2589e2,,f611612e751522b4e4789684b68ac8ad630a8eaac228a41902b96fe986798da0,do-close-request-9332ebc0688094edcf3e0353a289,2a6e34f01f2954e5a4e41cbf66f4ad312b232ac5d9f93799062130705b2589e2,f611612e751522b4e4789684b68ac8ad630a8eaac228a41902b96fe986798da0,113.56093620602041,,4096,tokens,c2510b2d0fed120a8b3583dc414e652547b016f4c7628ad2c2a67d629d9eb534,,do-hosted-closure-20260825-r1,digitalocean_public_request_v2,True,controlled_words,,True,do-close-request-9332ebc0688094edcf3e0353a289,do-close-cell-2a6e34f01f2954e5a4e41cbf66f4ad312b232ac5d9f93799062130705b2589e2,False,282,matched_control_closure,do-hosted-closure-20260825-r1,direct_completion,,2026-08-25T00:51:13.110620+00:00,success,4047,reasoning,streamed,112.88551155599998,,,realized-output-4096,False,valid_ordinary,[],True,0.6938707130029798,output_length,request_declared
